                          MINOTAUR I SMALL FAIRING 450KM CIRCULAR POLAR - PAYLOAD TO ORBIT = 897.0 LBS    



NUMBER OF STAGES:   4

UNITS:   ENGLISH UNITS

AERO DATA:   CL, CD, AND CENTER OF PRESSURE (CP)



FOR LIQUID ROCKET ENGINE OR SOLID ROCKET MOTOR POWERED STAGES AERODYNAMIC DATA IS POWER-ON AERODYNAMIC DATA.
POWER-OFF DELTA-CD INCREMENT IS THEN ADDED FOR COASTING PHASE OF STAGE.

IF STAGE IS UNPOWERED, THEN AERO DATA IS POWER-OFF AERO DATA.  DELTA-CD INCREMENT FOR POWER-OFF IS SET TO ZERO.



ANGLE OF ATTACK TABLE FOR STAGE:   1
     -15.00000     -5.00000      0.00000      5.00000     15.00000

MACH TABLE FOR STAGE:   1
       0.00000      0.10000      0.25000      0.50000      0.90000      0.95000      1.05000      1.25000      1.50000      2.00000
       3.00000      4.00000      5.00000      7.50000     10.00000

LIFT COEF DATA FOR STAGE:   1
      -0.83734     -0.20090      0.00000      0.20090      0.83734
      -0.85646     -0.20480      0.00000      0.20480      0.85646
      -0.87309     -0.20680      0.00000      0.20680      0.87309
      -0.89738     -0.20850      0.00000      0.20850      0.89738
      -0.94584     -0.20790      0.00000      0.20790      0.94584
      -0.97749     -0.20860      0.00000      0.20860      0.97749
      -1.12998     -0.21830      0.00000      0.21830      1.12998
      -1.37120     -0.27550      0.00000      0.27550      1.37120
      -1.53058     -0.30730      0.00000      0.30730      1.53058
      -1.77053     -0.32190      0.00000      0.32190      1.77053
      -1.83805     -0.32170      0.00000      0.32170      1.83805
      -1.65182     -0.31240      0.00000      0.31240      1.65182
      -1.57053     -0.32230      0.00000      0.32230      1.57053
      -1.52576     -0.34630      0.00000      0.34630      1.52576
      -1.51925     -0.33840      0.00000      0.33840      1.51925

DRAG COEF DATA FOR STAGE:   1
       0.47594      0.26150      0.24300      0.26150      0.47594
       0.43551      0.21770      0.19900      0.21770      0.43551
       0.42754      0.20580      0.18700      0.20580      0.42754
       0.42577      0.19790      0.17900      0.19790      0.42577
       0.45739      0.21950      0.19700      0.21950      0.45739
       0.49382      0.24310      0.22400      0.24310      0.49382
       0.58541      0.29310      0.27300      0.29310      0.58541
       1.14180      0.77500      0.74800      0.77500      1.14180
       1.12653      0.72150      0.69200      0.72150      1.12653
       1.12353      0.65760      0.62700      0.65760      1.12353
       1.06087      0.57920      0.54900      0.57920      1.06087
       0.95610      0.52520      0.49600      0.52520      0.95610
       0.90016      0.49300      0.46300      0.49300      0.90016
       0.85089      0.45890      0.42700      0.45890      0.85089
       0.84811      0.45720      0.42600      0.45720      0.84811

CENTER OF PRESSURE DATA (IN) FOR STAGE:   1
     460.00000    460.00000    460.00000    460.00000    460.00000
     460.00000    460.00000    460.00000    460.00000    460.00000
     460.00000    460.00000    460.00000    460.00000    460.00000
     460.00000    460.00000    460.00000    460.00000    460.00000
     460.00000    460.00000    460.00000    460.00000    460.00000
     470.00000    470.00000    470.00000    470.00000    470.00000
     480.00000    480.00000    480.00000    480.00000    480.00000
     475.00000    475.00000    475.00000    475.00000    475.00000
     470.00000    470.00000    470.00000    470.00000    470.00000
     465.00000    465.00000    465.00000    465.00000    465.00000
     460.00000    460.00000    460.00000    460.00000    460.00000
     455.00000    455.00000    455.00000    455.00000    455.00000
     450.00000    450.00000    450.00000    450.00000    450.00000
     445.00000    445.00000    445.00000    445.00000    445.00000
     440.00000    440.00000    440.00000    440.00000    440.00000

MACH TABLE FOR POWER-OFF DELTA DRAG COEF DATA FOR STAGE:   1
       0.00000      0.10000      0.25000      0.50000      0.90000      0.95000      1.05000      1.25000      1.50000      2.00000
       3.00000      4.00000      5.00000      7.50000     10.00000

POWER-OFF DELTA DRAG COEF DATA FOR STAGE:   1
       0.05000      0.05000      0.05000      0.05000      0.05000      0.05000      0.05000      0.05000      0.05000      0.05000
       0.05000      0.05000      0.05000      0.05000      0.05000

POSITIVE POWER-OFF DELTA DRAG COEF MEANS POWER-OFF CD HIGHER THAN POWER-ON CD.

WEIGHT TABLE IN LBS FOR X-CG AND PITCH INERTIA FOR STAGE:   1
         0.000        0.000

X-CG DATA IN INCHES FOR STAGE:   1
         0.000        0.000

PITCH INERTIA DATA IN SLUG-FT^2 FOR STAGE:   1
         0.000        0.000

THRUST VECTOR SYSTEM (TVS) DATA FOR THRUST VECTOR ANGLE (TVA) FOR STAGE:   1
     
      TVS-X-STA    TVS-%THRUST   MAX-TVA
        (IN)         (N.D.)       (DEG)
         0.000        0.000        0.000



ANGLE OF ATTACK TABLE FOR STAGE:   2
     -15.00000     -5.00000      0.00000      5.00000     15.00000

MACH TABLE FOR STAGE:   2
       3.00000      4.00000      5.00000      7.50000     10.00000     15.00000     20.00000

LIFT COEF DATA FOR STAGE:   2
      -1.05470     -0.17550      0.00000      0.17550      1.05470
      -0.98360     -0.18490      0.00000      0.18490      0.98360
      -0.95210     -0.19700      0.00000      0.19700      0.95210
      -0.94150     -0.21810      0.00000      0.21810      0.94150
      -0.94850     -0.21810      0.00000      0.21810      0.94850
      -0.96890     -0.21526      0.00000      0.21526      0.96890
      -0.98500     -0.21800      0.00000      0.21800      0.98500

DRAG COEF DATA FOR STAGE:   2
       0.82404      0.54036      0.52300      0.54036      0.82404
       0.76463      0.50200      0.48400      0.50200      0.76463
       0.73136      0.47900      0.46000      0.47900      0.73136
       0.71298      0.45570      0.43500      0.45570      0.71298
       0.71795      0.45570      0.43500      0.45570      0.71795
       0.71514      0.44240      0.42200      0.44240      0.71514
       0.71323      0.43370      0.41300      0.43370      0.71323

CENTER OF PRESSURE DATA (IN) FOR STAGE:   2
     300.00000    300.00000    300.00000    300.00000    300.00000
     290.00000    290.00000    290.00000    290.00000    290.00000
     280.00000    280.00000    280.00000    280.00000    280.00000
     270.00000    270.00000    270.00000    270.00000    270.00000
     260.00000    260.00000    260.00000    260.00000    260.00000
     250.00000    250.00000    250.00000    250.00000    250.00000
     240.00000    240.00000    240.00000    240.00000    240.00000

MACH TABLE FOR POWER-OFF DELTA DRAG COEF DATA FOR STAGE:   2
       3.00000      4.00000      5.00000      7.50000     10.00000     15.00000     20.00000

POWER-OFF DELTA DRAG COEF DATA FOR STAGE:   2
       0.05000      0.05000      0.05000      0.05000      0.05000      0.05000      0.05000

POSITIVE POWER-OFF DELTA DRAG COEF MEANS POWER-OFF CD HIGHER THAN POWER-ON CD.

WEIGHT TABLE IN LBS FOR X-CG AND PITCH INERTIA FOR STAGE:   2
         0.000        0.000

X-CG DATA IN INCHES FOR STAGE:   2
         0.000        0.000

PITCH INERTIA DATA IN SLUG-FT^2 FOR STAGE:   2
         0.000        0.000

THRUST VECTOR SYSTEM (TVS) DATA FOR THRUST VECTOR ANGLE (TVA) FOR STAGE:   2
     
      TVS-X-STA    TVS-%THRUST   MAX-TVA
        (IN)         (N.D.)       (DEG)
         0.000        0.000        0.000



ANGLE OF ATTACK TABLE FOR STAGE:   3
     -15.00000      0.00000     15.00000

MACH TABLE FOR STAGE:   3
       5.00000      7.50000     10.00000     15.00000     20.00000     25.00000     30.00000

LIFT COEF DATA FOR STAGE:   3
       0.00000      0.00000      0.00000
       0.00000      0.00000      0.00000
       0.00000      0.00000      0.00000
       0.00000      0.00000      0.00000
       0.00000      0.00000      0.00000
       0.00000      0.00000      0.00000
       0.00000      0.00000      0.00000

DRAG COEF DATA FOR STAGE:   3
       0.00000      0.00000      0.00000
       0.00000      0.00000      0.00000
       0.00000      0.00000      0.00000
       0.00000      0.00000      0.00000
       0.00000      0.00000      0.00000
       0.00000      0.00000      0.00000
       0.00000      0.00000      0.00000

CENTER OF PRESSURE DATA (IN) FOR STAGE:   3
       0.00000      0.00000      0.00000
       0.00000      0.00000      0.00000
       0.00000      0.00000      0.00000
       0.00000      0.00000      0.00000
       0.00000      0.00000      0.00000
       0.00000      0.00000      0.00000
       0.00000      0.00000      0.00000

MACH TABLE FOR POWER-OFF DELTA DRAG COEF DATA FOR STAGE:   3
       5.00000      7.50000     10.00000     15.00000     20.00000     25.00000     30.00000

POWER-OFF DELTA DRAG COEF DATA FOR STAGE:   3
       0.00000      0.00000      0.00000      0.00000      0.00000      0.00000      0.00000

POSITIVE POWER-OFF DELTA DRAG COEF MEANS POWER-OFF CD HIGHER THAN POWER-ON CD.

WEIGHT TABLE IN LBS FOR X-CG AND PITCH INERTIA FOR STAGE:   3
         0.000        0.000

X-CG DATA IN INCHES FOR STAGE:   3
         0.000        0.000

PITCH INERTIA DATA IN SLUG-FT^2 FOR STAGE:   3
         0.000        0.000

THRUST VECTOR SYSTEM (TVS) DATA FOR THRUST VECTOR ANGLE (TVA) FOR STAGE:   3
     
      TVS-X-STA    TVS-%THRUST   MAX-TVA
        (IN)         (N.D.)       (DEG)
         0.000        0.000        0.000



ANGLE OF ATTACK TABLE FOR STAGE:   4
     -15.00000      0.00000     15.00000

MACH TABLE FOR STAGE:   4
       5.00000      7.50000     10.00000     15.00000     20.00000     25.00000     35.00000

LIFT COEF DATA FOR STAGE:   4
       0.00000      0.00000      0.00000
       0.00000      0.00000      0.00000
       0.00000      0.00000      0.00000
       0.00000      0.00000      0.00000
       0.00000      0.00000      0.00000
       0.00000      0.00000      0.00000
       0.00000      0.00000      0.00000

DRAG COEF DATA FOR STAGE:   4
       0.00000      0.00000      0.00000
       0.00000      0.00000      0.00000
       0.00000      0.00000      0.00000
       0.00000      0.00000      0.00000
       0.00000      0.00000      0.00000
       0.00000      0.00000      0.00000
       0.00000      0.00000      0.00000

CENTER OF PRESSURE DATA (IN) FOR STAGE:   4
       0.00000      0.00000      0.00000
       0.00000      0.00000      0.00000
       0.00000      0.00000      0.00000
       0.00000      0.00000      0.00000
       0.00000      0.00000      0.00000
       0.00000      0.00000      0.00000
       0.00000      0.00000      0.00000

MACH TABLE FOR POWER-OFF DELTA DRAG COEF DATA FOR STAGE:   4
       5.00000      7.50000     10.00000     15.00000     20.00000     25.00000     35.00000

POWER-OFF DELTA DRAG COEF DATA FOR STAGE:   4
       0.00000      0.00000      0.00000      0.00000      0.00000      0.00000      0.00000

POSITIVE POWER-OFF DELTA DRAG COEF MEANS POWER-OFF CD HIGHER THAN POWER-ON CD.

WEIGHT TABLE IN LBS FOR X-CG AND PITCH INERTIA FOR STAGE:   4
         0.000        0.000

X-CG DATA IN INCHES FOR STAGE:   4
         0.000        0.000

PITCH INERTIA DATA IN SLUG-FT^2 FOR STAGE:   4
         0.000        0.000

THRUST VECTOR SYSTEM (TVS) DATA FOR THRUST VECTOR ANGLE (TVA) FOR STAGE:   4
     
      TVS-X-STA    TVS-%THRUST   MAX-TVA
        (IN)         (N.D.)       (DEG)
         0.000        0.000        0.000


REFERENCE DATA FOR STAGE:   1

     START-TIME    REF-AREA    INITIAL-WT   BURNOUT-WT  THRUST-LOGIC
       (SEC)        (SQFT)       (LBS)        (LBS)       (N.D.)
        0.0000      23.3997   79850.0000   34020.0000       2

     BURN-TIME     EXIT-AREA    REF-PA     NEG-THRUST
       (SEC)        (SQFT)       (PSI)       (N.D.)
       61.3800      12.2431      14.6900       0


REFERENCE DATA FOR STAGE:   2

     START-TIME    REF-AREA    INITIAL-WT   BURNOUT-WT  THRUST-LOGIC
       (SEC)        (SQFT)       (LBS)        (LBS)       (N.D.)
       61.3900      21.8264   28965.0000   15212.0000       2

     BURN-TIME     EXIT-AREA    REF-PA     NEG-THRUST
       (SEC)        (SQFT)       (PSI)       (N.D.)
       64.4000       5.0688      14.6900       0


REFERENCE DATA FOR STAGE:   3

     START-TIME    REF-AREA    INITIAL-WT   BURNOUT-WT  THRUST-LOGIC
       (SEC)        (SQFT)       (LBS)        (LBS)       (N.D.)
      125.8000      14.7480   13409.0000    4776.0000       2

     BURN-TIME     EXIT-AREA    REF-PA     NEG-THRUST
       (SEC)        (SQFT)       (PSI)       (N.D.)
       74.5000       6.2680       0.0000       0


REFERENCE DATA FOR STAGE:   4

     START-TIME    REF-AREA    INITIAL-WT   BURNOUT-WT  THRUST-LOGIC
       (SEC)        (SQFT)       (LBS)        (LBS)       (N.D.)
      510.0000      14.7480    3004.0000    1305.0000       2

     BURN-TIME     EXIT-AREA    REF-PA     NEG-THRUST
       (SEC)        (SQFT)       (PSI)       (N.D.)
       67.3000       2.3371       0.0000       0



THRUST CURVE TIME HISTORY:

TIME (SEC):

         0.000        0.710        5.400       15.940       31.760       47.590       52.860       57.280       61.380       61.390
        66.990       72.070       77.140       87.300       97.460      112.690      124.400      125.790      125.800      140.800
       155.800      160.800      165.800      180.800      191.590      195.800      200.300      510.000      510.010      513.100
       525.000      533.000      540.000      567.000      568.600      574.800      577.300      578.000

THRUST (LBS):

    102186.703   199786.703   198788.406   203779.797   200170.594   201860.000   200093.906    45822.801        0.000    42654.102
     51364.602    55211.301    56928.000    56355.699    50379.102    44211.801    30446.600        0.000    22250.000    37105.000
     42949.000    43846.000    42949.000    37632.000    28590.000     2308.000        0.000        0.000     5213.000     6133.300
      7783.000     7783.000     8255.500     8255.500     6000.000     4000.000        0.000        0.000



REFERENCE NOSE RADIUS FOR STAGNATION HEATING COMPUTATIONS:   5.90000 FEET



ANGLE OF ATTACK AND BANK ANGLE (ROLL ANGLE) COMMAND TIME HISTORIES:

TIME (SEC):

       0.00000      2.00000      3.00000      4.00000      8.00000     10.00000     11.00000     12.00000     13.00000     14.00000
      15.00000     23.00000     30.00000     57.00000    144.00000    192.00000    578.00000

ANGLE OF ATTACK (DEG):

       0.00000      0.00000     -3.30000     -7.00000     -7.00000     -6.00000     -4.00000      0.00000      0.60000      0.70000
       0.70000      0.50000      0.40000      0.19100      0.10000      0.06000      0.06000

BANK ANGLE (ROLL ANGLE) (DEG):

       0.00000      0.00000      0.00000      0.00000      0.00000      0.00000      0.00000      0.00000      0.00000      0.00000
       0.00000      0.00000      0.00000      0.00000      0.00000      0.00000      0.00000



LIST OF PARAMETERS TO BE WRITTEN TO EXCEL .CSV FILE ARE:

   1  ELAPSE TIME          10  BANK (ROLL) ANGLE      17  DRAG COEFFICIENT      24  GROSS WEIGHT           31  LONGITUDE
   2  RELATIVE VELOCITY    11  RELATIVE HEADING       18  NORMAL FORCE COEF     25  CENTER OF GRAVITY      32  RANGE
   3  INERTIAL VELOCITY    12  NORMAL ACCELERATION    19  AXIAL FORCE COEF      26  PITCH INERTIA          33  PITCH RATE
   4  MACH NUMBER          13  LONG ACCELERATION      20  CENTER OF PRESSURE    27  THRUST VECTOR ANGLE    34  ROLL RATE
   5  ALTITUDE             14  QBAR x ALPHA           21  LIFT-TO-DRAG RATIO    28  THRUST VECTOR FLAG     35  STAGNATION TEMP
   6  DYNAMIC PRESSURE     15  ALTITUDE RATE          22  THRUST                29  TIME-TO-DOUBLE AMPL    36  STAG TOTAL HEAT LOAD
   7  FLIGHTPATH ANGLE     16  LIFT COEFFICIENT       23  ISP                   30  GEODETIC LATITUDE      37  LOSS OF SIGNAL FLAG
   8  PITCH ANGLE
   9  ANGLE OF ATTACK



        FRAME-TIME   RUN-TIME   PRINT-TIME  VERTICAL-LAUNCH
          (SEC)       (SEC)       (SEC)       (N.D.)
           0.010     578.000       1.000        1



        VERTICAL LAUNCH MODE.  LAUNCHED VERTICALLY FROM LAUNCH PAD.
        3-DOF ROTATING OBLATE EARTH EQUATIONS OF MOTION.
        BANK ANGLE (ROLL ANGLE) IS ZERO UNTIL PITCH ATTITUDE IS LESS THAN 60 DEG.


        TIME    GEOC-LAT   GEOD-LAT    LONG        INERTL-VEL  INERTL-HDG   GEOD-HDOT   ALTITUDE     RADIUS       REL-VEL    REL-HDG
         (SEC)   (DEG)      (DEG)       (DEG)       (FPS)       (DEG)        (FPS)       (FEET)       (FEET)       (FPS)      (DEG)
        TIME    DENSITY    QBAR        TEMP        MACH        CL           CD          CN           CA           CP         L/D
         (SEC)  (SLUG/CUFT) (PSF)       (DEG-K)     (N.D.)      (N.D.)       (N.D.)      (N.D.)       (N.D.)       (INCHES)   (N.D.)
        TIME    EULER-HDG  GEOC-GAMMA  THETA-CMD   EULER-PITCH ALPHA-CMD    ALPHA       BANK-CMD     EULER-ROLL   SIDESLIP
         (SEC)   (DEG)      (DEG)       (DEG)       (DEG)       (DEG)        (DEG)       (DEG)        (DEG)        (DEG)
        TIME    XBODY-VEL  YBODY-VEL   ZBODY-VEL   NORTH-VEL   EAST-VEL     VERT-VEL    PITCH-RATE   ROLL-RATE    YAW-RATE
         (SEC)   (FPS)      (FPS)       (FPS)       (FPS)       (FPS)        (FPS)       (DEG/SEC)    (DEG/SEC)    (DEG/SEC)
        TIME    RANGE      TRUE-AIRSPD GEOC-HDOT   QBARxALPHA  NORMAL-ACCEL LONG-ACCEL
         (SEC)   (NM)       (FPS)       (FPS)       (PSF-DEG)   (G)          (G)
        TIME    THRUST     WEIGHT      CHAM-PRESS  PE/PC-RATIO ISP
         (SEC)   (LBS)      (LBS)       (PSI)       (N.D.)      (SEC)
        TIME    TVA        CG          IYY         T2          TM-LOS
         (SEC)   (DEG)      (IN)        (SLUG-FT^2) (SEC)       (N.D.)
        TIME    STAG-TEMP  STAG-HTRATE TOTAL-HEAT
         (SEC)   (DEG-F) (BTU/SQFT-SEC) (BTU/SQFT)
        0.000      34.397      34.576    -120.632    1257.784      90.000       0.000       385.0  20903658.0       0.000     180.000
        0.000 0.002350258       0.000     287.387       0.000     0.00000     0.24300     0.00000     0.24300   460.00000       0.000
        0.000     180.000      90.000      90.000      90.000       0.000       0.000       0.000       0.000       0.000
        0.000       0.000       0.000       0.000       0.000       0.000       0.000       0.000       0.000       0.000
        0.000       0.000       0.000       0.000       0.000       0.000       1.284
        0.000  102534.539   79850.000       0.000       0.000     246.056
        0.000       0.000       0.000       0.000       0.000       1.000
        0.000       0.000       1.000       0.000
        1.010      34.397      34.576    -120.632    1258.273      90.005      35.114       398.7  20903672.0      35.115     180.989
        1.010 0.002349313       1.448     287.360       0.031     0.00702     0.22998     0.00772     0.22996   460.00000       0.031
        1.010     180.000      89.826      90.000      90.000    9999.990       0.173       0.000       0.000       0.003
        1.010      35.115       0.002       0.106      -0.106      -0.002     -35.115       0.000       0.000       0.000
        1.010       0.000      35.115      35.115       0.251       0.000       2.527
        1.010  200085.172   79170.453       0.000       0.000     245.663
        1.010       0.000       0.000       0.000       0.000       1.000
        1.010       0.000       1.000       0.000
        2.010      34.397      34.576    -120.632    1260.626      90.010      84.667       458.3  20903732.0      84.668     182.451
        2.010 0.002345212       8.406     287.242       0.076     0.00583     0.21031     0.00635     0.21029   460.00000       0.028
        2.010     180.000      89.859    9999.990      89.824      -0.033      -0.033       0.000       0.000       0.006
        2.010      84.668       0.009      -0.049      -0.211      -0.009     -84.668     -17.592       0.000       0.000
        2.010       1.188      84.668      84.668       0.278       0.000       2.551
        2.010  199926.922   78356.406       0.000       0.000     245.731
        2.010       0.000       0.000       0.000       0.000       0.000
        2.010       0.000       1.000       0.000
        3.010      34.397      34.576    -120.632    1264.982      90.166     134.898       567.8  20903842.0     134.958     180.517
        3.010 0.002337688      21.289     287.025       0.121    -0.13436     0.20961    -0.14612     0.20159   460.00000      -0.641
        3.010     180.517      88.456    9999.990      85.143      -3.337      -3.313       0.000       0.000      -0.000
        3.010     134.733      -0.000      -7.799      -3.636      -0.033    -134.909      -6.109       0.000       0.000
        3.010       0.000     134.958     134.909      70.524      -0.001       2.576
        3.010  199814.547   77543.219       0.000       0.000     245.855
        3.010       0.000       0.000       0.000       0.000       1.000
        3.010       0.000       1.000       0.000
        4.010      34.397      34.576    -120.632    1271.274      90.713     185.082       727.6  20904002.0     185.792     180.659
        4.010 0.002326738      40.158     286.708       0.167    -0.33467     0.25546    -0.36316     0.21303   460.00000      -1.310
        4.010     180.659      85.166    9999.990      78.207      -7.000      -6.960       0.000       0.000       0.000
        4.010     184.423       0.000     -22.513     -15.654      -0.180    -185.132      -4.016       0.000       0.000
        4.010       0.000     185.792     185.132     279.488      -0.004       2.601
        4.010  199747.984   76730.898       0.000       0.000     246.036
        4.010       0.000       0.000       0.000       0.000       1.000
        4.010       0.000       1.000       0.000
        5.000      34.397      34.576    -120.632    1279.477      91.625     234.014       934.9  20904208.0     236.828     180.721
        5.000 0.002312592      64.854     286.298       0.213    -0.33635     0.25212    -0.36443     0.20948   460.00000      -1.334
        5.000     180.721      81.337    9999.990      74.374      -7.000      -6.963       0.000       0.000       0.000
        5.000     235.082       0.000     -28.709     -35.671      -0.449    -234.126      -3.727       0.000       0.000
        5.000       0.000     236.828     234.126     451.562      -0.007       2.626
        5.000  199726.172   75927.570       0.000       0.000     246.270
        5.000       0.000       0.000       0.000       0.000       1.000
        5.000       0.000       1.000       0.000
        6.000      34.397      34.576    -120.632    1289.937      92.801     282.773      1193.3  20904468.0     289.573     180.763
        6.000 0.002295054      96.223     285.786       0.260    -0.33798     0.24911    -0.36569     0.20628   460.00000      -1.357
        6.000     180.763      77.737    9999.990      70.772      -7.000      -6.965       0.000       0.000      -0.000
        6.000     287.436      -0.000     -35.115     -61.501      -0.819    -282.966      -3.489       0.000       0.000
        6.000       1.188     289.573     282.966     670.206      -0.011       2.658
        6.000  200152.281   75116.617       0.000       0.000     246.557
        6.000       0.000       0.000       0.000       0.000       1.000
        6.000       0.000       1.000       0.000
        7.000      34.396      34.576    -120.632    1302.761      94.221     330.818      1499.8  20904774.0     343.857     180.798
        7.000 0.002274381     134.458     285.179       0.310    -0.33932     0.24784    -0.36687     0.20485   460.00000      -1.369
        7.000     180.798      74.350    9999.990      67.383      -7.000      -6.967       0.000       0.000       0.000
        7.000     341.318       0.001     -41.709     -92.749      -1.293    -331.109      -3.294       0.000       0.000
        7.000       0.000     343.857     331.109     936.783      -0.015       2.695
        7.000  200901.188   74303.820       0.000       0.000     246.892
        7.000       0.000       0.000       0.000       0.000       1.000
        7.000       0.000       1.000       0.000
        8.000      34.396      34.576    -120.632    1318.113      95.873     377.952      1854.0  20905128.0     399.813     180.828
        8.000 0.002250666     179.885     284.477       0.360    -0.34068     0.24651    -0.36807     0.20336   460.00000      -1.382
        8.000     180.828      71.144    9999.990      64.176      -7.000      -6.969       0.000       0.000       0.000
        8.000     396.859       0.000     -48.508    -129.201      -1.867    -378.357      -3.122       0.000       0.000
        8.000       0.000     399.813     378.357    1253.563      -0.021       2.733
        8.000  201689.938   73489.148       0.000       0.000     247.274
        8.000       0.000       0.000       0.000       0.000       1.000
        8.000       0.000       1.000       0.000
        9.000      34.396      34.575    -120.632    1336.172      97.724     424.192      2255.0  20905530.0     457.591     180.853
        9.000 0.002224044     232.846     283.683       0.413    -0.30843     0.23399    -0.33286     0.19770   460.00000      -1.318
        9.000     180.853      68.152    9999.990      61.681      -6.500      -6.471       0.000       0.000      -0.000
        9.000     454.676      -0.000     -51.573    -170.271      -2.534    -424.725      -2.369       0.000       0.000
        9.000       1.680     457.591     424.725    1506.816      -0.025       2.772
        9.000  202516.469   72672.492       0.000       0.000     247.701
        9.000       0.000       0.000       0.000       0.000       1.000
        9.000       0.000       1.000       0.000

        TRANSITION TO CONVENTIONAL FLIGHT MODE.
        3-DOF ROTATING OBLATE EARTH EQUATIONS OF MOTION.
        IF BANK ANGLE (ROLL ANGLE) IS PRESENT, ALL TURNS COORDINATED SO THAT YAW ANGLE IS ZERO.

       10.000      34.395      34.575    -120.632    1357.121      99.736     469.713      2701.7  20905978.0     517.322     180.875
       10.000 0.002194666     293.670     282.798       0.468    -0.27540     0.22116    -0.29694     0.19127   460.00000      -1.245
       10.000     180.875      65.405    9999.990      59.432      -6.000      -5.973       0.000       0.000       0.000
       10.000     514.513       0.001     -53.836    -215.281      -3.289    -470.388      -2.117      -0.017       0.008
       10.000       1.188     517.322     470.388    1754.207      -0.028       2.812
       10.000  203378.438   71853.953       0.000       0.000     248.169
       10.000       0.000       0.000       0.000       0.000       1.000
       10.000       0.000       1.000       0.000
       11.000      34.395      34.574    -120.632    1381.181     101.834     515.336      3193.9  20906470.0     579.195     180.896
       11.000 0.002162642     362.747     281.823       0.525    -0.16669     0.19537    -0.17991     0.18327   460.00000      -0.853
       11.000     180.896      63.020    9999.990      59.042      -3.999      -3.978       0.000       0.000       0.000
       11.000     577.800       0.000     -40.179    -262.734      -4.109    -516.159      -0.125      -0.021       0.007
       11.000       1.188     579.195     516.159    1442.954      -0.021       2.854
       11.000  204274.031   71033.453       0.000       0.000     248.676
       11.000       0.000       0.000       0.000       0.000       1.000
       11.000       0.000       1.000       0.000
       12.000      34.394      34.573    -120.632    1408.542     103.864     563.039      3732.7  20907010.0     643.254     180.915
       12.000 0.002127996     440.257     280.756       0.584    -0.00106     0.18284    -0.00114     0.18284   460.00000      -0.006
       12.000     180.915      61.259    9999.990      61.273       0.000       0.014       0.000       0.000       0.000
       12.000     643.254       0.000       0.157    -309.267      -4.938    -564.008       2.544      -0.016       0.006
       12.000       2.057     643.254     564.008       6.157      -0.000       2.896
       12.000  205202.531   70211.031       0.000       0.000     249.220
       12.000       0.000       0.000       0.000       0.000       1.000
       12.000       0.000       1.000       0.000
       13.000      34.393      34.572    -120.632    1439.145     105.823     612.825      4320.2  20907598.0     709.166     180.933
       13.000 0.002090703     525.724     279.593       0.645     0.02526     0.18794     0.02724     0.18766   460.00000       0.134
       13.000     180.933      59.965    9999.990      60.577       0.600       0.612       0.000       0.000       0.000
       13.000     709.125       0.001       7.576    -354.913      -5.780    -613.937      -0.624      -0.015       0.005
       13.000       1.188     709.165     613.937     321.816       0.005       2.938
       13.000  206163.891   69386.680       0.000       0.000     249.802
       13.000       0.000       0.000       0.000       0.000       1.000
       13.000       0.000       1.000       0.000
       14.000      34.392      34.571    -120.632    1472.925     107.825     663.149      4957.9  20908238.0     776.792     180.950
       14.000 0.002050790     618.729     278.330       0.708     0.02958     0.19128     0.03195     0.19090   460.00000       0.155
       14.000     180.950      58.796    9999.990      59.507       0.700       0.711       0.000       0.000       0.000
       14.000     776.732       0.001       9.643    -402.394      -6.676    -664.410      -1.033      -0.013       0.005
       14.000       0.000     776.792     664.410     440.104       0.007       2.981
       14.000  207157.266   68560.383       0.000       0.000     250.420
       14.000       0.000       0.000       0.000       0.000       1.000
       14.000       0.000       1.000       0.000
       15.000      34.391      34.570    -120.632    1509.907     109.876     713.791      5646.2  20908926.0     846.156     180.967
       15.000 0.002008376     718.978     276.967       0.773     0.02958     0.19429     0.03199     0.19391   460.00000       0.152
       15.000     180.967      57.698    9999.990      58.409       0.700       0.711       0.000       0.000       0.000
       15.000     846.091       0.001      10.495    -452.105      -7.633    -715.208      -1.071      -0.012       0.005
       15.000       1.680     846.156     715.208     510.962       0.008       3.025
       15.000  208180.656   67732.188       0.000       0.000     251.071
       15.000       0.000       0.000       0.000       0.000       1.000
       15.000       0.000       1.000       0.000
       16.000      34.389      34.569    -120.632    1550.107     111.970     764.714      6385.1  20909668.0     917.279     180.984
       16.000 0.001963595     826.086     275.504       0.840     0.02851     0.19729     0.03087     0.19694   460.00000       0.145
       16.000     180.984      56.657    9999.990      57.342       0.675       0.685       0.000       0.000       0.000
       16.000     917.214       0.001      10.969    -504.104      -8.656    -766.294      -1.041      -0.015       0.005
       16.000       0.000     917.279     766.294     565.996       0.009       3.070
       16.000  209196.547   66902.016       0.000       0.000     251.753
       16.000       0.000       0.000       0.000       0.000       1.000
       16.000       0.000       1.000       0.000
       17.000      34.388      34.568    -120.632    1593.411     114.091     815.763      7175.2  20910458.0     989.994     181.000
       17.000 0.001916570     939.205     273.939       0.909     0.02746     0.20461     0.02981     0.20428   461.74936       0.134
       17.000     181.000      55.667    9999.990      56.327       0.650       0.660       0.000       0.000       0.000
       17.000     989.929       0.001      11.398    -558.273      -9.741    -817.512      -0.993      -0.011       0.004
       17.000       0.000     989.994     817.512     619.568       0.010       3.104
       17.000  209571.672   66071.500       0.000       0.000     252.487
       17.000       0.000       0.000       0.000       0.000       1.000
       17.000       0.000       1.000       0.000
       18.000      34.386      34.566    -120.632    1639.543     116.218     866.628      8016.0  20911302.0    1063.921     181.015
       18.000 0.001867487    1056.930     272.275       0.980     0.02684     0.24098     0.02950     0.24067   472.96259       0.111
       18.000     181.015      54.723    9999.990      55.357       0.625       0.634       0.000       0.000       0.000
       18.000    1063.855       0.001      11.777    -614.350     -10.888    -868.552      -0.949      -0.014       0.007
       18.000       0.000    1063.921     868.552     670.342       0.011       3.127
       18.000  209969.531   65241.906       0.000       0.000     253.251
       18.000       0.000       0.000       0.000       0.000       1.000
       18.000       0.000       1.000       0.000
       19.000      34.385      34.564    -120.632    1688.299     118.337     917.164      8907.8  20912196.0    1138.863     181.031
       19.000 0.001816510    1178.014     270.509       1.053     0.02667     0.28041     0.02964     0.28011   479.94791       0.095
       19.000     181.030      53.822    9999.990      54.430       0.600       0.609       0.000       0.000       0.000
       19.000    1138.799       0.001      12.101    -672.165     -12.091    -919.270      -0.909      -0.014       0.003
       19.000       2.057    1138.863     919.270     717.204       0.013       3.146
       19.000  210387.562   64413.270       0.000       0.000     254.040
       19.000       0.000       0.000       0.000       0.000       1.000
       19.000     105.712       0.010       0.095
       20.000      34.383      34.562    -120.632    1738.776     120.413     966.453      9849.4  20913140.0    1213.642     181.046
       20.000 0.001763863    1299.020     268.646       1.126     0.02799     0.45402     0.03262     0.45371   478.12244       0.062
       20.000     181.045      52.960    9999.990      53.543       0.575       0.583       0.000       0.000       0.000
       20.000    1213.579       0.001      12.358    -730.949     -13.339    -968.743      -0.871      -0.012       0.005
       20.000       1.188    1213.642     968.743     757.907       0.016       3.099
       20.000  210822.375   63585.574       0.000       0.000     254.851
       20.000       0.000       0.000       0.000       0.000       1.000
       20.000     144.062       0.023       0.111
       21.000      34.381      34.560    -120.632    1789.868     122.411    1013.484     10839.4  20914132.0    1286.932     181.060
       21.000 0.001709684    1415.783     266.686       1.198     0.02909     0.62607     0.03519     0.62575   476.31311       0.046
       21.000     181.060      52.133    9999.990      52.692       0.550       0.558       0.000       0.000       0.000
       21.000    1286.870       0.001      12.536    -789.816     -14.613   -1015.958      -0.838      -0.011       0.005
       21.000       0.000    1286.932    1015.958     790.172       0.019       3.036
       21.000  211271.422   62758.816       0.000       0.000     255.682
       21.000       0.000       0.000       0.000       0.000       1.000
       21.000     156.013       0.027       0.136
       22.000      34.378      34.558    -120.632    1841.099     124.320    1058.045     11875.1  20915170.0    1358.393     181.074
       22.000 0.001654362    1526.341     264.636       1.270     0.02963     0.74666     0.03657     0.74636   474.62195       0.040
       22.000     181.074      51.339    9999.990      51.871       0.525       0.533       0.000       0.000       0.000
       22.000    1358.334       0.001      12.632    -848.463     -15.908   -1060.702      -0.809      -0.011       0.005
       22.000       0.000    1358.393    1060.702     813.261       0.021       2.989
       22.000  211729.594   61932.957       0.000       0.000     256.525
       22.000       0.000       0.000       0.000       0.000       1.000
       22.000     160.058       0.029       0.165
       23.000      34.376      34.555    -120.632    1893.806     126.182    1101.791     12954.8  20916252.0    1430.106     181.088
       23.000 0.001598175    1634.297     262.500       1.342     0.02916     0.73038     0.03563     0.73009   473.17322       0.040
       23.000     181.088      50.571    9999.990      51.079       0.500       0.508       0.000       0.000       0.000
       23.000    1430.050       0.001      12.669    -908.124     -17.246   -1104.635      -0.781      -0.010       0.006
       23.000       1.680    1430.106    1104.635     829.517       0.022       3.016
       23.000  212193.047   61108.070       0.000       0.000     257.377
       23.000       0.000       0.000       0.000       0.000       1.000
       23.000     165.831       0.032       0.195
       24.000      34.373      34.553    -120.632    1948.614     128.009    1145.467     14078.2  20917378.0    1503.011     181.102
       24.000 0.001541303    1740.934     260.277       1.416     0.02925     0.71370     0.03539     0.71342   471.68509       0.041
       24.000     181.102      49.830    9999.990      50.323       0.486       0.493       0.000       0.000       0.000
       24.000    1502.955       0.001      12.933    -969.348     -18.640   -1148.503      -0.745      -0.010       0.006
       24.000       1.188    1503.011    1148.503     858.315       0.024       3.046
       24.000  212659.234   60284.094       0.000       0.000     258.233
       24.000       0.000       0.000       0.000       0.000       1.000
       24.000     172.104       0.035       0.229
       25.000      34.371      34.550    -120.632    2005.551     129.797    1189.160     15245.3  20918550.0    1577.198     181.115
       25.000 0.001483907    1845.649     257.968       1.493     0.02932     0.69655     0.03514     0.69628   470.15445       0.042
       25.000     181.115      49.114    9999.990      49.593       0.471       0.478       0.000       0.000       0.000
       25.000    1577.143       0.001      13.171   -1032.158     -20.089   -1192.391      -0.720      -0.011       0.005
       25.000       1.188    1577.198    1192.391     883.108       0.026       3.079
       25.000  213125.812   59461.035       0.000       0.000     259.093
       25.000       0.000       0.000       0.000       0.000       1.000
       25.000     179.190       0.038       0.265
       26.000      34.368      34.547    -120.632    2064.597     131.542    1232.882     16456.1  20919764.0    1652.688     181.128
       26.000 0.001426151    1947.677     255.573       1.572     0.02872     0.68552     0.03427     0.68526   469.28967       0.042
       26.000     181.128      48.423    9999.990      48.887       0.457       0.464       0.000       0.000       0.000
       26.000    1652.634       0.001      13.383   -1096.556     -21.594   -1236.315      -0.698      -0.011       0.004
       26.000       1.188    1652.688    1236.315     903.656       0.027       3.110
       26.000  213590.547   58638.934       0.000       0.000     259.952
       26.000       0.000       0.000       0.000       0.000       1.000
       26.000     187.125       0.042       0.305
       27.001      34.365      34.544    -120.632    2125.705     133.242    1276.623     17710.7  20921022.0    1729.472     181.141
       27.001 0.001368192    2046.181     253.091       1.653     0.02803     0.67491     0.03333     0.67467   468.47922       0.042
       27.001     181.141      47.754    9999.990      48.203       0.443       0.449       0.000       0.000       0.000
       27.001    1729.419       0.001      13.567   -1162.526     -23.156   -1280.263      -0.677      -0.011       0.004
       27.001       2.376    1729.472    1280.263     919.670       0.028       3.144
       27.001  214051.219   57817.742       0.000       0.000     260.808
       27.001       0.000       0.000       0.000       0.000       1.000
       27.001     195.989       0.046       0.349
       28.001      34.361      34.541    -120.632    2188.912     134.894    1320.448     19009.0  20922324.0    1807.638     181.154
       28.001 0.001310196    2140.568     250.524       1.736     0.02734     0.66399     0.03238     0.66376   467.64410       0.041
       28.001     181.154      47.106    9999.990      47.541       0.429       0.435       0.000       0.000       0.000
       28.001    1807.586       0.001      13.723   -1230.111     -24.776   -1324.298      -0.656      -0.010       0.006
       28.001       1.680    1807.638    1324.298     931.079       0.028       3.180
       28.001  214505.656   56997.484       0.000       0.000     261.658
       28.001       0.000       0.000       0.000       0.000       1.000
       28.001     205.872       0.051       0.398
       29.001      34.358      34.537    -120.632    2254.266     136.499    1364.427     20351.2  20923670.0    1887.282     181.166
       29.001 0.001252203    2230.070     247.869       1.823     0.02664     0.65271     0.03143     0.65250   466.78250       0.041
       29.001     181.166      46.478    9999.990      46.899       0.414       0.420       0.000       0.000       0.000
       29.001    1887.232       0.001      13.850   -1299.369     -26.455   -1368.494      -0.635      -0.011       0.004
       29.001       2.376    1887.282    1368.494     937.714       0.029       3.220
       29.001  214952.906   56178.172       0.000       0.000     262.501
       29.001       0.000       0.000       0.000       0.000       1.000
       29.001     216.866       0.057       0.452
       30.001      34.354      34.534    -120.632    2321.833     138.055    1408.641     21737.5  20925060.0    1968.521     181.179
       30.001 0.001194124    2313.661     245.129       1.912     0.02594     0.64107     0.03048     0.64087   465.89224       0.040
       30.001     181.179      45.870    9999.990      46.276       0.400       0.406       0.000       0.000       0.000
       30.001    1968.472       0.002      13.950   -1370.369     -28.198   -1412.929      -0.616      -0.011       0.004
       30.001       2.656    1968.521    1412.929     939.405       0.030       3.264
       30.001  215393.234   55359.762       0.000       0.000     263.338
       30.001       0.000       0.000       0.000       0.000       1.000
       30.001     229.072       0.064       0.512
       31.001      34.350      34.530    -120.632    2391.687     139.563    1453.179     23168.2  20926494.0    2051.469     181.191
       31.001 0.001136423    2391.333     242.300       2.004     0.02563     0.62921     0.03001     0.62902   464.98553       0.041
       31.001     181.191      45.281    9999.990      45.679       0.392       0.398       0.000       0.000       0.000
       31.001    2051.419       0.002      14.253   -1443.175     -30.002   -1457.694      -0.593      -0.009       0.004
       31.001       2.910    2051.469    1457.694     951.967       0.031       3.312
       31.001  215821.875   54542.309       0.000       0.000     264.163
       31.001       0.000       0.000       0.000       0.000       1.000
       31.001     242.591       0.071       0.580
       32.001      34.346      34.526    -120.632    2463.840     141.022    1498.074     24643.5  20927974.0    2136.167     181.203
       32.001 0.001079255    2462.434     239.384       2.099     0.02512     0.62172     0.02936     0.62154   464.50870       0.040
       32.001     181.203      44.710    9999.990      45.100       0.385       0.390       0.000       0.000       0.000
       32.001    2136.118       0.002      14.547   -1517.801     -31.874   -1502.823      -0.574      -0.008       0.005
       32.001       2.910    2136.168    1502.823     960.798       0.031       3.360
       32.001  216314.156   53725.723       0.000       0.000     264.965
       32.001       0.000       0.000       0.000       0.000       1.000
       32.001     257.507       0.081       0.656
       33.000      34.342      34.521    -120.632    2538.429     142.434    1543.448     26164.0  20929500.0    2222.798     181.215
       33.000 0.001022751    2526.620     236.379       2.198     0.02461     0.61395     0.02871     0.61377   464.01404       0.040
       33.000     181.215      44.156    9999.990      44.538       0.377       0.382       0.000       0.000       0.000
       33.000    2222.748       0.002      14.830   -1594.376     -33.812   -1548.435      -0.557      -0.009       0.004
       33.000       3.360    2222.798    1548.435     965.841       0.032       3.417
       33.000  217048.953   52909.102       0.000       0.000     265.724
       33.000       0.000       0.000       0.000       0.000       1.000
       33.000     273.940       0.091       0.742
       34.000      34.338      34.517    -120.632    2615.600     143.799    1589.423     27730.2  20931072.0    2311.544     181.227
       34.000 0.000967048    2583.583     233.284       2.301     0.02410     0.60588     0.02806     0.60571   463.49985       0.040
       34.000     181.227      43.620    9999.990      43.994       0.369       0.374       0.000       0.000       0.000
       34.000    2311.495       0.002      15.104   -1673.029     -35.821   -1594.656      -0.541      -0.009       0.004
       34.000       3.756    2311.544    1594.656     967.217       0.033       3.478
       34.000  217767.141   52092.055       0.000       0.000     266.461
       34.000       0.000       0.000       0.000       0.000       1.000
       34.000     292.009       0.104       0.839
       35.000      34.333      34.512    -120.632    2695.459     145.120    1636.086     29342.6  20932690.0    2402.546     181.238
       35.000 0.000912275    2632.929     230.098       2.408     0.02359     0.59748     0.02741     0.59732   462.96460       0.039
       35.000     181.238      43.099    9999.990      43.466       0.361       0.366       0.000       0.000       0.000
       35.000    2402.497       0.002      15.367   -1753.862     -37.908   -1641.571      -0.525      -0.009       0.005
       35.000       3.939    2402.546    1641.571     964.888       0.033       3.543
       35.000  218467.328   51274.574       0.000       0.000     267.175
       35.000       0.000       0.000       0.000       0.000       1.000
       35.000     311.821       0.118       0.950
       36.010      34.328      34.507    -120.632    2778.989     146.411    1684.020     31019.0  20934372.0    2496.915     181.250
       36.010 0.000855489    2666.808     226.786       2.521     0.02308     0.58863     0.02676     0.58848   462.40085       0.039
       36.010     181.250      42.590    9999.990      42.948       0.353       0.358       0.000       0.000       0.000
       36.010    2496.866       0.002      15.623   -1837.843     -40.094   -1689.767      -0.510      -0.008       0.004
       36.010       3.939    2496.915    1689.767     956.047       0.033       3.617
       36.010  219176.406   50448.480       0.000       0.000     267.898
       36.010       0.000       0.000       0.000       0.000       1.000
       36.010     333.723       0.136       1.078
       37.010      34.323      34.502    -120.632    2864.765     147.647    1732.442     32726.9  20936086.0    2593.052     181.261
       37.010 0.000798598    2684.852     223.413       2.638     0.02257     0.57948     0.02612     0.57933   461.81735       0.039
       37.010     181.261      42.100    9999.990      42.451       0.346       0.351       0.000       0.000       0.000
       37.010    2593.003       0.002      15.868   -1923.511     -42.343   -1738.455      -0.496      -0.008       0.005
       37.010       4.283    2593.052    1738.455     941.336       0.033       3.697
       37.010  219873.297   49630.133       0.000       0.000     268.607
       37.010       0.000       0.000       0.000       0.000       1.000
       37.010     357.344       0.156       1.224
       38.010      34.317      34.497    -120.632    2953.769     148.843    1781.935     34483.7  20937848.0    2692.067     181.272
       38.010 0.000743010    2692.381     219.944       2.760     0.02206     0.56990     0.02547     0.56976   461.20648       0.039
       38.010     181.272      41.625    9999.990      41.968       0.338       0.343       0.000       0.000       0.000
       38.010    2692.019       0.002      16.103   -2011.836     -44.681   -1788.223      -0.481      -0.008       0.005
       38.010       5.177    2692.067    1788.223     922.763       0.033       3.783
       38.010  220547.547   48811.359       0.000       0.000     269.288
       38.010       0.000       0.000       0.000       0.000       1.000
       38.010     383.096       0.180       1.393
       39.009      34.312      34.491    -120.632    3046.167     150.001    1832.606     36290.6  20939662.0    2794.149     181.283
       39.009 0.000688878    2689.126     216.650       2.886     0.02155     0.55998     0.02482     0.55984   460.57382       0.038
       39.009     181.283      41.165    9999.990      41.499       0.330       0.335       0.000       0.000       0.000
       39.009    2794.101       0.002      16.330   -2102.968     -47.111   -1839.178      -0.468      -0.008       0.005
       39.009       5.312    2794.149    1839.178     900.482       0.033       3.875
       39.009  221191.656   47992.152       0.000       0.000     269.931
       39.009       0.000       0.000       0.000       0.000       1.000
       39.009     411.412       0.210       1.588
       40.009      34.306      34.485    -120.632    3142.064     151.120    1884.515     38148.8  20941526.0    2899.413     181.294
       40.009 0.000636349    2674.764     216.650       2.995     0.02104     0.55145     0.02419     0.55132   460.03030       0.038
       40.009     181.294      40.718    9999.990      41.045       0.323       0.327       0.000       0.000       0.000
       40.009    2899.365       0.002      16.547   -2197.000     -49.639   -1891.380      -0.454      -0.009       0.005
       40.009       5.443    2899.413    1891.380     874.608       0.032       3.969
       40.009  221729.000   47172.500       0.000       0.000     270.443
       40.009       0.000       0.000       0.000       0.000       1.000
       40.009     446.404       0.250       1.818
       41.009      34.300      34.479    -120.632    3241.536     152.202    1937.698     40059.6  20943444.0    3007.941     181.305
       41.009 0.000585567    2649.022     216.650       3.107     0.02047     0.54530     0.02351     0.54518   459.46994       0.038
       41.009     181.305      40.284    9999.990      40.603       0.315       0.319       0.000       0.000       0.000
       41.009    3007.895       0.002      16.754   -2294.009     -52.265   -1944.865      -0.441      -0.009       0.003
       41.009       5.939    3007.941    1944.865     845.372       0.031       4.066
       41.009  222252.031   46352.395       0.000       0.000     270.937
       41.009       0.000       0.000       0.000       0.000       1.000
       41.009     483.349       0.298       2.092
       42.009      34.293      34.473    -120.632    3344.739     153.248    1992.243     42024.1  20945416.0    3119.904     181.316
       42.009 0.000535214    2604.835     216.650       3.223     0.01990     0.53912     0.02283     0.53900   458.89185       0.037
       42.009     181.316      39.863    9999.990      40.174       0.307       0.311       0.000       0.000       0.000
       42.009    3119.858       0.002      16.949   -2394.136     -54.997   -1999.722      -0.429      -0.008       0.004
       42.009       6.396    3119.904    1999.722     810.770       0.031       4.171
       42.009  222771.453   45531.852       0.000       0.000     271.427
       42.009       0.000       0.000       0.000       0.000       1.000
       42.009     522.636       0.355       2.418
       43.009      34.287      34.466    -120.632    3451.901     154.258    2048.290     44044.0  20947444.0    3235.548     181.327
       43.009 0.000486939    2548.827     216.650       3.342     0.01933     0.53274     0.02215     0.53263   458.29474       0.036
       43.009     181.326      39.455    9999.990      39.758       0.299       0.303       0.000       0.000       0.000
       43.009    3235.503       0.002      17.133   -2497.583     -57.836   -2056.090      -0.417      -0.008       0.005
       43.009       6.506    3235.548    2056.090     773.312       0.030       4.283
       43.009  223273.969   44710.883       0.000       0.000     271.895
       43.009       0.000       0.000       0.000       0.000       1.000
       43.009     564.241       0.424       2.808
       44.009      34.280      34.459    -120.632    3563.223     155.235    2105.954     46120.7  20949528.0    3355.088     181.337
       44.009 0.000440880    2481.406     216.650       3.466     0.01876     0.52614     0.02148     0.52604   457.67755       0.036
       44.009     181.337      39.059    9999.990      39.354       0.292       0.296       0.000       0.000       0.000
       44.009    3355.043       0.002      17.306   -2604.526     -60.792   -2114.086      -0.405      -0.009       0.003
       44.009       6.926    3355.087    2114.086     733.337       0.028       4.402
       44.009  223758.344   43889.480       0.000       0.000     272.340
       44.009       0.000       0.000       0.000       0.000       1.000
       44.009     608.099       0.506       3.272
       45.008      34.272      34.452    -120.632    3678.915     156.180    2165.354     48255.9  20951672.0    3478.747     181.348
       45.008 0.000397147    2403.069     216.650       3.593     0.01820     0.51932     0.02081     0.51922   457.03906       0.035
       45.008     181.347      38.674    9999.990      38.962       0.284       0.288       0.000       0.000       0.000
       45.008    3478.702       0.003      17.467   -2715.154     -63.870   -2173.830      -0.394      -0.007       0.004
       45.008       7.698    3478.746    2173.830     691.319       0.027       4.528
       45.008  224223.656   43067.648       0.000       0.000     272.762
       45.008       0.000       0.000       0.000       0.000       1.000
       45.008     654.110       0.603       3.826
       46.008      34.265      34.444    -120.632    3799.190     157.093    2226.605     50451.4  20953876.0    3606.744     181.358
       46.008 0.000356344    2317.770     216.650       3.726     0.01763     0.51226     0.02014     0.51217   456.37820       0.034
       46.008     181.358      38.301    9999.990      38.581       0.276       0.280       0.000       0.000       0.000
       46.008    3606.701       0.003      17.615   -2829.651     -67.074   -2235.437      -0.384      -0.008       0.004
       46.008       7.968    3606.744    2235.437     648.568       0.026       4.660
       46.008  224665.250   42245.383       0.000       0.000     273.155
       46.008       0.000       0.000       0.000       0.000       1.000
       46.008     702.171       0.718       4.487
       47.008      34.257      34.436    -120.632    3924.128     157.974    2289.743     52709.1  20956142.0    3739.165     181.368
       47.008 0.000320757    2242.310     216.650       3.862     0.01707     0.50496     0.01947     0.50487   455.69449       0.034
       47.008     181.368      37.939    9999.990      38.211       0.268       0.272       0.000       0.000       0.000
       47.008    3739.123       0.003      17.750   -2948.094     -70.409   -2298.942      -0.372      -0.008       0.005
       47.008       8.399    3739.165    2298.942     609.879       0.025       4.794
       47.008  225063.781   41422.688       0.000       0.000     273.495
       47.008       0.000       0.000       0.000       0.000       1.000
       47.008     752.323       0.855       5.273
       48.008      34.249      34.428    -120.632    4053.835     158.826    2354.815     55030.9  20958474.0    3876.119     181.378
       48.008 0.000287345    2158.575     216.650       4.004     0.01651     0.49746     0.01880     0.49738   454.98737       0.033
       48.008     181.378      37.589    9999.990      37.853       0.261       0.264       0.000       0.000       0.000
       48.008    3876.078       0.003      17.869   -3070.583     -73.881   -2364.395      -0.361      -0.008       0.005
       48.008       9.046    3876.119    2364.395     570.161       0.023       4.929
       48.008  225264.250   40599.676       0.000       0.000     273.838
       48.008       0.000       0.000       0.000       0.000       1.000
       48.008     804.081       1.014       6.207
       49.008      34.240      34.419    -120.632    4188.217     159.645    2421.741     57418.7  20960872.0    4017.504     181.388
       49.008 0.000256120    2066.934     216.650       4.150     0.01609     0.49260     0.01830     0.49252   454.25735       0.033
       49.008     181.388      37.249    9999.990      37.505       0.253       0.256       0.000       0.000       0.000
       49.008    4017.464       0.003      17.971   -3197.047     -77.487   -2431.713      -0.350      -0.007       0.005
       49.008       9.502    4017.505    2431.713     529.757       0.022       5.062
       49.008  225185.266   39777.762       0.000       0.000     274.197
       49.008       0.000       0.000       0.000       0.000       1.000
       49.008     857.064       1.199       7.314
       50.008      34.231      34.410    -120.632    4327.363     160.435    2490.564     59874.3  20963338.0    4163.418     181.398
       50.008 0.000227086    1968.159     216.650       4.301     0.01568     0.48759     0.01779     0.48752   453.50397       0.032
       50.008     181.398      36.920    9999.990      37.168       0.245       0.248       0.000       0.000       0.000
       50.008    4163.379       0.003      18.054   -3327.574     -81.233   -2500.941      -0.341      -0.008       0.004
       50.008      10.079    4163.418    2500.941     488.997       0.021       5.201
       50.008  225088.328   38957.188       0.000       0.000     274.536
       50.008       0.000       0.000       0.000       0.000       1.000
       50.008     910.926       1.411       8.619
       51.007      34.222      34.401    -120.632    4471.428     161.195    2561.367     62399.8  20965874.0    4314.023     181.408
       51.007 0.000201383    1873.951     216.650       4.456     0.01526     0.48242     0.01728     0.48235   452.72635       0.032
       51.007     181.408      36.601    9999.990      36.841       0.237       0.241       0.000       0.000       0.000
       51.007    4313.984       0.004      18.117   -3462.302     -85.124   -2572.161      -0.332      -0.007       0.004
       51.007      10.557    4314.022    2572.161     450.905       0.020       5.344
       51.007  224964.188   38138.004       0.000       0.000     274.843
       51.007       0.000       0.000       0.000       0.000       1.000
       51.007     949.094       1.578      10.113
       52.007      34.212      34.391    -120.632    4620.542     161.926    2634.216     64997.0  20968482.0    4469.457     181.418
       52.007 0.000177813    1776.004     216.650       4.617     0.01483     0.47708     0.01677     0.47702   451.92380       0.031
       52.007     181.418      36.291    9999.990      36.524       0.230       0.233       0.000       0.000       0.000
       52.007    4469.419       0.003      18.159   -3601.352     -89.162   -2645.440      -0.322      -0.008       0.004
       52.007      11.079    4469.457    2645.440     413.431       0.019       5.493
       52.007  224822.438   37320.164       0.000       0.000     275.129
       52.007       0.000       0.000       0.000       0.000       1.000
       52.007    1015.140       1.899      11.851
       53.007      34.202      34.381    -120.632    4774.610     162.629    2709.036     67668.1  20971164.0    4629.620     181.428
       53.007 0.000156166    1673.579     217.209       4.776     0.01441     0.47178     0.01626     0.47172   451.12692       0.031
       53.007     181.428      35.992    9999.990      36.217       0.222       0.225       0.000       0.000       0.000
       53.007    4629.585       0.004      18.177   -3744.654     -93.350   -2720.705      -0.314      -0.007       0.003
       53.007      11.759    4629.621    2720.705     376.479       0.017       5.518
       53.007  219922.047   36505.121       0.000       0.000     276.125
       53.007       0.000       0.000       0.000       0.000       1.000
       53.007    1078.391       2.250      13.926
       54.007      34.192      34.371    -120.632    4915.133     163.236    2774.602     70411.0  20973918.0    4775.378     181.438
       54.007 0.000136468    1556.021     218.039       4.917     0.01397     0.46708     0.01574     0.46702   450.42062       0.030
       54.007     181.438      35.701    9999.990      35.918       0.214       0.217       0.000       0.000       0.000
       54.007    4775.344       0.004      18.099   -3876.750     -97.292   -2786.679      -0.307      -0.007       0.003
       54.007      12.344    4775.378    2786.679     337.900       0.016       4.700
       54.007  185182.703   35778.973       0.000       0.000     279.907
       54.007       0.000       0.000       0.000       0.000       1.000
       54.007    1131.240       2.579      16.340
       55.007      34.181      34.360    -120.632    5029.835     163.717    2823.717     73211.3  20976732.0    4894.168     181.447
       55.007 0.000119371    1429.639     218.887       5.030     0.01351     0.46384     0.01521     0.46379   449.94257       0.029
       55.007     181.447      35.415    9999.990      35.624       0.206       0.209       0.000       0.000       0.000
       55.007    4894.135       0.003      17.884   -3987.364    -100.732   -2836.135      -0.302      -0.007       0.004
       55.007      12.957    4894.168    2836.135     299.325       0.014       3.834
       55.007  150422.906   35180.098       0.000       0.000     279.907
       55.007       0.000       0.000       0.000       0.000       1.000
       55.007    1169.120       2.835      19.046
       56.007      34.170      34.349    -120.632    5117.200     164.083    2855.784     76052.4  20979584.0    4984.566     181.457
       56.007 0.000104049    1292.599     219.747       5.113     0.01304     0.46260     0.01467     0.46255   449.77625       0.028
       56.007     181.456      35.133    9999.990      35.334       0.199       0.202       0.000       0.000       0.000
       56.007    4984.535       0.003      17.539   -4075.172    -103.619   -2868.472      -0.300      -0.007       0.004
       56.007      13.647    4984.566    2868.472     260.599       0.013       2.929
       56.007  115649.406   34705.430       0.000       0.000     279.907
       56.007       0.000       0.000       0.000       0.000       1.000
       56.007    1192.215       3.001      21.964
       57.006      34.159      34.338    -120.632    5176.013     164.342    2870.372     78916.8  20982462.0    5045.423     181.466
       57.006 0.000090447    1151.228     220.613       5.165     0.01256     0.46180     0.01413     0.46176   449.67111       0.027
       57.006     181.466      34.852    9999.990      35.046       0.191       0.194       0.000       0.000       0.000
       57.006    5045.395       0.003      17.076   -4139.072    -105.919   -2883.255      -0.295      -0.007       0.004
       57.006      14.254    5045.423    2883.255     223.237       0.011       1.991
       57.006   80862.516   34355.004       0.000       0.000     279.907
       57.006       0.000       0.000       0.000       0.000       1.000
       57.006    1201.101       3.067      24.997
       58.006      34.148      34.327    -120.632    5210.960     164.516    2870.508     81788.0  20985346.0    5081.638     181.475
       58.006 0.000078753    1016.826     221.482       5.192     0.01250     0.46141     0.01406     0.46136   449.61710       0.027
       58.006     181.475      34.572    9999.990      34.765       0.190       0.193       0.000       0.000       0.000
       58.006    5081.609       0.004      17.105   -4182.910    -107.716   -2883.523      -0.292      -0.007       0.003
       58.006      15.025    5081.638    2883.523     196.111       0.010       1.527
       58.006   63055.387   34106.812       0.000       0.000     279.907
       58.006       0.000       0.000       0.000       0.000       1.000
       58.006    1199.399       3.055      28.057

ACTUAL STAGE BURN TERMINATION TIME:       58.416 SEC

THE INERTIAL VELOCITY IS:      5222.53 FT/SEC

       59.006      34.136      34.315    -120.632    5206.167     164.560    2847.184     84650.8  20988222.0    5076.878     181.485
       59.006 0.000068745     885.941     222.347       5.177     0.01227     0.51161     0.01398     0.51156   449.64584       0.024
       59.006     181.484      34.290    9999.990      34.482       0.189       0.192       0.000       0.000       0.000
       59.006    5076.849       0.003      17.000   -4193.087    -108.653   -2860.227      -0.296      -0.007       0.004
       59.006      15.668    5076.877    2860.227     169.973       0.009      -0.312
       59.006       0.000   34017.891       0.000       0.000       0.000
       59.006       0.000       0.000       0.000       0.000       1.000
       59.006    1180.662       2.919      31.043
       60.006      34.125      34.304    -120.632    5179.657     164.532    2811.099     87480.2  20991064.0    5049.724     181.493
       60.006 0.000060038     765.479     223.203       5.139     0.01219     0.51214     0.01389     0.51210   449.72098       0.024
       60.006     181.493      34.005    9999.990      34.196       0.188       0.191       0.000       0.000       0.000
       60.006    5049.696       0.004      16.819   -4184.757    -109.104   -2824.113      -0.299      -0.007       0.004
       60.006      16.330    5049.724    2824.113     146.082       0.007      -0.270
       60.006       0.000   34017.891       0.000       0.000       0.000
       60.006       0.000       0.000       0.000       0.000       1.000
       60.006    1154.212       2.735      33.870
       61.006      34.113      34.292    -120.632    5154.507     164.508    2775.731     90273.9  20993872.0    5023.964     181.503
       61.006 0.000052468     662.146     224.047       5.103     0.01211     0.51265     0.01381     0.51261   449.79272       0.024
       61.006     181.502      33.716    9999.990      33.906       0.187       0.190       0.000       0.000       0.000
       61.006    5023.937       0.004      16.644   -4177.471    -109.573   -2788.718      -0.301      -0.007       0.004
       61.006      17.131    5023.965    2788.718     125.687       0.006      -0.234
       61.006       0.000   34017.891       0.000       0.000       0.000
       61.006       0.000       0.000       0.000       0.000       1.000
       61.006    1129.577       2.571      36.522
       62.006      34.102      34.281    -120.632    5166.276     164.605    2761.314     93038.5  20996648.0    5036.288     181.511
       62.006 0.000046101     584.657     224.882       5.106     0.00747     0.45966     0.00899     0.45963   279.57596       0.016
       62.006     181.511      33.427    9999.990      33.616       0.186       0.189       0.000       0.000       0.000
       62.006    5036.260       0.003      16.592   -4201.756    -110.872   -2774.373      -0.301      -0.006       0.004
       62.006      17.698    5036.288    2774.373     110.361       0.004       1.674
       62.006   54155.848   28845.363       0.000       0.000     276.640
       62.006       0.000       0.000       0.000       0.000       1.000
       62.006    1121.125       2.517      39.066
       63.005      34.090      34.269    -120.632    5202.855     164.782    2760.763     95799.5  20999422.0    5074.193     181.521
       63.005 0.000040493     521.300     225.716       5.135     0.00744     0.45937     0.00894     0.45934   279.46039       0.016
       63.005     181.520      33.140    9999.990      33.327       0.185       0.188       0.000       0.000       0.000
       63.005    5074.166       0.004      16.623   -4247.337    -112.741   -2773.959      -0.300      -0.006       0.005
       63.005      18.440    5074.193    2773.959      97.846       0.004       1.763
       63.005   55730.281   28646.727       0.000       0.000     276.640
       63.005       0.000       0.000       0.000       0.000       1.000
       63.005    1120.653       2.515      41.582
       64.005      34.079      34.258    -120.632    5242.344     164.965    2761.545     98560.7  21002198.0    5115.081     181.529
       64.005 0.000035542     464.959     226.550       5.167     0.00741     0.45905     0.00890     0.45902   279.33313       0.016
       64.005     181.529      32.853    9999.990      33.040       0.184       0.187       0.000       0.000       0.000
       64.005    5115.054       0.004      16.662   -4295.452    -114.691   -2774.887      -0.299      -0.007       0.005
       64.005      19.079    5115.082    2774.887      86.780       0.003       1.851
       64.005   57302.523   28442.400       0.000       0.000     276.640
       64.005       0.000       0.000       0.000       0.000       1.000
       64.005    1119.764       2.509      44.093
       65.005      34.067      34.246    -120.632    5284.721     165.153    2763.625    101323.1  21004974.0    5158.925     181.538
       65.005 0.000031185     414.989     227.384       5.202     0.00738     0.45870     0.00886     0.45867   279.19434       0.016
       65.005     181.538      32.569    9999.990      32.755       0.183       0.186       0.000       0.000       0.000
       65.005    5158.898       0.004      16.709   -4346.089    -116.716   -2777.121      -0.297      -0.006       0.004
       65.005      19.876    5158.926    2777.121      77.012       0.003       1.938
       65.005   58873.367   28232.352       0.000       0.000     276.216
       65.005       0.000       0.000       0.000       0.000       1.000
       65.005    1119.217       2.506      46.601
       66.006      34.055      34.234    -120.632    5329.972     165.346    2766.974    104088.3  21007752.0    5205.708     181.547
       66.006 0.000027369     370.838     228.219       5.239     0.00734     0.45832     0.00882     0.45829   279.04419       0.016
       66.006     181.547      32.286    9999.990      32.471       0.182       0.185       0.000       0.000       0.000
       66.006    5205.682       0.003      16.765   -4399.247    -118.826   -2780.631      -0.294      -0.006       0.004
       66.006      20.470    5205.709    2780.631      68.427       0.003       2.025
       66.006   60442.398   28015.740       0.000       0.000     274.721
       66.006       0.000       0.000       0.000       0.000       1.000
       66.006    1118.975       2.505      49.108
       67.006      34.043      34.222    -120.632    5378.098     165.543    2771.569    106857.5  21010534.0    5255.424     181.556
       67.006 0.000023999     331.422     229.782       5.271     0.00731     0.45799     0.00878     0.45797   278.91556       0.016
       67.006     181.556      32.006    9999.990      32.189       0.181       0.183       0.000       0.000       0.000
       67.006    5255.396       0.003      16.827   -4454.931    -121.011   -2785.394      -0.293      -0.006       0.003
       67.006      21.314    5255.423    2785.394      60.799       0.002       2.112
       67.006   62004.938   27792.256       0.000       0.000     273.314
       67.006       0.000       0.000       0.000       0.000       1.000
       67.006    1119.124       2.506      51.614
       68.006      34.031      34.209    -120.632    5428.643     165.744    2777.141    109631.7  21013322.0    5307.602     181.565
       68.006 0.000021026     296.156     232.125       5.297     0.00728     0.45774     0.00874     0.45771   278.81403       0.016
       68.006     181.565      31.727    9999.990      31.910       0.179       0.182       0.000       0.000       0.000
       68.006    5307.576       0.004      16.895   -4512.756    -123.274   -2791.142      -0.292      -0.006       0.004
       68.006      21.966    5307.603    2791.142      54.013       0.002       2.170
       68.006   62772.262   27563.703       0.000       0.000     272.676
       68.006       0.000       0.000       0.000       0.000       1.000
       68.006    1119.417       2.509      54.122
       69.006      34.019      34.197    -120.632    5481.164     165.945    2783.435    112412.0  21016118.0    5361.784     181.573
       69.006 0.000018445     265.135     234.473       5.324     0.00724     0.45746     0.00869     0.45743   278.70526       0.016
       69.006     181.573      31.451    9999.990      31.632       0.178       0.181       0.000       0.000       0.000
       69.006    5361.757       0.003      16.968   -4572.340    -125.597   -2797.616      -0.289      -0.006       0.004
       69.006      22.724    5361.784    2797.616      48.074       0.002       2.228
       69.006   63538.367   27331.807       0.000       0.000     272.051
       69.006       0.000       0.000       0.000       0.000       1.000
       69.006    1119.702       2.511      56.632
       70.007      34.006      34.185    -120.632    5535.654     166.148    2790.434    115198.7  21018918.0    5417.954     181.582
       70.007 0.000016187     237.575     236.825       5.353     0.00721     0.45717     0.00865     0.45714   278.58936       0.016
       70.007     181.582      31.177    9999.990      31.357       0.177       0.180       0.000       0.000       0.000
       70.007    5417.927       0.003      17.045   -4633.675    -127.961   -2804.801      -0.286      -0.006       0.004
       70.007      23.487    5417.954    2804.801      42.823       0.002       2.286
       70.007   64303.457   27096.564       0.000       0.000     271.439
       70.007       0.000       0.000       0.000       0.000       1.000
       70.007    1119.854       2.512      59.144
       71.007      33.993      34.172    -120.632    5592.120     166.351    2798.128    117993.0  21021726.0    5476.133     181.591
       71.007 0.000014193     212.810     239.183       5.384     0.00718     0.45686     0.00860     0.45683   278.46646       0.016
       71.007     181.591      30.906    9999.990      31.085       0.176       0.179       0.000       0.000       0.000
       71.007    5476.106       0.004      17.125   -4696.788    -130.436   -2812.686      -0.284      -0.007       0.003
       71.007      24.168    5476.133    2812.686      38.130       0.001       2.344
       71.007   65067.723   26857.977       0.000       0.000     270.841
       71.007       0.000       0.000       0.000       0.000       1.000
       71.007    1119.711       2.512      61.657
       72.007      33.980      34.159    -120.632    5650.571     166.555    2806.509    120795.1  21024544.0    5536.309     181.599
       72.007 0.000012437     190.599     241.548       5.416     0.00714     0.45653     0.00856     0.45650   278.33670       0.016
       72.007     181.599      30.637    9999.990      30.815       0.175       0.178       0.000       0.000       0.000
       72.007    5536.282       0.004      17.210   -4761.671    -132.942   -2821.264      -0.281      -0.006       0.004
       72.007      25.029    5536.309    2821.264      33.947       0.001       2.402
       72.007   65831.234   26616.043       0.000       0.000     270.256
       72.007       0.000       0.000       0.000       0.000       1.000
       72.007    1119.303       2.509      64.168
       73.007      33.967      34.146    -120.632    5710.798     166.758    2815.458    123606.1  21027370.0    5598.278     181.608
       73.007 0.000010953     171.632     243.919       5.450     0.00711     0.45619     0.00852     0.45616   278.20099       0.016
       73.007     181.608      30.370    9999.990      30.547       0.174       0.177       0.000       0.000       0.000
       73.007    5598.251       0.004      17.298   -4828.158    -135.524   -2830.414      -0.279      -0.006       0.003
       73.007      25.778    5598.278    2830.414      30.385       0.001       2.446
       73.007   66205.695   26371.566       0.000       0.000     269.986
       73.007       0.000       0.000       0.000       0.000       1.000
       73.007    1119.427       2.510      66.678
       74.007      33.954      34.132    -120.632    5772.527     166.960    2824.822    126426.1  21030204.0    5661.749     181.616
       74.007 0.000009640     154.500     246.297       5.485     0.00708     0.45583     0.00848     0.45581   278.06058       0.016
       74.007     181.616      30.106    9999.990      30.282       0.173       0.176       0.000       0.000       0.000
       74.007    5661.722       0.004      17.388   -4896.000    -138.147   -2839.983      -0.277      -0.007       0.004
       74.007      26.640    5661.749    2839.983      27.187       0.001       2.488
       74.007   66549.031   26125.594       0.000       0.000     269.741
       74.007       0.000       0.000       0.000       0.000       1.000
       74.007    1119.117       2.509      69.188
       75.008      33.941      34.119    -120.632    5835.764     167.161    2834.596    129255.8  21033050.0    5726.730     181.625
       75.008 0.000008478     139.025     248.683       5.521     0.00705     0.45547     0.00844     0.45544   277.91550       0.015
       75.008     181.625      29.845    9999.990      30.020       0.172       0.175       0.000       0.000       0.000
       75.008    5726.704       0.004      17.481   -4965.209    -140.825   -2849.967      -0.275      -0.007       0.004
       75.008      27.423    5726.731    2849.967      24.316       0.001       2.531
       75.008   66891.867   25878.123       0.000       0.000     269.497
       75.008       0.000       0.000       0.000       0.000       1.000
       75.008    1118.434       2.505      71.696
       76.008      33.927      34.105    -120.632    5900.518     167.361    2844.779    132095.3  21035904.0    5793.231     181.633
       76.008 0.000007468     125.327     251.076       5.559     0.00701     0.45509     0.00839     0.45506   277.76584       0.015
       76.008     181.633      29.587    9999.990      29.761       0.171       0.174       0.000       0.000       0.000
       76.008    5793.205       0.004      17.576   -5035.795    -143.561   -2860.363      -0.272      -0.007       0.004
       76.008      28.209    5793.231    2860.363      21.785       0.001       2.575
       76.008   67234.195   25629.160       0.000       0.000     269.253
       76.008       0.000       0.000       0.000       0.000       1.000
       76.008    1117.730       2.501      74.199
       77.008      33.913      34.092    -120.632    5966.797     167.559    2855.369    134945.3  21038770.0    5861.258     181.641
       77.008 0.000006593     113.252     253.477       5.597     0.00698     0.45470     0.00835     0.45468   277.61160       0.015
       77.008     181.641      29.331    9999.990      29.504       0.170       0.173       0.000       0.000       0.000
       77.008    5861.231       0.005      17.672   -5107.770    -146.355   -2871.170      -0.269      -0.007       0.004
       77.008      29.119    5861.257    2871.170      19.564       0.001       2.618
       77.008   67576.062   25378.697       0.000       0.000     269.011
       77.008       0.000       0.000       0.000       0.000       1.000
       77.008    1117.108       2.497      76.698
       78.008      33.899      34.077    -120.632    6034.435     167.756    2866.272    137806.1  21041646.0    5930.638     181.650
       78.008 0.000005818     102.310     255.887       5.637     0.00695     0.45430     0.00831     0.45428   277.45352       0.015
       78.008     181.649      29.078    9999.990      29.250       0.169       0.172       0.000       0.000       0.000
       78.008    5930.611       0.004      17.771   -5180.982    -149.200   -2882.295      -0.268      -0.006       0.004
       78.008      29.861    5930.637    2882.295      17.565       0.001       2.649
       78.008   67578.648   25127.393       0.000       0.000     269.023
       78.008       0.000       0.000       0.000       0.000       1.000
       78.008    1116.111       2.491      79.192
       79.008      33.885      34.063    -120.632    6103.133     167.949    2877.338    140677.8  21044534.0    6001.064     181.658
       79.008 0.000005131      92.387     258.306       5.677     0.00692     0.45390     0.00827     0.45387   277.29285       0.015
       79.008     181.658      28.828    9999.990      28.998       0.168       0.171       0.000       0.000       0.000
       79.008    6001.038       0.004      17.870   -5255.170    -152.090   -2893.584      -0.264      -0.006       0.004
       79.008      30.791    6001.065    2893.584      15.762       0.001       2.678
       79.008   67524.875   24876.320       0.000       0.000     269.075
       79.008       0.000       0.000       0.000       0.000       1.000
       79.008    1114.690       2.482      81.679
       80.009      33.871      34.049    -120.632    6172.888     168.141    2888.561    143560.7  21047434.0    6072.536     181.666
       80.009 0.000004539      83.698     260.733       5.718     0.00689     0.45348     0.00823     0.45346   277.12964       0.015
       80.009     181.666      28.580    9999.990      28.750       0.167       0.170       0.000       0.000       0.000
       80.009    6072.510       0.004      17.969   -5330.332    -155.026   -2905.034      -0.262      -0.006       0.003
       80.009      31.583    6072.537    2905.034      14.190       0.001       2.706
       80.009   67470.750   24625.486       0.000       0.000     269.126
       80.009       0.000       0.000       0.000       0.000       1.000
       80.009    1113.462       2.475      84.158
       81.009      33.856      34.034    -120.632    6243.703     168.329    2899.942    146454.8  21050344.0    6145.056     181.674
       81.009 0.000004016      75.834     263.169       5.759     0.00685     0.45307     0.00819     0.45305   276.96387       0.015
       81.009     181.674      28.335    9999.990      28.504       0.166       0.168       0.000       0.000       0.000
       81.009    6145.029       0.003      18.069   -5406.471    -158.010   -2916.644      -0.259      -0.006       0.003
       81.009      32.508    6145.056    2916.644      12.776       0.001       2.735
       81.009   67416.398   24374.906       0.000       0.000     269.177
       81.009       0.000       0.000       0.000       0.000       1.000
       81.009    1111.912       2.465      86.629
       82.009      33.841      34.019    -120.632    6315.586     168.516    2911.479    149360.5  21053268.0    6218.629     181.682
       82.009 0.000003553      68.690     265.614       5.802     0.00682     0.45264     0.00814     0.45262   276.79562       0.015
       82.009     181.682      28.093    9999.990      28.261       0.165       0.167       0.000       0.000       0.000
       82.009    6218.602       0.003      18.168   -5483.593    -161.040   -2928.415      -0.257      -0.005       0.003
       82.009      33.386    6218.629    2928.415      11.498       0.001       2.764
       82.009   67361.836   24124.588       0.000       0.000     269.226
       82.009       0.000       0.000       0.000       0.000       1.000
       82.009    1110.017       2.453      89.088
       83.009      33.826      34.004    -120.632    6388.545     168.699    2923.177    152277.8  21056202.0    6293.265     181.690
       83.009 0.000003151      62.396     268.068       5.844     0.00679     0.45221     0.00810     0.45219   276.62488       0.015
       83.009     181.690      27.854    9999.990      28.020       0.164       0.166       0.000       0.000       0.000
       83.009    6293.239       0.003      18.269   -5561.708    -164.119   -2940.347      -0.254      -0.006       0.003
       83.009      34.303    6293.265    2940.347      10.378       0.000       2.793
       83.009   67307.047   23874.506       0.000       0.000     269.275
       83.009       0.000       0.000       0.000       0.000       1.000
       83.009    1108.311       2.443      91.537
       84.010      33.811      33.989    -120.632    6462.583     168.880    2935.033    155206.8  21059148.0    6368.964     181.698
       84.010 0.000002807      56.933     270.531       5.888     0.00676     0.45178     0.00806     0.45176   276.45166       0.015
       84.010     181.698      27.618    9999.990      27.783       0.163       0.165       0.000       0.000       0.000
       84.010    6368.938       0.005      18.369   -5640.818    -167.239   -2952.441      -0.252      -0.006       0.004
       84.010      35.196    6368.965    2952.441       9.408       0.000       2.823
       84.010   67252.039   23624.662       0.000       0.000     269.323
       84.010       0.000       0.000       0.000       0.000       1.000
       84.010    1107.072       2.436      93.977
       85.010      33.795      33.973    -120.632    6537.710     169.059    2947.050    158147.8  21062106.0    6445.740     181.706
       85.010 0.000002501      51.949     270.650       5.957     0.00673     0.45108     0.00803     0.45106   276.17413       0.015
       85.010     181.706      27.384    9999.990      27.548       0.162       0.164       0.000       0.000       0.000
       85.010    6445.713       0.005      18.470   -5720.934    -170.404   -2964.699      -0.250      -0.006       0.004
       85.010      36.087    6445.740    2964.699       8.529       0.000       2.853
       85.010   67196.992   23375.088       0.000       0.000     269.371
       85.010       0.000       0.000       0.000       0.000       1.000
       85.010    1105.323       2.425      96.408
       86.010      33.780      33.958    -120.632    6613.939     169.235    2959.233    161100.8  21065078.0    6523.604     181.714
       86.010 0.000002228      47.402     270.650       6.029     0.00671     0.45036     0.00799     0.45034   275.88632       0.015
       86.010     181.714      27.153    9999.990      27.316       0.161       0.163       0.000       0.000       0.000
       86.010    6523.577       0.004      18.572   -5802.067    -173.620   -2977.126      -0.247      -0.006       0.004
       86.010      37.051    6523.604    2977.126       7.732       0.000       2.883
       86.010   67141.812   23125.764       0.000       0.000     269.419
       86.010       0.000       0.000       0.000       0.000       1.000
       86.010    1103.376       2.413      98.827
       87.000      33.764      33.942    -120.632    6690.504     169.407    2971.460    164036.4  21068030.0    6601.772     181.722
       87.000 0.000001996      43.495     270.650       6.101     0.00669     0.44963     0.00796     0.44961   275.59738       0.015
       87.000     181.722      26.927    9999.990      27.089       0.160       0.162       0.000       0.000       0.000
       87.000    6601.746       0.004      18.672   -5883.403    -176.858   -2989.597      -0.244      -0.005       0.003
       87.000      37.991    6601.772    2989.597       7.049       0.000       2.914
       87.000   67087.016   22879.166       0.000       0.000     269.465
       87.000       0.000       0.000       0.000       0.000       1.000
       87.000    1102.052       2.405     101.213
       88.000      33.748      33.926    -120.632    6768.781     169.578    2983.899    167014.1  21071026.0    6681.652     181.730
       88.000 0.000001787      39.890     270.650       6.175     0.00666     0.44889     0.00792     0.44887   275.30209       0.015
       88.000     181.730      26.701    9999.990      26.862       0.159       0.161       0.000       0.000       0.000
       88.000    6681.626       0.005      18.773   -5966.431    -180.166   -3002.285      -0.241      -0.006       0.004
       88.000      38.945    6681.652    3002.285       6.421       0.000       2.928
       88.000   66664.336   22630.889       0.000       0.000     269.795
       88.000       0.000       0.000       0.000       0.000       1.000
       88.000    1100.548       2.396     103.614
       89.001      33.731      33.909    -120.632    6847.477     169.745    2996.187    170004.0  21074036.0    6761.925     181.737
       89.001 0.000001600      36.585     269.535       6.262     0.00664     0.44802     0.00789     0.44800   274.95486       0.015
       89.001     181.737      26.478    9999.990      26.638       0.158       0.160       0.000       0.000       0.000
       89.001    6761.899       0.004      18.872   -6049.859    -183.509   -3014.823      -0.239      -0.006       0.003
       89.001      39.929    6761.925    3014.823       5.850       0.000       2.936
       89.001   66076.781   22385.109       0.000       0.000     270.259
       89.001       0.000       0.000       0.000       0.000       1.000
       89.001    1098.673       2.385     106.005
       90.001      33.715      33.893    -120.632    6926.545     169.909    3008.305    173006.2  21077056.0    6842.543     181.745
       90.001 0.000001435      33.592     267.014       6.367     0.00662     0.44698     0.00786     0.44696   274.53693       0.015
       90.001     181.745      26.258    9999.990      26.416       0.156       0.159       0.000       0.000       0.000
       90.001    6842.518       0.005      18.969   -6133.644    -186.882   -3027.192      -0.237      -0.006       0.004
       90.001      40.941    6842.544    3027.192       5.336       0.000       2.943
       90.001   65489.164   22141.928       0.000       0.000     270.733
       90.001       0.000       0.000       0.000       0.000       1.000
       90.001    1096.634       2.372     108.384
       91.001      33.698      33.876    -120.632    7005.975     170.069    3020.252    176020.5  21080090.0    6923.496     181.753
       91.001 0.000001288      30.878     264.484       6.473     0.00661     0.44591     0.00784     0.44589   274.11273       0.015
       91.001     181.753      26.040    9999.990      26.198       0.155       0.158       0.000       0.000       0.000
       91.001    6923.469       0.004      19.064   -6217.772    -190.275   -3039.391      -0.234      -0.006       0.003
       91.001      41.962    6923.496    3039.391       4.872       0.000       2.950
       91.001   64901.453   21901.342       0.000       0.000     271.217
       91.001       0.000       0.000       0.000       0.000       1.000
       91.001    1094.538       2.360     110.750
       92.001      33.681      33.859    -120.632    7085.753     170.226    3032.027    179046.6  21083134.0    7004.773     181.761
       92.001 0.000001157      28.387     261.945       6.581     0.00659     0.44483     0.00781     0.44481   273.68219       0.015
       92.001     181.760      25.825    9999.990      25.981       0.154       0.157       0.000       0.000       0.000
       92.001    7004.748       0.004      19.158   -6302.235    -193.708   -3051.418      -0.232      -0.006       0.004
       92.001      42.975    7004.774    3051.418       4.448       0.000       2.956
       92.001   64313.672   21663.357       0.000       0.000     271.711
       92.001       0.000       0.000       0.000       0.000       1.000
       92.001    1092.227       2.346     113.104
       93.001      33.664      33.842    -120.632    7165.869     170.380    3043.627    182084.4  21086192.0    7086.359     181.768
       93.001 0.000001039      26.075     259.397       6.690     0.00658     0.44374     0.00778     0.44372   273.24521       0.015
       93.001     181.768      25.612    9999.990      25.768       0.153       0.156       0.000       0.000       0.000
       93.001    7086.334       0.004      19.248   -6387.018    -197.160   -3063.271      -0.230      -0.005       0.003
       93.001      43.997    7086.360    3063.271       4.058       0.000       2.962
       93.001   63725.828   21427.971       0.000       0.000     272.216
       93.001       0.000       0.000       0.000       0.000       1.000
       93.001    1089.546       2.330     115.442
       94.002      33.646      33.824    -120.632    7246.311     170.530    3055.052    185133.7  21089262.0    7168.249     181.776
       94.002 0.000000928      23.840     256.840       6.801     0.00656     0.44263     0.00775     0.44261   272.80164       0.015
       94.002     181.776      25.402    9999.990      25.557       0.152       0.155       0.000       0.000       0.000
       94.002    7168.222       0.005      19.336   -6472.111    -200.642   -3074.950      -0.228      -0.006       0.003
       94.002      45.074    7168.248    3074.950       3.685       0.000       2.968
       94.002   63137.938   21195.182       0.000       0.000     272.732
       94.002       0.000       0.000       0.000       0.000       1.000
       94.002    1085.837       2.308     117.762
       95.002      33.629      33.806    -120.632    7327.068     170.677    3066.300    188194.3  21092342.0    7250.430     181.783
       95.002 0.000000829      21.796     254.274       6.913     0.00654     0.44150     0.00773     0.44148   272.35135       0.015
       95.002     181.783      25.194    9999.990      25.348       0.151       0.153       0.000       0.000       0.000
       95.002    7250.404       0.005      19.424   -6557.505    -204.160   -3086.452      -0.226      -0.005       0.004
       95.002      46.126    7250.430    3086.452       3.345       0.000       2.974
       95.002   62549.996   20964.992       0.000       0.000     273.259
       95.002       0.000       0.000       0.000       0.000       1.000
       95.002    1081.928       2.285     120.059
       96.002      33.611      33.788    -120.632    7408.128     170.821    3077.368    191266.0  21095434.0    7332.889     181.791
       96.002 0.000000741      19.926     251.699       7.028     0.00653     0.44036     0.00770     0.44034   271.89426       0.015
       96.002     181.791      24.989    9999.990      25.142       0.150       0.152       0.000       0.000       0.000
       96.002    7332.863       0.004      19.508   -6643.185    -207.696   -3097.776      -0.223      -0.005       0.003
       96.002      47.214    7332.889    3097.776       3.037       0.000       2.979
       96.002   61962.008   20737.400       0.000       0.000     273.798
       96.002       0.000       0.000       0.000       0.000       1.000
       96.002    1077.805       2.261     122.332
       97.002      33.593      33.770    -120.633    7489.478     170.962    3088.257    194348.9  21098538.0    7415.613     181.798
       97.002 0.000000659      18.132     249.116       7.144     0.00651     0.43919     0.00767     0.43918   271.43021       0.015
       97.002     181.798      24.787    9999.990      24.938       0.149       0.151       0.000       0.000       0.000
       97.002    7415.587       0.005      19.589   -6729.138    -211.257   -3108.921      -0.221      -0.005       0.003
       97.002      48.264    7415.613    3108.921       2.744       0.000       2.984
       97.002   61373.980   20512.408       0.000       0.000     274.350
       97.002       0.000       0.000       0.000       0.000       1.000
       97.002    1072.674       2.231     124.578
       98.003      33.574      33.752    -120.634    7571.149     171.101    3098.982    197442.4  21101652.0    7498.637     181.806
       98.003 0.000000586      16.482     246.525       7.261     0.00650     0.43801     0.00764     0.43800   270.95889       0.015
       98.003     181.806      24.586    9999.990      24.737       0.148       0.150       0.000       0.000       0.000
       98.003    7498.612       0.004      19.668   -6815.396    -214.851   -3119.901      -0.219      -0.006       0.003
       98.003      49.391    7498.638    3119.901       2.477       0.000       2.993
       98.003   60883.531   20289.895       0.000       0.000     274.820
       98.003       0.000       0.000       0.000       0.000       1.000
       98.003    1067.199       2.199     126.793
       99.003      33.556      33.733    -120.636    7653.347     171.236    3109.634    200546.7  21104776.0    7582.169     181.813
       99.003 0.000000521      14.981     243.926       7.381     0.00648     0.43681     0.00762     0.43680   270.47934       0.015
       99.003     181.813      24.388    9999.990      24.537       0.147       0.149       0.000       0.000       0.000
       99.003    7582.144       0.003      19.747   -6902.144    -218.484   -3130.811      -0.216      -0.006       0.002
       99.003      50.492    7582.169    3130.811       2.236       0.000       3.006
       99.003   60478.773   20069.258       0.000       0.000     275.215
       99.003       0.000       0.000       0.000       0.000       1.000
       99.003    1061.553       2.167     128.977
      100.003      33.537      33.714    -120.637    7736.098     171.370    3120.224    203661.6  21107912.0    7666.235     181.820
      100.003 0.000000462      13.576     241.318       7.503     0.00646     0.43561     0.00759     0.43560   269.99121       0.015
      100.003     181.820      24.193    9999.990      24.341       0.146       0.148       0.000       0.000       0.000
      100.003    7666.209       0.005      19.824   -6989.406    -222.138   -3141.659      -0.215      -0.006       0.003
      100.003      51.653    7666.235    3141.659       2.011       0.000       3.020
      100.003   60073.984   19850.416       0.000       0.000     275.617
      100.003       0.000       0.000       0.000       0.000       1.000
      100.003    1055.248       2.131     131.126
      101.003      33.518      33.695    -120.639    7819.399     171.501    3130.755    206787.0  21111060.0    7750.833     181.828
      101.003 0.000000409      12.272     238.702       7.628     0.00642     0.43561     0.00753     0.43559   269.49429       0.015
      101.003     181.828      23.999    9999.990      24.146       0.145       0.147       0.000       0.000       0.000
      101.003    7750.808       0.005      19.897   -7077.180    -225.829   -3152.451      -0.212      -0.005       0.003
      101.003      52.787    7750.834    3152.451       1.805       0.000       3.033
      101.003   59669.176   19633.359       0.000       0.000     276.025
      101.003       0.000       0.000       0.000       0.000       1.000
      101.003    1048.377       2.093     133.239
      102.003      33.498      33.676    -120.640    7903.250     171.629    3141.230    209922.9  21114218.0    7835.966     181.835
      102.003 0.000000361      11.090     236.079       7.754     0.00637     0.43560     0.00748     0.43559   268.98834       0.015
      102.003     181.835      23.808    9999.990      23.954       0.144       0.146       0.000       0.000       0.000
      102.003    7835.941       0.005      19.969   -7165.467    -229.564   -3163.186      -0.210      -0.005       0.004
      102.003      53.925    7835.967    3163.186       1.619       0.000       3.047
      102.003   59264.336   19418.088       0.000       0.000     276.440
      102.003       0.000       0.000       0.000       0.000       1.000
      102.003    1041.341       2.054     135.313
      103.004      33.479      33.656    -120.641    7987.648     171.756    3151.646    213069.4  21117386.0    7921.626     181.842
      103.004 0.000000319      10.004     233.447       7.883     0.00632     0.43560     0.00743     0.43558   268.47314       0.015
      103.004     181.842      23.619    9999.990      23.764       0.143       0.145       0.000       0.000       0.000
      103.004    7921.602       0.006      20.041   -7254.261    -233.324   -3173.865      -0.209      -0.005       0.003
      103.004      55.141    7921.627    3173.865       1.450       0.000       3.060
      103.004   58859.477   19204.557       0.000       0.000     276.640
      103.004       0.000       0.000       0.000       0.000       1.000
      103.004    1033.879       2.014     137.347
      104.004      33.459      33.636    -120.643    8072.590     171.880    3162.006    216226.1  21120566.0    8007.813     181.849
      104.004 0.000000280       8.989     230.808       8.014     0.00628     0.43560     0.00737     0.43558   267.94843       0.014
      104.004     181.849      23.433    9999.990      23.577       0.142       0.144       0.000       0.000       0.000
      104.004    8007.788       0.004      20.110   -7343.561    -237.118   -3184.489      -0.206      -0.006       0.003
      104.004      56.318    8007.813    3184.489       1.293       0.000       3.073
      104.004   58454.594   18992.533       0.000       0.000     276.640
      104.004       0.000       0.000       0.000       0.000       1.000
      104.004    1025.634       1.970     139.339
      105.004      33.439      33.616    -120.644    8158.074     172.002    3172.314    219393.2  21123756.0    8094.528     181.857
      105.004 0.000000246       8.073     228.160       8.148     0.00623     0.43559     0.00732     0.43557   267.41394       0.014
      105.004     181.857      23.248    9999.990      23.391       0.141       0.143       0.000       0.000       0.000
      105.004    8094.503       0.006      20.177   -7433.364    -240.960   -3195.061      -0.204      -0.005       0.004
      105.004      57.508    8094.528    3195.061       1.153       0.000       3.087
      105.004   58049.703   18781.967       0.000       0.000     276.640
      105.004       0.000       0.000       0.000       0.000       1.000
      105.004    1017.227       1.926     141.287
      106.004      33.419      33.596    -120.645    8244.102     172.122    3182.569    222570.6  21126956.0    8181.767     181.864
      106.004 0.000000216       7.245     225.505       8.284     0.00618     0.43559     0.00726     0.43557   266.86942       0.014
      106.004     181.864      23.066    9999.990      23.208       0.140       0.142       0.000       0.000       0.000
      106.004    8181.742       0.005      20.243   -7523.670    -244.814   -3205.583      -0.202      -0.005       0.003
      106.004      58.758    8181.767    3205.583       1.027       0.000       3.100
      106.004   57644.785   18572.871       0.000       0.000     276.640
      106.004       0.000       0.000       0.000       0.000       1.000
      106.004    1008.592       1.881     143.191
      107.004      33.398      33.575    -120.647    8330.674     172.240    3192.775    225758.3  21130166.0    8269.536     181.871
      107.004 0.000000189       6.469     222.842       8.423     0.00614     0.43558     0.00721     0.43557   266.31454       0.014
      107.004     181.871      22.886    9999.990      23.027       0.139       0.141       0.000       0.000       0.000
      107.004    8269.512       0.006      20.306   -7614.483    -248.724   -3216.056      -0.201      -0.005       0.003
      107.004      59.958    8269.537    3216.056       0.910       0.000       3.113
      107.004   57239.859   18365.232       0.000       0.000     276.640
      107.004       0.000       0.000       0.000       0.000       1.000
      107.004     998.999       1.832     145.048
      108.005      33.377      33.554    -120.648    8417.785     172.356    3202.934    228956.0  21133388.0    8357.827     181.878
      108.005 0.000000165       5.773     220.172       8.564     0.00609     0.43558     0.00715     0.43556   265.74905       0.014
      108.005     181.878      22.709    9999.990      22.848       0.138       0.140       0.000       0.000       0.000
      108.005    8357.802       0.005      20.367   -7705.793    -252.650   -3226.483      -0.199      -0.005       0.003
      108.005      61.204    8357.826    3226.483       0.806       0.000       3.127
      108.005   56834.918   18159.062       0.000       0.000     276.640
      108.005       0.000       0.000       0.000       0.000       1.000
      108.005     989.249       1.784     146.857
      109.005      33.356      33.533    -120.649    8505.436     172.470    3213.047    232163.9  21136618.0    8446.644     181.885
      109.005 0.000000144       5.149     217.493       8.708     0.00604     0.43557     0.00710     0.43556   265.17261       0.014
      109.005     181.885      22.533    9999.990      22.671       0.137       0.139       0.000       0.000       0.000
      109.005    8446.619       0.005      20.427   -7797.604    -256.622   -3236.865      -0.197      -0.005       0.004
      109.005      62.471    8446.644    3236.865       0.713       0.000       3.140
      109.005   56429.965   17954.355       0.000       0.000     276.640
      109.005       0.000       0.000       0.000       0.000       1.000
      109.005     979.337       1.736     148.617
      110.005      33.335      33.512    -120.651    8593.627     172.582    3223.116    235382.0  21139860.0    8535.985     181.892
      110.005 0.000000125       4.561     214.807       8.855     0.00600     0.43557     0.00704     0.43555   264.58490       0.014
      110.005     181.892      22.359    9999.990      22.497       0.136       0.137       0.000       0.000       0.000
      110.005    8535.960       0.004      20.484   -7889.916    -260.627   -3247.205      -0.195      -0.005       0.003
      110.005      63.756    8535.984    3247.205       0.627       0.000       3.154
      110.005   56025.004   17751.111       0.000       0.000     276.640
      110.005       0.000       0.000       0.000       0.000       1.000
      110.005     968.220       1.683     150.327
      111.005      33.314      33.490    -120.652    8682.356     172.692    3233.142    238610.1  21143114.0    8625.848     181.899
      111.005 0.000000108       4.034     212.833       8.990     0.00595     0.43556     0.00699     0.43555   264.04584       0.014
      111.005     181.899      22.188    9999.990      22.324       0.135       0.136       0.000       0.000       0.000
      111.005    8625.823       0.005      20.539   -7982.724    -264.658   -3257.503      -0.193      -0.005       0.003
      111.005      65.070    8625.848    3257.503       0.550       0.000       3.167
      111.005   55620.039   17549.330       0.000       0.000     276.640
      111.005       0.000       0.000       0.000       0.000       1.000
      111.005     956.816       1.630     151.983
      112.006      33.292      33.469    -120.654    8771.628     172.800    3243.132    241848.2  21146376.0    8716.240     181.906
      112.006 0.000000094       3.565     210.899       9.126     0.00590     0.43556     0.00693     0.43555   263.50281       0.014
      112.006     181.906      22.018    9999.990      22.154       0.133       0.135       0.000       0.000       0.000
      112.006    8716.216       0.006      20.593   -8076.035    -268.740   -3267.765      -0.191      -0.006       0.004
      112.006      66.369    8716.240    3267.765       0.483       0.000       3.181
      112.006   55215.059   17349.012       0.000       0.000     276.640
      112.006       0.000       0.000       0.000       0.000       1.000
      112.006     945.252       1.577     153.587
      113.006      33.270      33.447    -120.655    8861.369     172.907    3253.056    245096.2  21149648.0    8807.085     181.913
      113.006 0.000000081       3.138     208.959       9.263     0.00586     0.43556     0.00688     0.43554   262.95163       0.013
      113.006     181.913      21.851    9999.990      21.985       0.132       0.134       0.000       0.000       0.000
      113.006    8807.061       0.005      20.645   -8169.778    -272.838   -3277.963      -0.189      -0.005       0.003
      113.006      67.685    8807.084    3277.963       0.421       0.000       3.180
      113.006   54574.488   17150.295       0.000       0.000     276.640
      113.006       0.000       0.000       0.000       0.000       1.000
      113.006     933.009       1.523     155.137
      114.006      33.248      33.424    -120.656    8950.540     173.010    3262.531    248354.1  21152932.0    8897.335     181.920
      114.006 0.000000070       2.755     207.013       9.402     0.00581     0.43555     0.00683     0.43554   262.39645       0.013
      114.006     181.920      21.686    9999.990      21.819       0.131       0.133       0.000       0.000       0.000
      114.006    8897.312       0.005      20.691   -8262.979    -276.947   -3287.711      -0.188      -0.005       0.004
      114.006      69.027    8897.336    3287.711       0.367       0.000       3.148
      114.006   53398.770   16955.166       0.000       0.000     276.640
      114.006       0.000       0.000       0.000       0.000       1.000
      114.006     920.261       1.468     156.633
      115.006      33.225      33.402    -120.658    9038.755     173.111    3271.421    251621.0  21156224.0    8986.601     181.926
      115.006 0.000000060       2.417     205.063       9.542     0.00577     0.43555     0.00677     0.43553   261.83896       0.013
      115.006     181.926      21.522    9999.990      21.655       0.130       0.132       0.000       0.000       0.000
      115.006    8986.578       0.005      20.731   -8355.278    -281.045   -3296.869      -0.187      -0.005       0.002
      115.006      70.373    8986.602    3296.869       0.319       0.000       3.114
      115.006   52223.043   16764.283       0.000       0.000     276.640
      115.006       0.000       0.000       0.000       0.000       1.000
      115.006     907.192       1.413     158.074
      116.006      33.202      33.379    -120.659    9125.963     173.208    3279.716    254896.5  21159524.0    9074.829     181.933
      116.006 0.000000051       2.113     203.109       9.682     0.00572     0.43554     0.00672     0.43553   261.27924       0.013
      116.006     181.933      21.361    9999.990      21.492       0.129       0.131       0.000       0.000       0.000
      116.006    9074.806       0.005      20.766   -8446.619    -285.116   -3305.429      -0.184      -0.005       0.004
      116.006      71.733    9074.829    3305.429       0.277       0.000       3.078
      116.006   51047.312   16577.654       0.000       0.000     276.640
      116.006       0.000       0.000       0.000       0.000       1.000
      116.006     893.519       1.358     159.460
      117.007      33.179      33.356    -120.660    9212.110     173.303    3287.406    258180.2  21162834.0    9161.972     181.940
      117.007 0.000000044       1.843     201.150       9.822     0.00567     0.43554     0.00666     0.43552   260.71750       0.013
      117.007     181.940      21.201    9999.990      21.331       0.128       0.130       0.000       0.000       0.000
      117.007    9161.947       0.004      20.797   -8536.955    -289.173   -3313.381      -0.183      -0.005       0.003
      117.007      73.116    9161.971    3313.381       0.240       0.000       3.041
      117.007   49871.582   16395.275       0.000       0.000     276.640
      117.007       0.000       0.000       0.000       0.000       1.000
      117.007     879.332       1.302     160.790
      118.007      33.156      33.333    -120.662    9297.141     173.394    3294.479    261471.1  21166152.0    9247.966     181.947
      118.007 0.000000038       1.605     199.187       9.963     0.00563     0.43553     0.00661     0.43552   260.15384       0.013
      118.007     181.947      21.043    9999.990      21.172       0.127       0.129       0.000       0.000       0.000
      118.007    9247.944       0.005      20.820   -8626.227    -293.213   -3320.712      -0.181      -0.005       0.003
      118.007      74.521    9247.968    3320.712       0.207       0.000       3.002
      118.007   48695.840   16217.145       0.000       0.000     276.640
      118.007       0.000       0.000       0.000       0.000       1.000
      118.007     864.873       1.246     162.064
      119.007      33.133      33.309    -120.663    9381.002     173.483    3300.926    264768.8  21169476.0    9332.769     181.953
      119.007 0.000000032       1.395     197.221      10.104     0.00558     0.43526     0.00655     0.43525   259.79422       0.013
      119.007     181.953      20.887    9999.990      21.015       0.126       0.128       0.000       0.000       0.000
      119.007    9332.745       0.006      20.838   -8714.387    -297.232   -3327.414      -0.180      -0.005       0.003
      119.007      75.928    9332.769    3327.414       0.178       0.000       2.961
      119.007   47520.102   16043.265       0.000       0.000     276.640
      119.007       0.000       0.000       0.000       0.000       1.000
      119.007     849.924       1.191     163.283
      120.007      33.109      33.285    -120.664    9463.636     173.569    3306.737    268072.7  21172806.0    9416.316     181.960
      120.007 0.000000027       1.208     195.252      10.246     0.00553     0.43489     0.00649     0.43488   259.51077       0.013
      120.007     181.960      20.733    9999.990      20.860       0.125       0.127       0.000       0.000       0.000
      120.007    9416.293       0.007      20.849   -8801.376    -301.227   -3333.475      -0.179      -0.005       0.003
      120.007      77.336    9416.316    3333.475       0.153       0.000       2.919
      120.007   46344.355   15873.634       0.000       0.000     276.640
      120.007       0.000       0.000       0.000       0.000       1.000
      120.007     834.453       1.136     164.447
      121.007      33.085      33.261    -120.666    9544.989     173.652    3311.901    271382.1  21176142.0    9498.559     181.967
      121.007 0.000000023       1.045     193.280      10.388     0.00548     0.43451     0.00644     0.43450   259.22662       0.013
      121.007     181.967      20.580    9999.990      20.706       0.124       0.126       0.000       0.000       0.000
      121.007    9498.535       0.005      20.857   -8887.143    -305.196   -3338.886      -0.177      -0.005       0.003
      121.007      78.774    9498.558    3338.886       0.131       0.000       2.875
      121.007   45168.609   15708.254       0.000       0.000     276.640
      121.007       0.000       0.000       0.000       0.000       1.000
      121.007     818.763       1.082     165.555
      122.008      33.061      33.237    -120.667    9625.007     173.733    3316.408    274696.2  21179484.0    9579.438     181.973
      122.008 0.000000020       0.902     191.306      10.530     0.00543     0.43414     0.00638     0.43413   258.94189       0.013
      122.008     181.973      20.429    9999.990      20.554       0.123       0.125       0.000       0.000       0.000
      122.008    9579.417       0.005      20.858   -8971.632    -309.136   -3343.635      -0.176      -0.005       0.004
      122.008      80.229    9579.439    3343.635       0.112       0.000       2.829
      122.008   43992.863   15547.125       0.000       0.000     276.640
      122.008       0.000       0.000       0.000       0.000       1.000
      122.008     802.610       1.028     166.611
      123.008      33.037      33.213    -120.669    9703.627     173.811    3320.247    278014.5  21182830.0    9658.896     181.980
      123.008 0.000000017       0.774     189.330      10.673     0.00539     0.43376     0.00632     0.43375   258.65668       0.012
      123.008     181.980      20.279    9999.990      20.403       0.122       0.124       0.000       0.000       0.000
      123.008    9658.873       0.006      20.851   -9054.782    -313.047   -3347.712      -0.174      -0.005       0.002
      123.008      81.693    9658.896    3347.712       0.096       0.000       2.782
      123.008   42817.109   15390.246       0.000       0.000     276.640
      123.008       0.000       0.000       0.000       0.000       1.000
      123.008     785.785       0.974     167.612
      124.008      33.012      33.188    -120.670    9780.800     173.887    3323.408    281336.4  21186178.0    9736.882     181.987
      124.008 0.000000014       0.664     187.353      10.816     0.00534     0.43339     0.00627     0.43338   258.37109       0.012
      124.008     181.987      20.131    9999.990      20.254       0.121       0.123       0.000       0.000       0.000
      124.008    9736.859       0.004      20.841   -9136.548    -316.924   -3351.107      -0.173      -0.005       0.003
      124.008      83.182    9736.882    3351.107       0.081       0.000       2.732
      124.008   41641.363   15237.617       0.000       0.000     276.640
      124.008       0.000       0.000       0.000       0.000       1.000
      124.008     768.798       0.922     168.561

ACTUAL STAGE BURN TERMINATION TIME:      124.188 SEC

THE INERTIAL VELOCITY IS:      9794.53 FT/SEC

      125.008      32.987      33.163    -120.671    9785.755     173.901    3301.479    284651.4  21189522.0    9741.997     181.993
      125.008 0.000000012       0.560     186.867      10.836     0.00519     0.48333     0.00621     0.48332   258.32852       0.011
      125.008     181.993      19.983    9999.990      20.104       0.120       0.122       0.000       0.000       0.000
      125.008    9741.975       0.004      20.674   -9149.947    -318.380   -3329.203      -0.174      -0.005       0.003
      125.008      84.662    9741.996    3329.203       0.068       0.000      -0.000
      125.008       0.000   15210.595       0.000       0.000       0.000
      125.008       0.000       0.000       0.000       0.000       1.000
      125.008     744.243       0.851     169.447
      126.009      32.963      33.139    -120.673    9786.219     173.912    3277.922    287939.8  21192838.0    9742.582     181.999
      126.009 0.000000010       0.469     186.867      10.836     0.00000     0.00000     0.00000     0.00000     0.00000       0.000
      126.009     181.999      19.834    9999.990      19.955       0.119       0.121       0.000       0.000       0.000
      126.009    9742.562       0.006      20.497   -9159.057    -319.709   -3305.658      -0.174      -0.005       0.003
      126.009      86.140    9742.583    3305.658       0.057       0.000       1.676
      126.009   22446.547   13392.993       0.000       0.000     291.074
      126.009       0.000       0.000       0.000       0.000       1.000
      126.009     719.025       0.782     170.264
      127.009      32.938      33.114    -120.674    9830.515     173.959    3269.268    291213.2  21196138.0    9787.394     182.006
      127.009 0.000000008       0.396     186.867      10.886     0.00000     0.00000     0.00000     0.00000     0.00000       0.000
      127.009     182.006      19.687    9999.990      19.806       0.118       0.119       0.000       0.000       0.000
      127.009    9787.372       0.006      20.412   -9209.662    -322.524   -3297.143      -0.173      -0.005       0.004
      127.009      87.634    9787.394    3297.143       0.047       0.000       1.760
      127.009   23437.098   13314.157       0.000       0.000     291.075
      127.009       0.000       0.000       0.000       0.000       1.000
      127.009     698.588       0.729     171.019
      128.009      32.913      33.089    -120.675    9877.607     174.007    3261.449    294478.7  21199432.0    9835.018     182.012
      128.009 0.000000007       0.335     186.867      10.939     0.00000     0.00000     0.00000     0.00000     0.00000       0.000
      128.009     182.012      19.540    9999.990      19.658       0.117       0.118       0.000       0.000       0.000
      128.009    9834.997       0.004      20.330   -9262.886    -325.421   -3289.470      -0.172      -0.005       0.003
      128.009      89.127    9835.019    3289.470       0.040       0.000       1.846
      128.009   24427.646   13231.920       0.000       0.000     291.075
      128.009       0.000       0.000       0.000       0.000       1.000
      128.009     678.645       0.680     171.724
      129.008      32.888      33.063    -120.677    9927.543     174.058    3254.473    297736.7  21202718.0    9885.507     182.018
      129.008 0.000000006       0.284     186.867      10.995     0.00000     0.00000     0.00000     0.00000     0.00000       0.000
      129.008     182.018      19.394    9999.990      19.512       0.116       0.117       0.000       0.000       0.000
      129.008    9885.487       0.006      20.253   -9318.777    -328.432   -3282.647      -0.171      -0.005       0.004
      129.008      90.626    9885.508    3282.647       0.033       0.000       1.933
      129.008   25417.439   13146.281       0.000       0.000     291.075
      129.008       0.000       0.000       0.000       0.000       1.000
      129.008     659.402       0.635     172.381
      130.008      32.862      33.038    -120.678    9980.372     174.110    3248.345    300988.0  21205998.0    9938.913     182.025
      130.008 0.000000005       0.240     186.920      11.055     0.00000     0.00000     0.00000     0.00000     0.00000       0.000
      130.008     182.025      19.249    9999.990      19.366       0.115       0.116       0.000       0.000       0.000
      130.008    9938.894       0.007      20.179   -9377.389    -331.557   -3276.681      -0.171      -0.005       0.003
      130.008      92.178    9938.914    3276.681       0.028       0.000       2.022
      130.008   26407.234   13057.239       0.000       0.000     291.075
      130.008       0.000       0.000       0.000       0.000       1.000
      130.008     640.640       0.594     172.995
      131.007      32.837      33.013    -120.680   10036.150     174.164    3243.074    304233.6  21209272.0    9995.287     182.031
      131.007 0.000000004       0.204     187.155      11.117     0.00000     0.00000     0.00000     0.00000     0.00000       0.000
      131.007     182.031      19.106    9999.990      19.221       0.114       0.115       0.000       0.000       0.000
      131.007    9995.267       0.005      20.110   -9438.773    -334.780   -3271.580      -0.169      -0.005       0.003
      131.007      93.681    9995.287    3271.580       0.023       0.000       2.113
      131.007   27397.025   12964.801       0.000       0.000     291.075
      131.007       0.000       0.000       0.000       0.000       1.000
      131.007     622.357       0.555     173.570
      132.007      32.811      32.987    -120.681   10094.938     174.220    3238.669    307474.5  21212540.0   10054.687     182.038
      132.007 0.000000003       0.172     187.580      11.183     0.00000     0.00000     0.00000     0.00000     0.00000       0.000
      132.007     182.038      18.963    9999.990      19.077       0.113       0.114       0.000       0.000       0.000
      132.007   10054.667       0.005      20.045   -9502.990    -338.104   -3267.353      -0.169      -0.005       0.003
      132.007      95.212   10054.687    3267.353       0.020       0.000       2.206
      132.007   28386.818   12868.959       0.000       0.000     291.075
      132.007       0.000       0.000       0.000       0.000       1.000
      132.007     604.510       0.520     174.107
      133.006      32.786      32.961    -120.682   10156.795     174.277    3235.140    310711.6  21215806.0   10117.176     182.044
      133.006 0.000000003       0.146     188.196      11.253     0.00000     0.00000     0.00000     0.00000     0.00000       0.000
      133.006     182.044      18.821    9999.990      18.935       0.111       0.113       0.000       0.000       0.000
      133.006   10117.157       0.007      19.983   -9570.102    -341.535   -3264.010      -0.168      -0.005       0.002
      133.006      96.771   10117.177    3264.010       0.017       0.000       2.300
      133.006   29376.609   12769.718       0.000       0.000     291.075
      133.006       0.000       0.000       0.000       0.000       1.000
      133.006     587.101       0.486     174.609
      134.006      32.760      32.935    -120.684   10221.787     174.336    3232.499    313945.1  21219070.0   10182.825     182.050
      134.006 0.000000002       0.124     189.008      11.326     0.00000     0.00000     0.00000     0.00000     0.00000       0.000
      134.006     182.050      18.681    9999.990      18.793       0.110       0.112       0.000       0.000       0.000
      134.006   10182.805       0.007      19.925   -9640.177    -345.110   -3261.564      -0.167      -0.005       0.004
      134.006      98.333   10182.824    3261.564       0.014       0.000       2.397
      134.006   30366.400   12667.076       0.000       0.000     291.075
      134.006       0.000       0.000       0.000       0.000       1.000
      134.006     570.116       0.456     175.080
      135.005      32.734      32.909    -120.685   10289.983     174.396    3230.757    317176.4  21222330.0   10251.693     182.057
      135.005 0.000000002       0.105     190.023      11.403     0.00000     0.00000     0.00000     0.00000     0.00000       0.000
      135.005     182.057      18.542    9999.990      18.653       0.109       0.111       0.000       0.000       0.000
      135.005   10251.675       0.006      19.870   -9713.278    -348.798   -3260.027      -0.165      -0.005       0.004
      135.005      99.892   10251.694    3260.027       0.012       0.000       2.496
      135.005   31356.191   12561.034       0.000       0.000     291.075
      135.005       0.000       0.000       0.000       0.000       1.000
      135.005     553.619       0.427     175.521
      136.005      32.707      32.883    -120.686   10361.463     174.459    3229.930    320406.4  21225590.0   10323.864     182.063
      136.005 0.000000002       0.089     191.249      11.483     0.00000     0.00000     0.00000     0.00000     0.00000       0.000
      136.005     182.063      18.404    9999.990      18.514       0.108       0.110       0.000       0.000       0.000
      136.005   10323.846       0.006      19.820   -9789.488    -352.605   -3259.412      -0.165      -0.005       0.004
      136.005     101.489   10323.865    3259.412       0.010       0.000       2.598
      136.005   32345.982   12451.591       0.000       0.000     291.075
      136.005       0.000       0.000       0.000       0.000       1.000
      136.005     537.530       0.401     175.935
      137.004      32.681      32.856    -120.688   10436.303     174.522    3230.031    323636.1  21228848.0   10399.414     182.069
      137.004 0.000000001       0.075     192.697      11.567     0.00000     0.00000     0.00000     0.00000     0.00000       0.000
      137.004     182.069      18.267    9999.990      18.376       0.107       0.109       0.000       0.000       0.000
      137.004   10399.395       0.005      19.773   -9868.881    -356.535   -3259.736      -0.164      -0.005       0.003
      137.004     103.083   10399.413    3259.736       0.008       0.000       2.702
      137.004   33335.773   12338.748       0.000       0.000     291.075
      137.004       0.000       0.000       0.000       0.000       1.000
      137.004     521.807       0.376     176.323
      138.003      32.654      32.829    -120.689   10514.587     174.587    3231.079    326865.8  21232108.0   10478.426     182.075
      138.003 0.000000001       0.064     194.381      11.655     0.00000     0.00000     0.00000     0.00000     0.00000       0.000
      138.003     182.075      18.132    9999.990      18.240       0.106       0.108       0.000       0.000       0.000
      138.003   10478.407       0.006      19.730   -9951.540    -360.594   -3261.015      -0.162      -0.005       0.003
      138.003     104.699   10478.426    3261.015       0.007       0.000       2.808
      138.003   34325.562   12222.505       0.000       0.000     291.075
      138.003       0.000       0.000       0.000       0.000       1.000
      138.003     506.896       0.354     176.688
      139.003      32.627      32.802    -120.690   10596.401     174.654    3233.090    330098.3  21235370.0   10560.984     182.081
      139.003 0.000000001       0.055     196.321      11.747     0.00000     0.00000     0.00000     0.00000     0.00000       0.000
      139.003     182.081      17.999    9999.990      18.105       0.105       0.107       0.000       0.000       0.000
      139.003   10560.966       0.005      19.691  -10037.550    -364.788   -3263.267      -0.161      -0.005       0.002
      139.003     106.304   10560.984    3263.267       0.006       0.000       2.918
      139.003   35315.352   12102.859       0.000       0.000     291.075
      139.003       0.000       0.000       0.000       0.000       1.000
      139.003     492.632       0.333     177.031
      140.002      32.600      32.775    -120.692   10681.845     174.721    3236.084    333332.7  21238636.0   10647.190     182.087
      140.002 0.000000001       0.047     198.541      11.842     0.00000     0.00000     0.00000     0.00000     0.00000       0.000
      140.002     182.087      17.866    9999.990      17.972       0.104       0.106       0.000       0.000       0.000
      140.002   10647.174       0.005      19.654  -10127.009    -369.122   -3266.512      -0.160      -0.005       0.003
      140.002     107.957   10647.192    3266.512       0.005       0.000       3.031
      140.002   36305.141   11979.816       0.000       0.000     291.075
      140.002       0.000       0.000       0.000       0.000       1.000
      140.002     478.686       0.314     177.354
      141.002      32.572      32.747    -120.693   10770.985     174.791    3240.073    336570.7  21241904.0   10737.112     182.094
      141.002 0.000000001       0.040     201.071      11.942     0.00000     0.00000     0.00000     0.00000     0.00000       0.000
      141.002     182.094      17.735    9999.990      17.840       0.103       0.105       0.000       0.000       0.000
      141.002   10737.094       0.005      19.622  -10219.985    -373.604   -3270.762      -0.159      -0.005       0.004
      141.002     109.585   10737.111    3270.762       0.004       0.000       3.137
      141.002   37179.715   11853.410       0.000       0.000     291.075
      141.002       0.000       0.000       0.000       0.000       1.000
      141.002     465.249       0.297     177.660
      142.001      32.545      32.720    -120.695   10862.853     174.860    3244.751    339813.1  21245176.0   10829.761     182.099
      142.001 0.000000001       0.034     203.953      12.046     0.00000     0.00000     0.00000     0.00000     0.00000       0.000
      142.001     182.099      17.606    9999.990      17.710       0.102       0.104       0.000       0.000       0.000
      142.001   10829.744       0.005      19.592  -10315.545    -378.142   -3275.709      -0.157      -0.004       0.003
      142.001     111.247   10829.762    3275.709       0.004       0.000       3.204
      142.001   37569.102   11725.004       0.000       0.000     291.075
      142.001       0.000       0.000       0.000       0.000       1.000
      142.001     452.349       0.280     177.948
      143.001      32.517      32.692    -120.696   10956.989     174.930    3249.974    343060.4  21248456.0   10924.680     182.105
      143.001 0.000000000       0.029     207.242      12.151     0.00000     0.00000     0.00000     0.00000     0.00000       0.000
      143.001     182.105      17.479    9999.990      17.581       0.101       0.103       0.000       0.000       0.000
      143.001   10924.662       0.005      19.561  -10413.253    -382.725   -3281.206      -0.156      -0.005       0.003
      143.001     112.915   10924.680    3281.206       0.003       0.000       3.274
      143.001   37958.488   11595.258       0.000       0.000     291.075
      143.001       0.000       0.000       0.000       0.000       1.000
      143.001     439.620       0.265     178.220
      144.000      32.489      32.663    -120.697   11053.453     175.001    3255.756    346313.2  21251740.0   11021.954     182.111
      144.000 0.000000000       0.025     211.019      12.259     0.00000     0.00000     0.00000     0.00000     0.00000       0.000
      144.000     182.111      17.352    9999.990      17.454       0.100       0.102       0.000       0.000       0.000
      144.000   11021.938       0.006      19.532  -10513.187    -387.607   -3287.269      -0.155      -0.005       0.004
      144.000     114.620   11021.955    3287.269       0.003       0.000       3.345
      144.000   38347.879   11464.173       0.000       0.000     291.075
      144.000       0.000       0.000       0.000       0.000       1.000
      144.000     427.130       0.251     178.478
      145.010      32.460      32.634    -120.699   11153.314     175.073    3262.179    349604.7  21255062.0   11122.633     182.118
      145.010 0.000000000       0.021     215.448      12.371     0.00000     0.00000     0.00000     0.00000     0.00000       0.000
      145.010     182.118      17.227    9999.990      17.327       0.099       0.101       0.000       0.000       0.000
      145.010   11122.616       0.007      19.545  -10616.427    -392.592   -3293.981      -0.153      -0.005       0.003
      145.010     116.361   11122.634    3293.981       0.002       0.000       3.419
      145.010   38741.160   11330.422       0.000       0.000     291.075
      145.010       0.000       0.000       0.000       0.000       1.000
      145.010     414.941       0.237     178.724
      146.009      32.431      32.606    -120.700   11254.657     175.144    3269.132    352870.2  21258360.0   11224.784     182.124
      146.009 0.000000000       0.018     220.633      12.485     0.00000     0.00000     0.00000     0.00000     0.00000       0.000
      146.009     182.124      17.104    9999.990      17.204       0.098       0.100       0.000       0.000       0.000
      146.009   11224.769       0.007      19.559  -10720.989    -397.587   -3301.228      -0.152      -0.005       0.003
      146.009     118.089   11224.786    3301.228       0.002       0.000       3.495
      146.009   39130.543   11196.650       0.000       0.000     291.075
      146.009       0.000       0.000       0.000       0.000       1.000
      146.009     403.038       0.224     178.955
      147.008      32.402      32.576    -120.701   11358.532     175.215    3276.695    356143.1  21261666.0   11329.468     182.130
      147.008 0.000000000       0.016     226.958      12.601     0.00000     0.00000     0.00000     0.00000     0.00000       0.000
      147.008     182.130      16.982    9999.990      17.081       0.097       0.099       0.000       0.000       0.000
      147.008   11329.451       0.006      19.573  -10827.956    -402.644   -3309.090      -0.150      -0.004       0.003
      147.008     119.827   11329.468    3309.090       0.002       0.000       3.573
      147.008   39519.930   11061.539       0.000       0.000     291.075
      147.008       0.000       0.000       0.000       0.000       1.000
      147.008     391.289       0.213     179.173
      148.008      32.373      32.547    -120.703   11465.020     175.286    3284.883    359423.7  21264978.0   11436.761     182.135
      148.008 0.000000000       0.013     235.190      12.721     0.00000     0.00000     0.00000     0.00000     0.00000       0.000
      148.008     182.135      16.863    9999.990      16.961       0.097       0.098       0.000       0.000       0.000
      148.008   11436.744       0.004      19.590  -10937.406    -407.765   -3317.586      -0.149      -0.004       0.002
      148.008     121.592   11436.761    3317.586       0.001       0.000       3.653
      148.008   39909.316   10925.092       0.000       0.000     291.075
      148.008       0.000       0.000       0.000       0.000       1.000
      148.008     379.535       0.201     179.380
      149.007      32.343      32.517    -120.704   11574.183     175.358    3293.718    362712.8  21268300.0   11546.741     182.141
      149.007 0.000000000       0.011     246.658      12.843     0.00000     0.00000     0.00000     0.00000     0.00000       0.000
      149.007     182.141      16.745    9999.990      16.842       0.096       0.097       0.000       0.000       0.000
      149.007   11546.725       0.007      19.608  -11049.411    -413.041   -3326.734      -0.148      -0.005       0.004
      149.007     123.361   11546.741    3326.734       0.001       0.000       3.736
      149.007   40298.703   10787.306       0.000       0.000     291.075
      149.007       0.000       0.000       0.000       0.000       1.000
      149.007     367.973       0.190     179.576
      150.007      32.313      32.487    -120.705   11686.109     175.430    3303.218    366011.2  21271632.0   11659.505     182.147
      150.007 0.000000000       0.010     258.723      12.968     0.00000     0.00000     0.00000     0.00000     0.00000       0.000
      150.007     182.147      16.629    9999.990      16.725       0.095       0.096       0.000       0.000       0.000
      150.007   11659.488       0.006      19.627  -11164.061    -418.568   -3336.555      -0.146      -0.005       0.004
      150.007     125.161   11659.505    3336.555       0.001       0.000       3.821
      150.007   40688.090   10648.183       0.000       0.000     291.075
      150.007       0.000       0.000       0.000       0.000       1.000
      150.007     356.509       0.180     179.761
      151.006      32.283      32.457    -120.707   11800.887     175.502    3313.405    369319.5  21274974.0   11775.115     182.153
      151.006 0.000000000       0.008     270.823      13.097     0.00000     0.00000     0.00000     0.00000     0.00000       0.000
      151.006     182.153      16.514    9999.990      16.610       0.094       0.096       0.000       0.000       0.000
      151.006   11775.100       0.007      19.647  -11281.425    -424.175   -3347.070      -0.145      -0.005       0.003
      151.006     126.980   11775.116    3347.070       0.001       0.000       3.909
      151.006   41077.473   10507.723       0.000       0.000     291.075
      151.006       0.000       0.000       0.000       0.000       1.000
      151.006     346.945       0.172     179.936
      152.006      32.252      32.426    -120.708   11918.606     175.575    3324.301    372638.2  21278326.0   11893.670     182.159
      152.006 0.000000000       0.007     282.962      13.229     0.00000     0.00000     0.00000     0.00000     0.00000       0.000
      152.006     182.159      16.401    9999.990      16.496       0.093       0.095       0.000       0.000       0.000
      152.006   11893.654       0.005      19.669  -11401.597    -429.865   -3358.303      -0.143      -0.005       0.004
      152.006     128.822   11893.670    3358.303       0.001       0.000       4.000
      152.006   41466.859   10365.921       0.000       0.000     291.075
      152.006       0.000       0.000       0.000       0.000       1.000
      152.006     337.654       0.164     180.104
      153.005      32.222      32.395    -120.710   12039.357     175.647    3335.931    375968.2  21281690.0   12015.256     182.165
      153.005 0.000000000       0.006     295.141      13.364     0.00000     0.00000     0.00000     0.00000     0.00000       0.000
      153.005     182.165      16.290    9999.990      16.384       0.092       0.094       0.000       0.000       0.000
      153.005   12015.240       0.004      19.693  -11524.661    -435.643   -3370.277      -0.142      -0.005       0.002
      153.005     130.671   12015.256    3370.277       0.001       0.000       4.094
      153.005   41856.246   10222.786       0.000       0.000     291.075
      153.005       0.000       0.000       0.000       0.000       1.000
      153.005     328.454       0.156     180.264
      154.005      32.190      32.364    -120.711   12163.248     175.720    3348.319    379310.2  21285068.0   12139.979     182.170
      154.005 0.000000000       0.006     307.365      13.503     0.00000     0.00000     0.00000     0.00000     0.00000       0.000
      154.005     182.170      16.181    9999.990      16.274       0.092       0.093       0.000       0.000       0.000
      154.005   12139.965       0.007      19.718  -11650.725    -441.512   -3383.017      -0.140      -0.005       0.003
      154.005     132.548   12139.980    3383.017       0.001       0.000       4.192
      154.005   42245.633   10078.312       0.000       0.000     291.075
      154.005       0.000       0.000       0.000       0.000       1.000
      154.005     320.926       0.151     180.417
      155.004      32.159      32.333    -120.712   12290.380     175.792    3361.492    382665.0  21288456.0   12267.944     182.175
      155.004 0.000000000       0.005     319.635      13.645     0.00000     0.00000     0.00000     0.00000     0.00000       0.000
      155.004     182.175      16.073    9999.990      16.165       0.091       0.092       0.000       0.000       0.000
      155.004   12267.928       0.005      19.745  -11779.884    -447.476   -3396.551      -0.139      -0.004       0.002
      155.004     134.430   12267.943    3396.551       0.000       0.000       4.292
      155.004   42635.020    9932.499       0.000       0.000     291.075
      155.004       0.000       0.000       0.000       0.000       1.000
      155.004     313.921       0.145     180.565
      156.004      32.127      32.301    -120.714   12420.849     175.865    3375.477    386033.3  21291860.0   12399.268     182.181
      156.004 0.000000000       0.004     331.955      13.791     0.00000     0.00000     0.00000     0.00000     0.00000       0.000
      156.004     182.181      15.967    9999.990      16.059       0.090       0.091       0.000       0.000       0.000
      156.004   12399.252       0.008      19.772  -11912.249    -453.757   -3410.905      -0.138      -0.005       0.004
      156.004     136.347   12399.268    3410.905       0.000       0.000       4.393
      156.004   42983.723    9785.362       0.000       0.000     291.075
      156.004       0.000       0.000       0.000       0.000       1.000
      156.004     307.016       0.140     180.707
      157.003      32.095      32.268    -120.715   12554.317     175.938    3390.175    389416.0  21295278.0   12533.586     182.187
      157.003 0.000000000       0.004     344.328      13.941     0.00000     0.00000     0.00000     0.00000     0.00000       0.000
      157.003     182.187      15.863    9999.990      15.954       0.089       0.091       0.000       0.000       0.000
      157.003   12533.570       0.006      19.800  -12047.479    -460.108   -3425.980      -0.136      -0.004       0.002
      157.003     138.290   12533.586    3425.980       0.000       0.000       4.479
      157.003   43163.023    9637.380       0.000       0.000     291.075
      157.003       0.000       0.000       0.000       0.000       1.000
      157.003     301.270       0.136     180.845
      158.002      32.062      32.236    -120.716   12690.657     176.011    3405.552    392813.8  21298712.0   12670.765     182.192
      158.002 0.000000000       0.004     356.756      14.093     0.00000     0.00000     0.00000     0.00000     0.00000       0.000
      158.002     182.192      15.761    9999.990      15.851       0.088       0.090       0.000       0.000       0.000
      158.002   12670.749       0.005      19.830  -12185.446    -466.467   -3441.741      -0.135      -0.005       0.003
      158.002     140.251   12670.765    3441.741       0.000       0.000       4.568
      158.002   43342.324    9488.780       0.000       0.000     291.075
      158.002       0.000       0.000       0.000       0.000       1.000
      158.002     296.065       0.132     180.979
      159.002      32.029      32.202    -120.718   12829.968     176.083    3421.633    396227.2  21302162.0   12810.916     182.197
      159.002 0.000000000       0.003     368.898      14.249     0.00000     0.00000     0.00000     0.00000     0.00000       0.000
      159.002     182.197      15.661    9999.990      15.750       0.087       0.089       0.000       0.000       0.000
      159.002   12810.900       0.005      19.860  -12326.257    -472.985   -3458.215      -0.133      -0.004       0.003
      159.002     142.219   12810.916    3458.215       0.000       0.000       4.660
      159.002   43521.625    9339.564       0.000       0.000     291.075
      159.002       0.000       0.000       0.000       0.000       1.000
      159.002     290.935       0.129     181.110
      160.001      31.996      32.169    -120.719   12972.353     176.156    3438.446    399657.2  21305630.0   12954.144     182.203
      160.001 0.000000000       0.003     380.978      14.408     0.00000     0.00000     0.00000     0.00000     0.00000       0.000
      160.001     182.203      15.562    9999.990      15.650       0.087       0.088       0.000       0.000       0.000
      160.001   12954.128       0.006      19.892  -12470.011    -479.666   -3475.427      -0.132      -0.004       0.003
      160.001     144.229   12954.144    3475.427       0.000       0.000       4.755
      160.001   43700.926    9189.732       0.000       0.000     291.075
      160.001       0.000       0.000       0.000       0.000       1.000
      160.001     286.639       0.126     181.237
      161.001      31.962      32.135    -120.721   13117.895     176.228    3456.013    403104.2  21309114.0   13100.533     182.208
      161.001 0.000000000       0.000       0.000       0.000     0.00000     0.00000     0.00000     0.00000     0.00000       0.000
      161.001     182.208      15.466    9999.990      15.553       0.086       0.087       0.000       0.000       0.000
      161.001   13100.520       0.008      19.921  -12616.791    -486.516   -3493.403      -0.130      -0.005       0.003
      161.001     146.265   13100.535    3493.403       0.000       0.000       4.847
      161.001   43811.770    9039.309       0.000       0.000     291.075
      161.001       0.000       0.000       0.000       0.000       1.000
      161.001       0.000       0.126     181.237
      162.000      31.928      32.101    -120.722   13265.858     176.300    3474.139    406569.2  21312616.0   13249.347     182.214
      162.000 0.000000000       0.000       0.000       0.000     0.00000     0.00000     0.00000     0.00000     0.00000       0.000
      162.000     182.214      15.371    9999.990      15.457       0.085       0.086       0.000       0.000       0.000
      162.000   13249.332       0.007      19.952  -12765.887    -493.562   -3511.943      -0.129      -0.004       0.002
      162.000     148.296   13249.347    3511.943       0.000       0.000       4.909
      162.000   43632.469    8889.100       0.000       0.000     291.075
      162.000       0.000       0.000       0.000       0.000       1.000
      162.000       0.000       0.126     181.237
      163.010      31.893      32.066    -120.723   13417.408     176.372    3492.922    410087.4  21316172.0   13401.738     182.219
      163.010 0.000000000       0.000       0.000       0.000     0.00000     0.00000     0.00000     0.00000     0.00000       0.000
      163.010     182.219      15.277    9999.990      15.362       0.084       0.085       0.000       0.000       0.000
      163.010   13401.725       0.007      19.982  -12918.473    -500.658   -3531.148      -0.128      -0.004       0.003
      163.010     150.399   13401.739    3531.148       0.000       0.000       4.973
      163.010   43451.375    8738.019       0.000       0.000     291.075
      163.010       0.000       0.000       0.000       0.000       1.000
      163.010       0.000       0.126     181.237
      164.009      31.858      32.031    -120.725   13569.595     176.443    3512.009    413589.8  21319714.0   13554.765     182.225
      164.009 0.000000000       0.000       0.000       0.000     0.00000     0.00000     0.00000     0.00000     0.00000       0.000
      164.009     182.225      15.186    9999.990      15.270       0.083       0.085       0.000       0.000       0.000
      164.009   13554.750       0.006      20.009  -13071.591    -507.915   -3550.658      -0.126      -0.004       0.003
      164.009     152.496   13554.765    3550.658       0.000       0.000       5.038
      164.009   43272.074    8589.051       0.000       0.000     291.075
      164.009       0.000       0.000       0.000       0.000       1.000
      164.009       0.000       0.126     181.237
      165.009      31.823      31.996    -120.726   13723.973     176.513    3531.601    417111.4  21323274.0   13709.963     182.230
      165.009 0.000000000       0.000       0.000       0.000     0.00000     0.00000     0.00000     0.00000     0.00000       0.000
      165.009     182.230      15.096    9999.990      15.180       0.082       0.084       0.000       0.000       0.000
      165.009   13709.947       0.008      20.036  -13226.789    -515.138   -3570.679      -0.125      -0.005       0.003
      165.009     154.623   13709.962    3570.679       0.000       0.000       5.105
      165.009   43092.773    8440.698       0.000       0.000     291.075
      165.009       0.000       0.000       0.000       0.000       1.000
      165.009       0.000       0.126     181.237
      166.008      31.787      31.960    -120.727   13880.589     176.582    3551.715    420652.9  21326854.0   13867.406     182.236
      166.008 0.000000000       0.000       0.000       0.000     0.00000     0.00000     0.00000     0.00000     0.00000       0.000
      166.008     182.236      15.009    9999.990      15.092       0.082       0.083       0.000       0.000       0.000
      166.008   13867.392       0.006      20.061  -13384.130    -522.609   -3591.228      -0.124      -0.005       0.002
      166.008     156.767   13867.406    3591.228       0.000       0.000       5.170
      166.008   42878.801    8292.976       0.000       0.000     291.075
      166.008       0.000       0.000       0.000       0.000       1.000
      166.008       0.000       0.126     181.237
      167.007      31.751      31.923    -120.729   14039.053     176.651    3572.254    424214.8  21330456.0   14026.680     182.241
      167.007 0.000000000       0.000       0.000       0.000     0.00000     0.00000     0.00000     0.00000     0.00000       0.000
      167.007     182.241      14.923    9999.990      15.005       0.081       0.082       0.000       0.000       0.000
      167.007   14026.664       0.009      20.083  -13543.218    -530.049   -3612.205      -0.122      -0.005       0.003
      167.007     158.931   14026.679    3612.205       0.000       0.000       5.220
      167.007   42524.527    8146.277       0.000       0.000     291.075
      167.007       0.000       0.000       0.000       0.000       1.000
      167.007       0.000       0.126     181.237
      168.007      31.714      31.887    -120.730   14199.188     176.718    3593.177    427797.3  21334078.0   14187.619     182.247
      168.007 0.000000000       0.000       0.000       0.000     0.00000     0.00000     0.00000     0.00000     0.00000       0.000
      168.007     182.247      14.839    9999.990      14.920       0.080       0.081       0.000       0.000       0.000
      168.007   14187.605       0.006      20.105  -13703.893    -537.634   -3633.569      -0.121      -0.005       0.003
      168.007     161.145   14187.619    3633.569       0.000       0.000       5.271
      168.007   42170.258    8000.798       0.000       0.000     291.075
      168.007       0.000       0.000       0.000       0.000       1.000
      168.007       0.000       0.126     181.237
      169.006      31.677      31.850    -120.731   14361.015     176.785    3614.495    431401.0  21337724.0   14350.247     182.252
      169.006 0.000000000       0.000       0.000       0.000     0.00000     0.00000     0.00000     0.00000     0.00000       0.000
      169.006     182.252      14.757    9999.990      14.837       0.079       0.080       0.000       0.000       0.000
      169.006   14350.232       0.009      20.123  -13866.172    -545.335   -3655.333      -0.119      -0.005       0.003
      169.006     163.363   14350.246    3655.333       0.000       0.000       5.322
      169.006   41815.984    7856.536       0.000       0.000     291.075
      169.006       0.000       0.000       0.000       0.000       1.000
      169.006       0.000       0.126     181.237
      170.006      31.640      31.812    -120.733   14524.582     176.851    3636.224    435026.3  21341390.0   14514.598     182.257
      170.006 0.000000000       0.000       0.000       0.000     0.00000     0.00000     0.00000     0.00000     0.00000       0.000
      170.006     182.257      14.677    9999.990      14.756       0.078       0.079       0.000       0.000       0.000
      170.006   14514.583       0.009      20.138  -14030.097    -553.041   -3677.510      -0.118      -0.004       0.002
      170.006     165.611   14514.597    3677.510       0.000       0.000       5.375
      170.006   41461.711    7713.489       0.000       0.000     291.075
      170.006       0.000       0.000       0.000       0.000       1.000
      170.006       0.000       0.126     181.237
      171.005      31.602      31.774    -120.734   14689.918     176.916    3658.376    438673.5  21345078.0   14680.718     182.263
      171.005 0.000000000       0.000       0.000       0.000     0.00000     0.00000     0.00000     0.00000     0.00000       0.000
      171.005     182.263      14.598    9999.990      14.677       0.077       0.079       0.000       0.000       0.000
      171.005   14680.704       0.006      20.153  -14195.703    -560.931   -3700.115      -0.116      -0.004       0.003
      171.005     167.879   14680.718    3700.115       0.000       0.000       5.429
      171.005   41107.441    7571.660       0.000       0.000     291.075
      171.005       0.000       0.000       0.000       0.000       1.000
      171.005       0.000       0.126     181.237
      172.005      31.564      31.736    -120.736   14857.056     176.981    3680.967    442342.9  21348790.0   14848.626     182.268
      172.005 0.000000000       0.000       0.000       0.000     0.00000     0.00000     0.00000     0.00000     0.00000       0.000
      172.005     182.268      14.521    9999.990      14.599       0.077       0.078       0.000       0.000       0.000
      172.005   14848.611       0.008      20.164  -14363.015    -568.835   -3723.161      -0.115      -0.004       0.003
      172.005     170.188   14848.625    3723.161       0.000       0.000       5.484
      172.005   40753.168    7431.048       0.000       0.000     291.075
      172.005       0.000       0.000       0.000       0.000       1.000
      172.005       0.000       0.126     181.237
      173.004      31.525      31.697    -120.737   15026.035     177.044    3704.011    446035.3  21352524.0   15018.370     182.273
      173.004 0.000000000       0.000       0.000       0.000     0.00000     0.00000     0.00000     0.00000     0.00000       0.000
      173.004     182.273      14.446    9999.990      14.523       0.076       0.077       0.000       0.000       0.000
      173.004   15018.356       0.007      20.173  -14532.073    -576.872   -3746.666      -0.114      -0.004       0.002
      173.004     172.519   15018.369    3746.666       0.000       0.000       5.540
      173.004   40398.895    7291.654       0.000       0.000     291.075
      173.004       0.000       0.000       0.000       0.000       1.000
      173.004       0.000       0.126     181.237
      174.004      31.486      31.657    -120.738   15196.894     177.107    3727.524    449750.9  21356282.0   15189.987     182.279
      174.004 0.000000000       0.000       0.000       0.000     0.00000     0.00000     0.00000     0.00000     0.00000       0.000
      174.004     182.278      14.373    9999.990      14.449       0.075       0.076       0.000       0.000       0.000
      174.004   15189.974       0.010      20.180  -14702.916    -585.008   -3770.643      -0.113      -0.005       0.004
      174.004     174.868   15189.986    3770.643       0.000       0.000       5.598
      174.004   40044.625    7153.477       0.000       0.000     291.075
      174.004       0.000       0.000       0.000       0.000       1.000
      174.004       0.000       0.126     181.237
      175.003      31.446      31.618    -120.740   15369.666     177.169    3751.521    453490.3  21360066.0   15363.510     182.284
      175.003 0.000000000       0.000       0.000       0.000     0.00000     0.00000     0.00000     0.00000     0.00000       0.000
      175.003     182.284      14.301    9999.990      14.377       0.074       0.075       0.000       0.000       0.000
      175.003   15363.495       0.009      20.184  -14875.572    -593.209   -3795.108      -0.112      -0.004       0.003
      175.003     177.257   15363.508    3795.108       0.000       0.000       5.657
      175.003   39690.352    7016.517       0.000       0.000     291.075
      175.003       0.000       0.000       0.000       0.000       1.000
      175.003       0.000       0.126     181.237
      176.003      31.406      31.577    -120.741   15544.399     177.230    3776.019    457253.9  21363874.0   15538.987     182.289
      176.003 0.000000000       0.000       0.000       0.000     0.00000     0.00000     0.00000     0.00000     0.00000       0.000
      176.003     182.289      14.231    9999.990      14.306       0.073       0.074       0.000       0.000       0.000
      176.003   15538.976       0.009      20.184  -15050.092    -601.570   -3820.078      -0.110      -0.004       0.003
      176.003     179.661   15538.988    3820.078       0.000       0.000       5.717
      176.003   39336.082    6880.773       0.000       0.000     291.075
      176.003       0.000       0.000       0.000       0.000       1.000
      176.003       0.000       0.126     181.237
      177.002      31.365      31.537    -120.742   15721.137     177.291    3801.034    461042.2  21367706.0   15716.457     182.294
      177.002 0.000000000       0.000       0.000       0.000     0.00000     0.00000     0.00000     0.00000     0.00000       0.000
      177.002     182.294      14.163    9999.990      14.237       0.072       0.074       0.000       0.000       0.000
      177.002   15716.443       0.006      20.183  -15226.509    -609.950   -3845.570      -0.109      -0.004       0.003
      177.002     182.108   15716.456    3845.570       0.000       0.000       5.778
      177.002   38981.809    6746.247       0.000       0.000     291.075
      177.002       0.000       0.000       0.000       0.000       1.000
      177.002       0.000       0.126     181.237
      178.001      31.324      31.495    -120.744   15899.917     177.351    3826.584    464855.8  21371564.0   15895.972     182.299
      178.001 0.000000000       0.000       0.000       0.000     0.00000     0.00000     0.00000     0.00000     0.00000       0.000
      178.001     182.299      14.097    9999.990      14.169       0.072       0.073       0.000       0.000       0.000
      178.001   15895.959       0.011      20.179  -15404.871    -618.527   -3871.600      -0.108      -0.005       0.004
      178.001     184.571   15895.972    3871.600       0.000       0.000       5.841
      178.001   38627.535    6612.938       0.000       0.000     291.075
      178.001       0.000       0.000       0.000       0.000       1.000
      178.001       0.000       0.126     181.237
      179.001      31.283      31.454    -120.745   16080.792     177.410    3852.687    468695.3  21375448.0   16077.564     182.304
      179.001 0.000000000       0.000       0.000       0.000     0.00000     0.00000     0.00000     0.00000     0.00000       0.000
      179.001     182.304      14.032    9999.990      14.104       0.071       0.072       0.000       0.000       0.000
      179.001   16077.552       0.008      20.173  -15585.216    -627.108   -3898.188      -0.107      -0.004       0.002
      179.001     187.074   16077.564    3898.188       0.000       0.000       5.906
      179.001   38273.266    6480.846       0.000       0.000     291.075
      179.001       0.000       0.000       0.000       0.000       1.000
      179.001       0.000       0.126     181.237
      180.000      31.241      31.412    -120.746   16263.804     177.469    3879.361    472561.2  21379360.0   16261.295     182.309
      180.000 0.000000000       0.000       0.000       0.000     0.00000     0.00000     0.00000     0.00000     0.00000       0.000
      180.000     182.309      13.969    9999.990      14.040       0.070       0.071       0.000       0.000       0.000
      180.000   16261.284       0.009      20.163  -15767.594    -635.893   -3925.351      -0.105      -0.004       0.003
      180.000     189.593   16261.296    3925.351       0.000       0.000       5.972
      180.000   37918.992    6349.972       0.000       0.000     291.075
      180.000       0.000       0.000       0.000       0.000       1.000
      180.000       0.000       0.126     181.237
      181.010      31.198      31.369    -120.748   16450.811     177.527    3906.891    476493.0  21383340.0   16449.018     182.314
      181.010 0.000000000       0.000       0.000       0.000     0.00000     0.00000     0.00000     0.00000     0.00000       0.000
      181.010     182.314      13.907    9999.990      13.977       0.069       0.070       0.000       0.000       0.000
      181.010   16449.006       0.007      20.151  -15953.848    -644.789   -3953.379      -0.104      -0.005       0.003
      181.010     192.173   16449.018    3953.379       0.000       0.000       6.024
      181.010   37464.570    6219.059       0.000       0.000     291.075
      181.010       0.000       0.000       0.000       0.000       1.000
      181.010       0.000       0.126     181.237
      182.009      31.155      31.325    -120.749   16636.482     177.584    3934.347    480413.5  21387306.0   16635.389     182.320
      182.009 0.000000000       0.000       0.000       0.000     0.00000     0.00000     0.00000     0.00000     0.00000       0.000
      182.009     182.319      13.847    9999.990      13.916       0.068       0.069       0.000       0.000       0.000
      182.009   16635.375       0.007      20.134  -16138.706    -653.679   -3981.329      -0.103      -0.004       0.003
      182.009     194.760   16635.389    3981.329       0.000       0.000       6.013
      182.009   36627.031    6091.800       0.000       0.000     291.075
      182.009       0.000       0.000       0.000       0.000       1.000
      182.009       0.000       0.126     181.237
      183.009      31.111      31.282    -120.752   16821.766     177.639    3961.787    484361.4  21391302.0   16821.355     182.324
      183.009 0.000000000       0.000       0.000       0.000     0.00000     0.00000     0.00000     0.00000     0.00000       0.000
      183.009     182.324      13.789    9999.990      13.857       0.067       0.069       0.000       0.000       0.000
      183.009   16821.342       0.010      20.111  -16323.137    -662.579   -4009.259      -0.102      -0.004       0.003
      183.009     197.366   16821.354    4009.259       0.000       0.000       5.997
      183.009   35789.492    5967.420       0.000       0.000     291.075
      183.009       0.000       0.000       0.000       0.000       1.000
      183.009       0.000       0.126     181.237
      184.008      31.067      31.238    -120.755   17006.559     177.693    3989.199    488336.8  21395324.0   17006.816     182.329
      184.008 0.000000000       0.000       0.000       0.000     0.00000     0.00000     0.00000     0.00000     0.00000       0.000
      184.008     182.329      13.732    9999.990      13.800       0.067       0.068       0.000       0.000       0.000
      184.008   17006.803       0.009      20.083  -16507.035    -671.481   -4037.158      -0.101      -0.004       0.002
      184.008     200.009   17006.814    4037.158       0.000       0.000       5.979
      184.008   34951.953    5845.917       0.000       0.000     291.075
      184.008       0.000       0.000       0.000       0.000       1.000
      184.008       0.000       0.126     181.237
      185.008      31.023      31.193    -120.757   17190.734     177.746    4016.567    492339.5  21399376.0   17191.652     182.334
      185.008 0.000000000       0.000       0.000       0.000     0.00000     0.00000     0.00000     0.00000     0.00000       0.000
      185.008     182.334      13.677    9999.990      13.744       0.066       0.067       0.000       0.000       0.000
      185.008   17191.639       0.009      20.047  -16690.285    -680.386   -4065.010      -0.100      -0.004       0.002
      185.008     202.677   17191.650    4065.010       0.000       0.000       5.956
      185.008   34114.414    5727.291       0.000       0.000     291.075
      185.008       0.000       0.000       0.000       0.000       1.000
      185.008       0.000       0.126     181.237
      186.007      30.978      31.148    -120.760   17374.176     177.798    4043.866    496369.6  21403454.0   17375.730     182.339
      186.007 0.000000000       0.000       0.000       0.000     0.00000     0.00000     0.00000     0.00000     0.00000       0.000
      186.007     182.339      13.624    9999.990      13.690       0.065       0.066       0.000       0.000       0.000
      186.007   17375.721       0.008      20.006  -16872.760    -689.282   -4092.789      -0.098      -0.004       0.002
      186.007     205.372   17375.732    4092.789       0.000       0.000       5.930
      186.007   33276.875    5611.542       0.000       0.000     291.075
      186.007       0.000       0.000       0.000       0.000       1.000
      186.007       0.000       0.126     181.237
      187.007      30.933      31.103    -120.763   17556.742     177.848    4071.076    500426.9  21407560.0   17558.928     182.344
      187.007 0.000000000       0.000       0.000       0.000     0.00000     0.00000     0.00000     0.00000     0.00000       0.000
      187.007     182.344      13.572    9999.990      13.637       0.064       0.065       0.000       0.000       0.000
      187.007   17558.914       0.007      19.959  -17054.330    -698.169   -4120.475      -0.098      -0.004       0.002
      187.007     208.107   17558.924    4120.475       0.000       0.000       5.899
      187.007   32439.340    5498.672       0.000       0.000     291.075
      187.007       0.000       0.000       0.000       0.000       1.000
      187.007       0.000       0.126     181.237
      188.006      30.887      31.057    -120.765   17738.291     177.897    4098.171    504511.3  21411694.0   17741.092     182.349
      188.006 0.000000000       0.000       0.000       0.000     0.00000     0.00000     0.00000     0.00000     0.00000       0.000
      188.006     182.349      13.521    9999.990      13.586       0.063       0.064       0.000       0.000       0.000
      188.006   17741.080       0.008      19.906  -17234.854    -707.042   -4148.041      -0.096      -0.004       0.002
      188.006     210.867   17741.092    4148.041       0.000       0.000       5.864
      188.006   31601.801    5388.678       0.000       0.000     291.075
      188.006       0.000       0.000       0.000       0.000       1.000
      188.006       0.000       0.126     181.237
      189.005      30.840      31.010    -120.768   17918.689     177.945    4125.125    508622.9  21415856.0   17922.092     182.354
      189.005 0.000000000       0.000       0.000       0.000     0.00000     0.00000     0.00000     0.00000     0.00000       0.000
      189.005     182.354      13.472    9999.990      13.536       0.062       0.063       0.000       0.000       0.000
      189.005   17922.078       0.006      19.844  -17414.201    -715.894   -4175.460      -0.096      -0.004       0.002
      189.005     213.647   17922.090    4175.460       0.000       0.000       5.825
      189.005   30764.262    5281.562       0.000       0.000     291.075
      189.005       0.000       0.000       0.000       0.000       1.000
      189.005       0.000       0.126     181.237
      190.005      30.794      30.963    -120.771   18097.768     177.991    4151.913    512761.3  21420046.0   18101.756     182.359
      190.005 0.000000000       0.000       0.000       0.000     0.00000     0.00000     0.00000     0.00000     0.00000       0.000
      190.005     182.359      13.425    9999.990      13.488       0.062       0.063       0.000       0.000       0.000
      190.005   18101.746       0.012      19.778  -17592.205    -724.701   -4202.708      -0.095      -0.005       0.004
      190.005     216.463   18101.756    4202.708       0.000       0.000       5.780
      190.005   29926.725    5177.323       0.000       0.000     291.075
      190.005       0.000       0.000       0.000       0.000       1.000
      190.005       0.000       0.126     181.237
      191.004      30.746      30.916    -120.774   18275.377     178.036    4178.502    516926.3  21424262.0   18279.939     182.364
      191.004 0.000000000       0.000       0.000       0.000     0.00000     0.00000     0.00000     0.00000     0.00000       0.000
      191.004     182.364      13.379    9999.990      13.441       0.061       0.062       0.000       0.000       0.000
      191.004   18279.930       0.010      19.705  -17768.721    -733.452   -4229.751      -0.093      -0.004       0.003
      191.004     219.311   18279.941    4229.751       0.000       0.000       5.731
      191.004   29089.186    5075.961       0.000       0.000     291.075
      191.004       0.000       0.000       0.000       0.000       1.000
      191.004       0.000       0.126     181.237
      192.004      30.699      30.868    -120.776   18448.432     178.079    4204.192    521117.9  21428504.0   18453.543     182.368
      192.004 0.000000000       0.000       0.000       0.000     0.00000     0.00000     0.00000     0.00000     0.00000       0.000
      192.004     182.368      13.334    9999.990      13.395       0.060       0.061       0.000       0.000       0.000
      192.004   18453.533       0.009      19.622  -17940.740    -742.029   -4255.881      -0.092      -0.004       0.002
      192.004     222.170   18453.543    4255.881       0.000       0.000       5.236
      192.004   26069.412    4979.029       0.000       0.000     291.075
      192.004       0.000       0.000       0.000       0.000       1.000
      192.004       0.000       0.126     181.237
      193.003      30.650      30.819    -120.779   18590.311     178.115    4222.874    525332.1  21432770.0   18595.889     182.373
      193.003 0.000000000       0.000       0.000       0.000     0.00000     0.00000     0.00000     0.00000     0.00000       0.000
      193.003     182.373      13.290    9999.990      13.351       0.060       0.061       0.000       0.000       0.000
      193.003   18595.879       0.010      19.772  -18082.328    -749.398   -4274.912      -0.091      -0.004       0.003
      193.003     225.068   18595.889    4274.912       0.000       0.000       4.047
      193.003   19830.096    4900.291       0.000       0.000     291.075
      193.003       0.000       0.000       0.000       0.000       1.000
      193.003       0.000       0.126     181.237
      194.003      30.602      30.771    -120.782   18693.193     178.141    4232.750    529560.6  21437052.0   18699.127     182.378
      194.003 0.000000000       0.000       0.000       0.000     0.00000     0.00000     0.00000     0.00000     0.00000       0.000
      194.003     182.378      13.247    9999.990      13.308       0.060       0.061       0.000       0.000       0.000
      194.003   18699.117       0.011      19.879  -18185.861    -755.197   -4285.028      -0.091      -0.004       0.003
      194.003     227.988   18699.127    4285.028       0.000       0.000       2.806
      194.003   13590.779    4842.989       0.000       0.000     291.075
      194.003       0.000       0.000       0.000       0.000       1.000
      194.003       0.000       0.126     181.237
      195.002      30.553      30.722    -120.785   18755.664     178.158    4233.494    533795.1  21441338.0   18761.848     182.383
      195.002 0.000000000       0.000       0.000       0.000     0.00000     0.00000     0.00000     0.00000     0.00000       0.000
      195.002     182.383      13.205    9999.990      13.266       0.060       0.061       0.000       0.000       0.000
      195.002   18761.836       0.010      19.946  -18249.969    -759.367   -4285.897      -0.091      -0.004       0.004
      195.002     230.914   18761.846    4285.897       0.000       0.000       1.529
      195.002    7351.463    4807.123       0.000       0.000     291.075
      195.002       0.000       0.000       0.000       0.000       1.000
      195.002       0.000       0.126     181.237
      196.002      30.504      30.673    -120.787   18777.543     178.165    4225.058    538024.8  21445620.0   18783.871     182.387
      196.002 0.000000000       0.000       0.000       0.000     0.00000     0.00000     0.00000     0.00000     0.00000       0.000
      196.002     182.387      13.163    9999.990      13.224       0.060       0.061       0.000       0.000       0.000
      196.002   18783.857       0.011      19.969  -18274.479    -761.879   -4277.472      -0.091      -0.004       0.003
      196.002     233.852   18783.867    4277.472       0.000       0.000       0.461
      196.002    2209.752    4792.310       0.000       0.000     291.075
      196.002       0.000       0.000       0.000       0.000       1.000
      196.002       0.000       0.126     181.237
      197.001      30.455      30.624    -120.790   18783.693     178.169    4213.068    542244.0  21449892.0   18790.129     182.392
      197.001 0.000000000       0.000       0.000       0.000     0.00000     0.00000     0.00000     0.00000     0.00000       0.000
      197.001     182.392      13.121    9999.990      13.182       0.060       0.061       0.000       0.000       0.000
      197.001   18790.119       0.013      19.976  -18283.639    -763.840   -4265.449      -0.091      -0.004       0.004
      197.001     236.789   18790.129    4265.449       0.000       0.000       0.355
      197.001    1697.144    4785.608       0.000       0.000     291.075
      197.001       0.000       0.000       0.000       0.000       1.000
      197.001       0.000       0.126     181.237
      198.000      30.407      30.575    -120.793   18786.445     178.172    4200.320    546450.9  21454152.0   18792.971     182.397
      198.000 0.000000000       0.000       0.000       0.000     0.00000     0.00000     0.00000     0.00000     0.00000       0.000
      198.000     182.397      13.079    9999.990      13.140       0.060       0.061       0.000       0.000       0.000
      198.000   18792.959       0.010      19.978  -18289.467    -765.504   -4252.657      -0.091      -0.004       0.002
      198.000     239.728   18792.969    4252.657       0.000       0.000       0.248
      198.000    1184.537    4780.667       0.000       0.000     291.075
      198.000       0.000       0.000       0.000       0.000       1.000
      198.000       0.000       0.126     181.237
      199.010      30.357      30.525    -120.796   18785.764     178.174    4186.669    550686.2  21458440.0   18792.381     182.402
      199.010 0.000000000       0.000       0.000       0.000     0.00000     0.00000     0.00000     0.00000     0.00000       0.000
      199.010     182.402      13.036    9999.990      13.097       0.060       0.061       0.000       0.000       0.000
      199.010   18792.371       0.007      19.978  -18291.973    -767.187   -4238.954      -0.091      -0.004       0.002
      199.010     242.684   18792.381    4238.954       0.000       0.000       0.140
      199.010     666.804    4777.463       0.000       0.000     291.075
      199.010       0.000       0.000       0.000       0.000       1.000
      199.010       0.000       0.126     181.237
      200.009      30.309      30.476    -120.798   18781.656     178.176    4172.385    554865.8  21462672.0   18788.346     182.406
      200.009 0.000000000       0.000       0.000       0.000     0.00000     0.00000     0.00000     0.00000     0.00000       0.000
      200.009     182.406      12.994    9999.990      13.055       0.060       0.061       0.000       0.000       0.000
      200.009   18788.334       0.011      19.973  -18291.088    -768.592   -4224.606      -0.091      -0.004       0.003
      200.009     245.625   18788.344    4224.606       0.000       0.000       0.032
      200.009     154.197    4776.062       0.000       0.000     291.075
      200.009       0.000       0.000       0.000       0.000       1.000
      200.009       0.000       0.126     181.237

ACTUAL STAGE BURN TERMINATION TIME:      200.199 SEC

THE INERTIAL VELOCITY IS:     18780.49 FT/SEC

      201.009      30.260      30.427    -120.801   18774.936     178.177    4157.539    559031.1  21466888.0   18781.705     182.411
      201.009 0.000000000       0.000       0.000       0.000     0.00000     0.00000     0.00000     0.00000     0.00000       0.000
      201.009     182.411      12.952    9999.990      13.013       0.060       0.061       0.000       0.000       0.000
      201.009   18781.695       0.011      19.966  -18287.645    -770.077   -4209.690      -0.090      -0.004       0.004
      201.009     248.557   18781.705    4209.690       0.000       0.000       0.000
      201.009       0.000    4775.995       0.000       0.000       0.000
      201.009       0.000       0.000       0.000       0.000       1.000
      201.009       0.000       0.126     181.237
      202.008      30.211      30.378    -120.804   18768.102     178.178    4142.667    563181.0  21471090.0   18774.951     182.416
      202.008 0.000000000       0.000       0.000       0.000     0.00000     0.00000     0.00000     0.00000     0.00000       0.000
      202.008     182.416      12.910    9999.990      12.971       0.060       0.061       0.000       0.000       0.000
      202.008   18774.939       0.010      19.958  -18284.080    -771.563   -4194.749      -0.091      -0.005       0.003
      202.008     251.488   18774.949    4194.749       0.000       0.000       0.000
      202.008       0.000    4775.995       0.000       0.000       0.000
      202.008       0.000       0.000       0.000       0.000       1.000
      202.008       0.000       0.126     181.237
      203.008      30.162      30.329    -120.806   18761.289     178.180    4127.796    567316.3  21475278.0   18768.219     182.421
      203.008 0.000000000       0.000       0.000       0.000     0.00000     0.00000     0.00000     0.00000     0.00000       0.000
      203.008     182.421      12.868    9999.990      12.929       0.060       0.061       0.000       0.000       0.000
      203.008   18768.207       0.011      19.951  -18280.527    -773.047   -4179.808      -0.091      -0.004       0.004
      203.008     254.425   18768.217    4179.808       0.000       0.000       0.000
      203.008       0.000    4775.995       0.000       0.000       0.000
      203.008       0.000       0.000       0.000       0.000       1.000
      203.008       0.000       0.126     181.237
      204.007      30.113      30.280    -120.809   18754.502     178.181    4112.925    571436.8  21479450.0   18761.514     182.427
      204.007 0.000000000       0.000       0.000       0.000     0.00000     0.00000     0.00000     0.00000     0.00000       0.000
      204.007     182.427      12.826    9999.990      12.887       0.060       0.061       0.000       0.000       0.000
      204.007   18761.502       0.010      19.945  -18276.990    -774.529   -4164.866      -0.091      -0.005       0.003
      204.007     257.361   18761.512    4164.866       0.000       0.000       0.000
      204.007       0.000    4775.995       0.000       0.000       0.000
      204.007       0.000       0.000       0.000       0.000       1.000
      204.007       0.000       0.126     181.237
      205.007      30.064      30.231    -120.812   18747.738     178.183    4098.054    575542.1  21483608.0   18754.830     182.432
      205.007 0.000000000       0.000       0.000       0.000     0.00000     0.00000     0.00000     0.00000     0.00000       0.000
      205.007     182.432      12.784    9999.990      12.845       0.060       0.061       0.000       0.000       0.000
      205.007   18754.816       0.011      19.937  -18273.467    -776.009   -4149.925      -0.091      -0.004       0.004
      205.007     260.293   18754.826    4149.925       0.000       0.000       0.000
      205.007       0.000    4775.995       0.000       0.000       0.000
      205.007       0.000       0.000       0.000       0.000       1.000
      205.007       0.000       0.126     181.237
      206.006      30.015      30.182    -120.815   18741.000     178.184    4083.183    579632.8  21487750.0   18748.172     182.437
      206.006 0.000000000       0.000       0.000       0.000     0.00000     0.00000     0.00000     0.00000     0.00000       0.000
      206.006     182.437      12.742    9999.990      12.802       0.060       0.061       0.000       0.000       0.000
      206.006   18748.162       0.010      19.931  -18269.959    -777.486   -4134.983      -0.091      -0.005       0.003
      206.006     263.239   18748.172    4134.983       0.000       0.000       0.000
      206.006       0.000    4775.995       0.000       0.000       0.000
      206.006       0.000       0.000       0.000       0.000       1.000
      206.006       0.000       0.126     181.237
      207.006      29.967      30.133    -120.817   18734.283     178.185    4068.312    583708.4  21491878.0   18741.537     182.442
      207.006 0.000000000       0.000       0.000       0.000     0.00000     0.00000     0.00000     0.00000     0.00000       0.000
      207.006     182.442      12.699    9999.990      12.760       0.060       0.061       0.000       0.000       0.000
      207.006   18741.523       0.011      19.924  -18266.463    -778.961   -4120.042      -0.091      -0.004       0.004
      207.006     266.165   18741.533    4120.042       0.000       0.000       0.000
      207.006       0.000    4775.995       0.000       0.000       0.000
      207.006       0.000       0.000       0.000       0.000       1.000
      207.006       0.000       0.126     181.237
      208.005      29.918      30.084    -120.820   18727.594     178.187    4053.441    587769.1  21495990.0   18734.928     182.447
      208.005 0.000000000       0.000       0.000       0.000     0.00000     0.00000     0.00000     0.00000     0.00000       0.000
      208.005     182.447      12.657    9999.990      12.718       0.060       0.061       0.000       0.000       0.000
      208.005   18734.920       0.009      19.917  -18262.984    -780.434   -4105.101      -0.091      -0.005       0.003
      208.005     269.105   18734.930    4105.101       0.000       0.000       0.000
      208.005       0.000    4775.995       0.000       0.000       0.000
      208.005       0.000       0.000       0.000       0.000       1.000
      208.005       0.000       0.126     181.237
      209.004      29.869      30.036    -120.823   18720.924     178.188    4038.571    591815.4  21500088.0   18728.340     182.452
      209.004 0.000000000       0.000       0.000       0.000     0.00000     0.00000     0.00000     0.00000     0.00000       0.000
      209.004     182.452      12.615    9999.990      12.676       0.060       0.061       0.000       0.000       0.000
      209.004   18728.328       0.009      19.910  -18259.516    -781.904   -4090.159      -0.091      -0.004       0.003
      209.004     272.030   18728.338    4090.159       0.000       0.000       0.000
      209.004       0.000    4775.995       0.000       0.000       0.000
      209.004       0.000       0.000       0.000       0.000       1.000
      209.004       0.000       0.126     181.237
      210.004      29.821      29.987    -120.826   18714.277     178.189    4023.699    595846.5  21504172.0   18721.773     182.457
      210.004 0.000000000       0.000       0.000       0.000     0.00000     0.00000     0.00000     0.00000     0.00000       0.000
      210.004     182.457      12.572    9999.990      12.633       0.060       0.061       0.000       0.000       0.000
      210.004   18721.762       0.011      19.902  -18256.061    -783.367   -4075.218      -0.091      -0.004       0.004
      210.004     274.948   18721.771    4075.218       0.000       0.000       0.000
      210.004       0.000    4775.995       0.000       0.000       0.000
      210.004       0.000       0.000       0.000       0.000       1.000
      210.004       0.000       0.126     181.237
      211.003      29.772      29.938    -120.828   18707.660     178.191    4008.828    599863.2  21508240.0   18715.236     182.462
      211.003 0.000000000       0.000       0.000       0.000     0.00000     0.00000     0.00000     0.00000     0.00000       0.000
      211.003     182.462      12.530    9999.990      12.591       0.060       0.061       0.000       0.000       0.000
      211.003   18715.225       0.011      19.896  -18252.623    -784.829   -4060.276      -0.091      -0.004       0.004
      211.003     277.861   18715.234    4060.276       0.000       0.000       0.000
      211.003       0.000    4775.995       0.000       0.000       0.000
      211.003       0.000       0.000       0.000       0.000       1.000
      211.003       0.000       0.126     181.237
      212.003      29.724      29.890    -120.831   18701.064     178.192    3993.957    603864.7  21512292.0   18708.723     182.467
      212.003 0.000000000       0.000       0.000       0.000     0.00000     0.00000     0.00000     0.00000     0.00000       0.000
      212.003     182.467      12.488    9999.990      12.548       0.060       0.061       0.000       0.000       0.000
      212.003   18708.709       0.009      19.888  -18249.199    -786.288   -4045.335      -0.091      -0.004       0.003
      212.003     280.778   18708.719    4045.335       0.000       0.000       0.000
      212.003       0.000    4775.995       0.000       0.000       0.000
      212.003       0.000       0.000       0.000       0.000       1.000
      212.003       0.000       0.126     181.237
      213.002      29.675      29.841    -120.834   18694.490     178.193    3979.086    607851.3  21516330.0   18702.227     182.472
      213.002 0.000000000       0.000       0.000       0.000     0.00000     0.00000     0.00000     0.00000     0.00000       0.000
      213.002     182.472      12.445    9999.990      12.506       0.060       0.061       0.000       0.000       0.000
      213.002   18702.217       0.009      19.882  -18245.785    -787.744   -4030.394      -0.091      -0.005       0.003
      213.002     283.689   18702.227    4030.394       0.000       0.000       0.000
      213.002       0.000    4775.995       0.000       0.000       0.000
      213.002       0.000       0.000       0.000       0.000       1.000
      213.002       0.000       0.126     181.237
      214.002      29.627      29.792    -120.837   18687.945     178.195    3964.226    611823.4  21520352.0   18695.764     182.477
      214.002 0.000000000       0.000       0.000       0.000     0.00000     0.00000     0.00000     0.00000     0.00000       0.000
      214.002     182.477      12.403    9999.990      12.463       0.060       0.061       0.000       0.000       0.000
      214.002   18695.752       0.011      19.875  -18242.391    -789.199   -4015.463      -0.091      -0.004       0.004
      214.002     286.606   18695.762    4015.463       0.000       0.000       0.000
      214.002       0.000    4775.995       0.000       0.000       0.000
      214.002       0.000       0.000       0.000       0.000       1.000
      214.002       0.000       0.126     181.237
      215.001      29.578      29.744    -120.839   18681.428     178.196    3949.379    615780.1  21524360.0   18689.328     182.482
      215.001 0.000000000       0.000       0.000       0.000     0.00000     0.00000     0.00000     0.00000     0.00000       0.000
      215.001     182.482      12.360    9999.990      12.421       0.060       0.061       0.000       0.000       0.000
      215.001   18689.316       0.010      19.868  -18239.010    -790.651   -4000.546      -0.091      -0.004       0.004
      215.001     289.526   18689.326    4000.546       0.000       0.000       0.000
      215.001       0.000    4775.995       0.000       0.000       0.000
      215.001       0.000       0.000       0.000       0.000       1.000
      215.001       0.000       0.126     181.237
      216.001      29.530      29.695    -120.842   18674.930     178.198    3934.532    619722.2  21528354.0   18682.910     182.487
      216.001 0.000000000       0.000       0.000       0.000     0.00000     0.00000     0.00000     0.00000     0.00000       0.000
      216.001     182.487      12.318    9999.990      12.378       0.060       0.061       0.000       0.000       0.000
      216.001   18682.898       0.012      19.860  -18235.637    -792.101   -3985.629      -0.091      -0.004       0.003
      216.001     292.439   18682.908    3985.629       0.000       0.000       0.000
      216.001       0.000    4775.995       0.000       0.000       0.000
      216.001       0.000       0.000       0.000       0.000       1.000
      216.001       0.000       0.126     181.237
      217.000      29.481      29.646    -120.845   18668.459     178.199    3919.686    623649.5  21532332.0   18676.520     182.492
      217.000 0.000000000       0.000       0.000       0.000     0.00000     0.00000     0.00000     0.00000     0.00000       0.000
      217.000     182.492      12.275    9999.990      12.336       0.060       0.061       0.000       0.000       0.000
      217.000   18676.508       0.012      19.855  -18232.281    -793.549   -3970.712      -0.091      -0.004       0.003
      217.000     295.354   18676.518    3970.712       0.000       0.000       0.000
      217.000       0.000    4775.995       0.000       0.000       0.000
      217.000       0.000       0.000       0.000       0.000       1.000
      217.000       0.000       0.126     181.237
      218.009      29.432      29.597    -120.847   18661.945     178.200    3904.691    627600.8  21536336.0   18670.088     182.497
      218.009 0.000000000       0.000       0.000       0.000     0.00000     0.00000     0.00000     0.00000     0.00000       0.000
      218.009     182.497      12.232    9999.990      12.293       0.060       0.061       0.000       0.000       0.000
      218.009   18670.078       0.012      19.848  -18228.906    -795.009   -3955.646      -0.091      -0.004       0.003
      218.009     298.297   18670.088    3955.646       0.000       0.000       0.000
      218.009       0.000    4775.995       0.000       0.000       0.000
      218.009       0.000       0.000       0.000       0.000       1.000
      218.009       0.000       0.126     181.237
      219.009      29.384      29.548    -120.850   18655.521     178.202    3889.844    631498.4  21540284.0   18663.746     182.502
      219.009 0.000000000       0.000       0.000       0.000     0.00000     0.00000     0.00000     0.00000     0.00000       0.000
      219.009     182.502      12.189    9999.990      12.250       0.060       0.061       0.000       0.000       0.000
      219.009   18663.734       0.011      19.841  -18225.578    -796.451   -3940.729      -0.091      -0.004       0.004
      219.009     301.219   18663.744    3940.729       0.000       0.000       0.000
      219.009       0.000    4775.995       0.000       0.000       0.000
      219.009       0.000       0.000       0.000       0.000       1.000
      219.009       0.000       0.126     181.237
      220.008      29.335      29.500    -120.853   18649.123     178.203    3874.998    635380.6  21544216.0   18657.428     182.507
      220.008 0.000000000       0.000       0.000       0.000     0.00000     0.00000     0.00000     0.00000     0.00000       0.000
      220.008     182.507      12.147    9999.990      12.208       0.060       0.061       0.000       0.000       0.000
      220.008   18657.414       0.012      19.833  -18222.266    -797.892   -3925.812      -0.091      -0.004       0.003
      220.008     304.127   18657.424    3925.812       0.000       0.000       0.000
      220.008       0.000    4775.995       0.000       0.000       0.000
      220.008       0.000       0.000       0.000       0.000       1.000
      220.008       0.000       0.126     181.237
      221.008      29.287      29.451    -120.856   18642.748     178.204    3860.151    639248.2  21548136.0   18651.133     182.512
      221.008 0.000000000       0.000       0.000       0.000     0.00000     0.00000     0.00000     0.00000     0.00000       0.000
      221.008     182.512      12.104    9999.990      12.165       0.060       0.061       0.000       0.000       0.000
      221.008   18651.121       0.011      19.828  -18218.965    -799.331   -3910.895      -0.091      -0.004       0.004
      221.008     307.042   18651.131    3910.895       0.000       0.000       0.000
      221.008       0.000    4775.995       0.000       0.000       0.000
      221.008       0.000       0.000       0.000       0.000       1.000
      221.008       0.000       0.126     181.237
      222.007      29.238      29.402    -120.858   18636.396     178.206    3845.304    643101.1  21552038.0   18644.861     182.517
      222.007 0.000000000       0.000       0.000       0.000     0.00000     0.00000     0.00000     0.00000     0.00000       0.000
      222.007     182.517      12.061    9999.990      12.122       0.060       0.061       0.000       0.000       0.000
      222.007   18644.852       0.011      19.822  -18215.680    -800.767   -3895.978      -0.091      -0.004       0.003
      222.007     309.964   18644.861    3895.978       0.000       0.000       0.000
      222.007       0.000    4775.995       0.000       0.000       0.000
      222.007       0.000       0.000       0.000       0.000       1.000
      222.007       0.000       0.126     181.237
      223.007      29.190      29.354    -120.861   18630.066     178.207    3830.458    646938.8  21555928.0   18638.613     182.522
      223.007 0.000000000       0.000       0.000       0.000     0.00000     0.00000     0.00000     0.00000     0.00000       0.000
      223.007     182.522      12.018    9999.990      12.079       0.060       0.061       0.000       0.000       0.000
      223.007   18638.604       0.010      19.815  -18212.406    -802.201   -3881.061      -0.091      -0.004       0.004
      223.007     312.876   18638.613    3881.061       0.000       0.000       0.000
      223.007       0.000    4775.995       0.000       0.000       0.000
      223.007       0.000       0.000       0.000       0.000       1.000
      223.007       0.000       0.126     181.237
      224.006      29.141      29.305    -120.864   18623.766     178.209    3815.633    650762.0  21559802.0   18632.395     182.527
      224.006 0.000000000       0.000       0.000       0.000     0.00000     0.00000     0.00000     0.00000     0.00000       0.000
      224.006     182.527      11.976    9999.990      12.037       0.060       0.061       0.000       0.000       0.000
      224.006   18632.385       0.011      19.808  -18209.148    -803.633   -3866.165      -0.091      -0.004       0.004
      224.006     315.786   18632.395    3866.165       0.000       0.000       0.000
      224.006       0.000    4775.995       0.000       0.000       0.000
      224.006       0.000       0.000       0.000       0.000       1.000
      224.006       0.000       0.126     181.237
      225.006      29.093      29.256    -120.867   18617.490     178.210    3800.811    654570.0  21563660.0   18626.201     182.532
      225.006 0.000000000       0.000       0.000       0.000     0.00000     0.00000     0.00000     0.00000     0.00000       0.000
      225.006     182.532      11.933    9999.990      11.994       0.060       0.061       0.000       0.000       0.000
      225.006   18626.191       0.009      19.802  -18205.904    -805.062   -3851.273      -0.091      -0.004       0.003
      225.006     318.703   18626.201    3851.273       0.000       0.000       0.000
      225.006       0.000    4775.995       0.000       0.000       0.000
      225.006       0.000       0.000       0.000       0.000       1.000
      225.006       0.000       0.126     181.237
      226.005      29.044      29.208    -120.869   18611.240     178.211    3785.989    658363.3  21567504.0   18620.031     182.537
      226.005 0.000000000       0.000       0.000       0.000     0.00000     0.00000     0.00000     0.00000     0.00000       0.000
      226.005     182.537      11.890    9999.990      11.951       0.060       0.061       0.000       0.000       0.000
      226.005   18620.021       0.009      19.795  -18202.674    -806.489   -3836.380      -0.091      -0.005       0.003
      226.005     321.618   18620.031    3836.380       0.000       0.000       0.000
      226.005       0.000    4775.995       0.000       0.000       0.000
      226.005       0.000       0.000       0.000       0.000       1.000
      226.005       0.000       0.126     181.237
      227.005      28.996      29.159    -120.872   18605.012     178.213    3771.167    662142.1  21571332.0   18613.885     182.542
      227.005 0.000000000       0.000       0.000       0.000     0.00000     0.00000     0.00000     0.00000     0.00000       0.000
      227.005     182.542      11.847    9999.990      11.908       0.060       0.061       0.000       0.000       0.000
      227.005   18613.875       0.011      19.789  -18199.455    -807.914   -3821.488      -0.091      -0.004       0.003
      227.005     324.535   18613.885    3821.488       0.000       0.000       0.000
      227.005       0.000    4775.995       0.000       0.000       0.000
      227.005       0.000       0.000       0.000       0.000       1.000
      227.005       0.000       0.126     181.237
      228.004      28.947      29.110    -120.875   18598.809     178.214    3756.345    665905.5  21575146.0   18607.762     182.547
      228.004 0.000000000       0.000       0.000       0.000     0.00000     0.00000     0.00000     0.00000     0.00000       0.000
      228.004     182.547      11.804    9999.990      11.865       0.060       0.061       0.000       0.000       0.000
      228.004   18607.752       0.011      19.781  -18196.252    -809.336   -3806.595      -0.091      -0.004       0.004
      228.004     327.448   18607.762    3806.595       0.000       0.000       0.000
      228.004       0.000    4775.995       0.000       0.000       0.000
      228.004       0.000       0.000       0.000       0.000       1.000
      228.004       0.000       0.126     181.237
      229.003      28.899      29.062    -120.878   18592.625     178.215    3741.523    669654.8  21578946.0   18601.660     182.552
      229.003 0.000000000       0.000       0.000       0.000     0.00000     0.00000     0.00000     0.00000     0.00000       0.000
      229.003     182.552      11.761    9999.990      11.822       0.060       0.061       0.000       0.000       0.000
      229.003   18601.650       0.012      19.776  -18193.061    -810.752   -3791.702      -0.091      -0.004       0.003
      229.003     330.344   18601.660    3791.702       0.000       0.000       0.000
      229.003       0.000    4775.995       0.000       0.000       0.000
      229.003       0.000       0.000       0.000       0.000       1.000
      229.003       0.000       0.126     181.237
      230.003      28.851      29.014    -120.880   18586.471     178.217    3726.701    673389.2  21582730.0   18595.586     182.557
      230.003 0.000000000       0.000       0.000       0.000     0.00000     0.00000     0.00000     0.00000     0.00000       0.000
      230.003     182.556      11.718    9999.990      11.779       0.060       0.061       0.000       0.000       0.000
      230.003   18595.574       0.012      19.770  -18189.885    -812.165   -3776.810      -0.091      -0.004       0.003
      230.003     333.233   18595.584    3776.810       0.000       0.000       0.000
      230.003       0.000    4775.995       0.000       0.000       0.000
      230.003       0.000       0.000       0.000       0.000       1.000
      230.003       0.000       0.126     181.237
      231.002      28.803      28.965    -120.883   18580.340     178.218    3711.878    677108.6  21586500.0   18589.535     182.561
      231.002 0.000000000       0.000       0.000       0.000     0.00000     0.00000     0.00000     0.00000     0.00000       0.000
      231.002     182.561      11.675    9999.990      11.736       0.060       0.061       0.000       0.000       0.000
      231.002   18589.523       0.008      19.763  -18186.723    -813.576   -3761.917      -0.091      -0.005       0.003
      231.002     336.130   18589.533    3761.917       0.000       0.000       0.000
      231.002       0.000    4775.995       0.000       0.000       0.000
      231.002       0.000       0.000       0.000       0.000       1.000
      231.002       0.000       0.126     181.237
      232.002      28.755      28.917    -120.886   18574.229     178.219    3697.056    680813.6  21590254.0   18583.504     182.566
      232.002 0.000000000       0.000       0.000       0.000     0.00000     0.00000     0.00000     0.00000     0.00000       0.000
      232.002     182.566      11.632    9999.990      11.693       0.060       0.061       0.000       0.000       0.000
      232.002   18583.492       0.012      19.757  -18183.570    -814.985   -3747.025      -0.091      -0.004       0.003
      232.002     339.025   18583.502    3747.025       0.000       0.000       0.000
      232.002       0.000    4775.995       0.000       0.000       0.000
      232.002       0.000       0.000       0.000       0.000       1.000
      232.002       0.000       0.126     181.237
      233.001      28.706      28.869    -120.888   18568.145     178.221    3682.234    684503.2  21593994.0   18577.500     182.571
      233.001 0.000000000       0.000       0.000       0.000     0.00000     0.00000     0.00000     0.00000     0.00000       0.000
      233.001     182.571      11.589    9999.990      11.650       0.060       0.061       0.000       0.000       0.000
      233.001   18577.492       0.008      19.750  -18180.436    -816.392   -3732.132      -0.091      -0.005       0.003
      233.001     341.924   18577.502    3732.132       0.000       0.000       0.000
      233.001       0.000    4775.995       0.000       0.000       0.000
      233.001       0.000       0.000       0.000       0.000       1.000
      233.001       0.000       0.126     181.237
      234.001      28.658      28.821    -120.891   18562.090     178.222    3667.434    688178.1  21597718.0   18571.527     182.576
      234.001 0.000000000       0.000       0.000       0.000     0.00000     0.00000     0.00000     0.00000     0.00000       0.000
      234.001     182.576      11.546    9999.990      11.607       0.060       0.061       0.000       0.000       0.000
      234.001   18571.518       0.011      19.744  -18177.316    -817.796   -3717.261      -0.091      -0.004       0.003
      234.001     344.813   18571.527    3717.261       0.000       0.000       0.000
      234.001       0.000    4775.995       0.000       0.000       0.000
      234.001       0.000       0.000       0.000       0.000       1.000
      234.001       0.000       0.126     181.237
      235.000      28.610      28.772    -120.894   18556.055     178.224    3652.636    691838.6  21601428.0   18565.576     182.581
      235.000 0.000000000       0.000       0.000       0.000     0.00000     0.00000     0.00000     0.00000     0.00000       0.000
      235.000     182.581      11.503    9999.990      11.564       0.060       0.061       0.000       0.000       0.000
      235.000   18565.564       0.012      19.738  -18174.207    -819.198   -3702.393      -0.091      -0.004       0.003
      235.000     347.711   18565.574    3702.393       0.000       0.000       0.000
      235.000       0.000    4775.995       0.000       0.000       0.000
      235.000       0.000       0.000       0.000       0.000       1.000
      235.000       0.000       0.126     181.237
      236.010      28.562      28.723    -120.897   18549.988     178.225    3637.691    695520.1  21605160.0   18559.588     182.586
      236.010 0.000000000       0.000       0.000       0.000     0.00000     0.00000     0.00000     0.00000     0.00000       0.000
      236.010     182.586      11.460    9999.990      11.521       0.060       0.061       0.000       0.000       0.000
      236.010   18559.576       0.012      19.731  -18171.080    -820.612   -3687.376      -0.091      -0.004       0.003
      236.010     350.631   18559.586    3687.376       0.000       0.000       0.000
      236.010       0.000    4775.995       0.000       0.000       0.000
      236.010       0.000       0.000       0.000       0.000       1.000
      236.010       0.000       0.126     181.237
      237.009      28.513      28.675    -120.899   18544.004     178.226    3622.893    699150.8  21608840.0   18553.686     182.591
      237.009 0.000000000       0.000       0.000       0.000     0.00000     0.00000     0.00000     0.00000     0.00000       0.000
      237.009     182.591      11.416    9999.990      11.477       0.060       0.061       0.000       0.000       0.000
      237.009   18553.676       0.012      19.725  -18168.000    -822.009   -3672.508      -0.091      -0.004       0.003
      237.009     353.529   18553.686    3672.508       0.000       0.000       0.000
      237.009       0.000    4775.995       0.000       0.000       0.000
      237.009       0.000       0.000       0.000       0.000       1.000
      237.009       0.000       0.126     181.237
      238.008      28.465      28.627    -120.902   18538.041     178.228    3608.096    702766.2  21612506.0   18547.805     182.595
      238.008 0.000000000       0.000       0.000       0.000     0.00000     0.00000     0.00000     0.00000     0.00000       0.000
      238.008     182.595      11.373    9999.990      11.434       0.060       0.061       0.000       0.000       0.000
      238.008   18547.795       0.010      19.718  -18164.932    -823.404   -3657.640      -0.091      -0.004       0.004
      238.008     356.422   18547.805    3657.640       0.000       0.000       0.000
      238.008       0.000    4775.995       0.000       0.000       0.000
      238.008       0.000       0.000       0.000       0.000       1.000
      238.008       0.000       0.126     181.237
      239.008      28.417      28.578    -120.905   18532.105     178.229    3593.298    706367.0  21616156.0   18541.947     182.600
      239.008 0.000000000       0.000       0.000       0.000     0.00000     0.00000     0.00000     0.00000     0.00000       0.000
      239.008     182.600      11.330    9999.990      11.391       0.060       0.061       0.000       0.000       0.000
      239.008   18541.938       0.009      19.712  -18161.877    -824.797   -3642.772      -0.091      -0.004       0.004
      239.008     359.313   18541.947    3642.772       0.000       0.000       0.000
      239.008       0.000    4775.995       0.000       0.000       0.000
      239.008       0.000       0.000       0.000       0.000       1.000
      239.008       0.000       0.126     181.237
      240.007      28.369      28.530    -120.908   18526.191     178.230    3578.501    709953.2  21619792.0   18536.117     182.605
      240.007 0.000000000       0.000       0.000       0.000     0.00000     0.00000     0.00000     0.00000     0.00000       0.000
      240.007     182.605      11.287    9999.990      11.348       0.060       0.061       0.000       0.000       0.000
      240.007   18536.104       0.011      19.706  -18158.836    -826.188   -3627.904      -0.091      -0.004       0.003
      240.007     362.214   18536.113    3627.904       0.000       0.000       0.000
      240.007       0.000    4775.995       0.000       0.000       0.000
      240.007       0.000       0.000       0.000       0.000       1.000
      240.007       0.000       0.126     181.237
      241.007      28.321      28.482    -120.910   18520.305     178.232    3563.703    713524.1  21623412.0   18530.309     182.610
      241.007 0.000000000       0.000       0.000       0.000     0.00000     0.00000     0.00000     0.00000     0.00000       0.000
      241.007     182.610      11.244    9999.990      11.304       0.060       0.061       0.000       0.000       0.000
      241.007   18530.301       0.010      19.700  -18155.811    -827.576   -3613.036      -0.091      -0.004       0.004
      241.007     365.102   18530.311    3613.036       0.000       0.000       0.000
      241.007       0.000    4775.995       0.000       0.000       0.000
      241.007       0.000       0.000       0.000       0.000       1.000
      241.007       0.000       0.126     181.237
      242.006      28.273      28.433    -120.913   18514.436     178.233    3548.906    717080.4  21627018.0   18524.523     182.615
      242.006 0.000000000       0.000       0.000       0.000     0.00000     0.00000     0.00000     0.00000     0.00000       0.000
      242.006     182.615      11.200    9999.990      11.261       0.060       0.061       0.000       0.000       0.000
      242.006   18524.510       0.011      19.693  -18152.795    -828.962   -3598.167      -0.091      -0.004       0.003
      242.006     368.002   18524.520    3598.167       0.000       0.000       0.000
      242.006       0.000    4775.995       0.000       0.000       0.000
      242.006       0.000       0.000       0.000       0.000       1.000
      242.006       0.000       0.126     181.237
      243.006      28.224      28.385    -120.916   18508.596     178.234    3534.108    720621.9  21630608.0   18518.764     182.619
      243.006 0.000000000       0.000       0.000       0.000     0.00000     0.00000     0.00000     0.00000     0.00000       0.000
      243.006     182.619      11.157    9999.990      11.218       0.060       0.061       0.000       0.000       0.000
      243.006   18518.752       0.010      19.688  -18149.797    -830.345   -3583.299      -0.092      -0.004       0.004
      243.006     370.901   18518.762    3583.299       0.000       0.000       0.000
      243.006       0.000    4775.995       0.000       0.000       0.000
      243.006       0.000       0.000       0.000       0.000       1.000
      243.006       0.000       0.126     181.237
      244.005      28.176      28.337    -120.919   18502.779     178.236    3519.324    724148.6  21634184.0   18513.029     182.624
      244.005 0.000000000       0.000       0.000       0.000     0.00000     0.00000     0.00000     0.00000     0.00000       0.000
      244.005     182.624      11.113    9999.990      11.174       0.060       0.061       0.000       0.000       0.000
      244.005   18513.018       0.010      19.682  -18146.809    -831.726   -3568.444      -0.091      -0.004       0.004
      244.005     373.788   18513.027    3568.444       0.000       0.000       0.000
      244.005       0.000    4775.995       0.000       0.000       0.000
      244.005       0.000       0.000       0.000       0.000       1.000
      244.005       0.000       0.126     181.237
      245.005      28.128      28.289    -120.921   18496.992     178.237    3504.551    727660.9  21637746.0   18507.320     182.629
      245.005 0.000000000       0.000       0.000       0.000     0.00000     0.00000     0.00000     0.00000     0.00000       0.000
      245.005     182.629      11.070    9999.990      11.131       0.060       0.061       0.000       0.000       0.000
      245.005   18507.311       0.010      19.676  -18143.836    -833.103   -3553.600      -0.091      -0.004       0.004
      245.005     376.672   18507.320    3553.600       0.000       0.000       0.000
      245.005       0.000    4775.995       0.000       0.000       0.000
      245.005       0.000       0.000       0.000       0.000       1.000
      245.005       0.000       0.126     181.237
      246.004      28.080      28.241    -120.924   18491.227     178.239    3489.777    731158.0  21641292.0   18501.637     182.634
      246.004 0.000000000       0.000       0.000       0.000     0.00000     0.00000     0.00000     0.00000     0.00000       0.000
      246.004     182.634      11.027    9999.990      11.088       0.060       0.061       0.000       0.000       0.000
      246.004   18501.625       0.012      19.670  -18140.877    -834.477   -3538.757      -0.091      -0.004       0.003
      246.004     379.551   18501.635    3538.757       0.000       0.000       0.000
      246.004       0.000    4775.995       0.000       0.000       0.000
      246.004       0.000       0.000       0.000       0.000       1.000
      246.004       0.000       0.126     181.237
      247.004      28.032      28.192    -120.927   18485.482     178.240    3475.004    734640.5  21644824.0   18495.975     182.638
      247.004 0.000000000       0.000       0.000       0.000     0.00000     0.00000     0.00000     0.00000     0.00000       0.000
      247.004     182.638      10.983    9999.990      11.044       0.060       0.061       0.000       0.000       0.000
      247.004   18495.963       0.012      19.663  -18137.930    -835.850   -3523.913      -0.091      -0.004       0.003
      247.004     382.440   18495.973    3523.913       0.000       0.000       0.000
      247.004       0.000    4775.995       0.000       0.000       0.000
      247.004       0.000       0.000       0.000       0.000       1.000
      247.004       0.000       0.126     181.237
      248.003      27.984      28.144    -120.929   18479.768     178.241    3460.231    738108.4  21648340.0   18490.340     182.643
      248.003 0.000000000       0.000       0.000       0.000     0.00000     0.00000     0.00000     0.00000     0.00000       0.000
      248.003     182.643      10.940    9999.990      11.001       0.060       0.061       0.000       0.000       0.000
      248.003   18490.328       0.009      19.657  -18134.998    -837.220   -3509.069      -0.091      -0.004       0.004
      248.003     385.327   18490.338    3509.069       0.000       0.000       0.000
      248.003       0.000    4775.995       0.000       0.000       0.000
      248.003       0.000       0.000       0.000       0.000       1.000
      248.003       0.000       0.126     181.237
      249.002      27.936      28.096    -120.932   18474.070     178.243    3445.458    741561.1  21651842.0   18484.725     182.648
      249.002 0.000000000       0.000       0.000       0.000     0.00000     0.00000     0.00000     0.00000     0.00000       0.000
      249.002     182.648      10.896    9999.990      10.957       0.060       0.061       0.000       0.000       0.000
      249.002   18484.715       0.008      19.652  -18132.078    -838.588   -3494.225      -0.091      -0.004       0.003
      249.002     388.209   18484.725    3494.225       0.000       0.000       0.000
      249.002       0.000    4775.995       0.000       0.000       0.000
      249.002       0.000       0.000       0.000       0.000       1.000
      249.002       0.000       0.126     181.237
      250.002      27.888      28.048    -120.935   18468.402     178.244    3430.685    744999.4  21655328.0   18479.137     182.653
      250.002 0.000000000       0.000       0.000       0.000     0.00000     0.00000     0.00000     0.00000     0.00000       0.000
      250.002     182.653      10.853    9999.990      10.914       0.060       0.061       0.000       0.000       0.000
      250.002   18479.129       0.009      19.647  -18129.172    -839.953   -3479.382      -0.091      -0.004       0.004
      250.002     391.092   18479.139    3479.382       0.000       0.000       0.000
      250.002       0.000    4775.995       0.000       0.000       0.000
      250.002       0.000       0.000       0.000       0.000       1.000
      250.002       0.000       0.126     181.237
      251.001      27.840      28.000    -120.938   18462.754     178.245    3415.912    748422.8  21658800.0   18473.570     182.657
      251.001 0.000000000       0.000       0.000       0.000     0.00000     0.00000     0.00000     0.00000     0.00000       0.000
      251.001     182.657      10.809    9999.990      10.870       0.060       0.061       0.000       0.000       0.000
      251.001   18473.561       0.008      19.640  -18126.279    -841.316   -3464.538      -0.092      -0.004       0.003
      251.001     393.979   18473.570    3464.538       0.000       0.000       0.000
      251.001       0.000    4775.995       0.000       0.000       0.000
      251.001       0.000       0.000       0.000       0.000       1.000
      251.001       0.000       0.126     181.237
      252.001      27.793      27.952    -120.940   18457.131     178.247    3401.139    751831.1  21662258.0   18468.027     182.662
      252.001 0.000000000       0.000       0.000       0.000     0.00000     0.00000     0.00000     0.00000     0.00000       0.000
      252.001     182.662      10.766    9999.990      10.827       0.060       0.061       0.000       0.000       0.000
      252.001   18468.018       0.009      19.635  -18123.398    -842.677   -3449.694      -0.091      -0.004       0.004
      252.001     396.856   18468.027    3449.694       0.000       0.000       0.000
      252.001       0.000    4775.995       0.000       0.000       0.000
      252.001       0.000       0.000       0.000       0.000       1.000
      252.001       0.000       0.126     181.237
      253.000      27.745      27.903    -120.943   18451.533     178.248    3386.366    755225.1  21665700.0   18462.510     182.667
      253.000 0.000000000       0.000       0.000       0.000     0.00000     0.00000     0.00000     0.00000     0.00000       0.000
      253.000     182.667      10.722    9999.990      10.783       0.060       0.061       0.000       0.000       0.000
      253.000   18462.498       0.011      19.629  -18120.531    -844.036   -3434.850      -0.092      -0.004       0.003
      253.000     399.750   18462.508    3434.850       0.000       0.000       0.000
      253.000       0.000    4775.995       0.000       0.000       0.000
      253.000       0.000       0.000       0.000       0.000       1.000
      253.000       0.000       0.126     181.237
      254.010      27.696      27.855    -120.946   18445.900     178.250    3371.446    758637.6  21669162.0   18456.959     182.672
      254.010 0.000000000       0.000       0.000       0.000     0.00000     0.00000     0.00000     0.00000     0.00000       0.000
      254.010     182.672      10.678    9999.990      10.739       0.060       0.061       0.000       0.000       0.000
      254.010   18456.949       0.009      19.623  -18117.650    -845.406   -3419.858      -0.091      -0.004       0.004
      254.010     402.661   18456.959    3419.858       0.000       0.000       0.000
      254.010       0.000    4775.995       0.000       0.000       0.000
      254.010       0.000       0.000       0.000       0.000       1.000
      254.010       0.000       0.126     181.237
      255.009      27.648      27.807    -120.949   18440.354     178.251    3356.690    762001.8  21672574.0   18451.494     182.676
      255.009 0.000000000       0.000       0.000       0.000     0.00000     0.00000     0.00000     0.00000     0.00000       0.000
      255.009     182.676      10.634    9999.990      10.695       0.060       0.061       0.000       0.000       0.000
      255.009   18451.482       0.010      19.617  -18114.812    -846.759   -3405.031      -0.091      -0.004       0.003
      255.009     405.541   18451.494    3405.031       0.000       0.000       0.000
      255.009       0.000    4775.995       0.000       0.000       0.000
      255.009       0.000       0.000       0.000       0.000       1.000
      255.009       0.000       0.126     181.237
      256.009      27.600      27.759    -120.951   18434.830     178.252    3341.941    765351.4  21675972.0   18446.051     182.681
      256.009 0.000000000       0.000       0.000       0.000     0.00000     0.00000     0.00000     0.00000     0.00000       0.000
      256.009     182.681      10.591    9999.990      10.652       0.060       0.061       0.000       0.000       0.000
      256.009   18446.039       0.012      19.611  -18111.984    -848.109   -3390.212      -0.091      -0.004       0.003
      256.009     408.416   18446.049    3390.212       0.000       0.000       0.000
      256.009       0.000    4775.995       0.000       0.000       0.000
      256.009       0.000       0.000       0.000       0.000       1.000
      256.009       0.000       0.126     181.237
      257.010      27.553      27.711    -120.954   18429.332     178.254    3327.192    768685.9  21679354.0   18440.633     182.686
      257.010 0.000000000       0.000       0.000       0.000     0.00000     0.00000     0.00000     0.00000     0.00000       0.000
      257.010     182.686      10.547    9999.990      10.608       0.060       0.061       0.000       0.000       0.000
      257.010   18440.621       0.011      19.605  -18109.172    -849.456   -3375.393      -0.091      -0.004       0.003
      257.010     411.287   18440.631    3375.393       0.000       0.000       0.000
      257.010       0.000    4775.995       0.000       0.000       0.000
      257.010       0.000       0.000       0.000       0.000       1.000
      257.010       0.000       0.126     181.237
      258.001      27.505      27.663    -120.957   18423.908     178.255    3312.591    771972.8  21682690.0   18435.291     182.690
      258.001 0.000000000       0.000       0.000       0.000     0.00000     0.00000     0.00000     0.00000     0.00000       0.000
      258.001     182.690      10.504    9999.990      10.565       0.060       0.061       0.000       0.000       0.000
      258.001   18435.277       0.010      19.599  -18106.398    -850.787   -3360.721      -0.091      -0.004       0.003
      258.001     414.133   18435.287    3360.721       0.000       0.000       0.000
      258.001       0.000    4775.995       0.000       0.000       0.000
      258.001       0.000       0.000       0.000       0.000       1.000
      258.001       0.000       0.126     181.237
      259.001      27.457      27.615    -120.960   18418.459     178.256    3297.843    775278.2  21686042.0   18429.920     182.695
      259.001 0.000000000       0.000       0.000       0.000     0.00000     0.00000     0.00000     0.00000     0.00000       0.000
      259.001     182.695      10.460    9999.990      10.521       0.060       0.061       0.000       0.000       0.000
      259.001   18429.912       0.009      19.594  -18103.613    -852.130   -3345.902      -0.091      -0.004       0.004
      259.001     417.009   18429.922    3345.902       0.000       0.000       0.000
      259.001       0.000    4775.995       0.000       0.000       0.000
      259.001       0.000       0.000       0.000       0.000       1.000
      259.001       0.000       0.126     181.237
      260.002      27.410      27.567    -120.962   18413.029     178.258    3283.094    778568.6  21689382.0   18424.572     182.700
      260.002 0.000000000       0.000       0.000       0.000     0.00000     0.00000     0.00000     0.00000     0.00000       0.000
      260.002     182.700      10.416    9999.990      10.477       0.060       0.061       0.000       0.000       0.000
      260.002   18424.564       0.009      19.589  -18100.840    -853.471   -3331.083      -0.091      -0.004       0.004
      260.002     419.882   18424.574    3331.083       0.000       0.000       0.000
      260.002       0.000    4775.995       0.000       0.000       0.000
      260.002       0.000       0.000       0.000       0.000       1.000
      260.002       0.000       0.126     181.237
      261.003      27.362      27.519    -120.965   18407.625     178.259    3268.346    781844.6  21692706.0   18419.250     182.704
      261.003 0.000000000       0.000       0.000       0.000     0.00000     0.00000     0.00000     0.00000     0.00000       0.000
      261.003     182.704      10.372    9999.990      10.433       0.060       0.061       0.000       0.000       0.000
      261.003   18419.240       0.012      19.583  -18098.080    -854.809   -3316.263      -0.092      -0.004       0.003
      261.003     422.759   18419.250    3316.263       0.000       0.000       0.000
      261.003       0.000    4775.995       0.000       0.000       0.000
      261.003       0.000       0.000       0.000       0.000       1.000
      261.003       0.000       0.126     181.237
      262.004      27.314      27.471    -120.968   18402.244     178.260    3253.597    785105.4  21696014.0   18413.949     182.709
      262.004 0.000000000       0.000       0.000       0.000     0.00000     0.00000     0.00000     0.00000     0.00000       0.000
      262.004     182.709      10.328    9999.990      10.389       0.060       0.061       0.000       0.000       0.000
      262.004   18413.939       0.012      19.578  -18095.332    -856.145   -3301.444      -0.092      -0.004       0.003
      262.004     425.631   18413.949    3301.444       0.000       0.000       0.000
      262.004       0.000    4775.995       0.000       0.000       0.000
      262.004       0.000       0.000       0.000       0.000       1.000
      262.004       0.000       0.126     181.237
      263.005      27.266      27.423    -120.970   18396.887     178.262    3238.849    788351.7  21699308.0   18408.674     182.713
      263.005 0.000000000       0.000       0.000       0.000     0.00000     0.00000     0.00000     0.00000     0.00000       0.000
      263.005     182.713      10.285    9999.990      10.345       0.060       0.061       0.000       0.000       0.000
      263.005   18408.664       0.009      19.571  -18092.598    -857.478   -3286.625      -0.091      -0.004       0.004
      263.005     428.510   18408.674    3286.625       0.000       0.000       0.000
      263.005       0.000    4775.995       0.000       0.000       0.000
      263.005       0.000       0.000       0.000       0.000       1.000
      263.005       0.000       0.126     181.237
      264.006      27.218      27.375    -120.973   18391.555     178.263    3224.101    791583.5  21702588.0   18403.422     182.718
      264.006 0.000000000       0.000       0.000       0.000     0.00000     0.00000     0.00000     0.00000     0.00000       0.000
      264.006     182.718      10.241    9999.990      10.302       0.060       0.061       0.000       0.000       0.000
      264.006   18403.408       0.012      19.566  -18089.877    -858.810   -3271.805      -0.092      -0.004       0.003
      264.006     431.380   18403.418    3271.805       0.000       0.000       0.000
      264.006       0.000    4775.995       0.000       0.000       0.000
      264.006       0.000       0.000       0.000       0.000       1.000
      264.006       0.000       0.126     181.237
      265.007      27.171      27.327    -120.976   18386.246     178.265    3209.352    794799.9  21705852.0   18398.197     182.723
      265.007 0.000000000       0.000       0.000       0.000     0.00000     0.00000     0.00000     0.00000     0.00000       0.000
      265.007     182.723      10.197    9999.990      10.258       0.060       0.061       0.000       0.000       0.000
      265.007   18398.186       0.009      19.561  -18087.172    -860.139   -3256.986      -0.091      -0.004       0.004
      265.007     434.252   18398.195    3256.986       0.000       0.000       0.000
      265.007       0.000    4775.995       0.000       0.000       0.000
      265.007       0.000       0.000       0.000       0.000       1.000
      265.007       0.000       0.126     181.237
      266.008      27.123      27.279    -120.979   18380.961     178.266    3194.611    798002.0  21709102.0   18392.990     182.727
      266.008 0.000000000       0.000       0.000       0.000     0.00000     0.00000     0.00000     0.00000     0.00000       0.000
      266.008     182.727      10.153    9999.990      10.214       0.060       0.061       0.000       0.000       0.000
      266.008   18392.980       0.012      19.555  -18084.477    -861.466   -3242.174      -0.092      -0.004       0.003
      266.008     437.130   18392.990    3242.174       0.000       0.000       0.000
      266.008       0.000    4775.995       0.000       0.000       0.000
      266.008       0.000       0.000       0.000       0.000       1.000
      266.008       0.000       0.126     181.237
      267.009      27.075      27.231    -120.981   18375.703     178.267    3179.886    801189.4  21712336.0   18387.812     182.732
      267.009 0.000000000       0.000       0.000       0.000     0.00000     0.00000     0.00000     0.00000     0.00000       0.000
      267.009     182.732      10.109    9999.990      10.170       0.060       0.061       0.000       0.000       0.000
      267.009   18387.803       0.011      19.549  -18081.795    -862.788   -3227.379      -0.092      -0.004       0.003
      267.009     439.991   18387.812    3227.379       0.000       0.000       0.000
      267.009       0.000    4775.995       0.000       0.000       0.000
      267.009       0.000       0.000       0.000       0.000       1.000
      267.009       0.000       0.126     181.237
      268.000      27.028      27.184    -120.984   18370.521     178.269    3165.310    804330.2  21715524.0   18382.711     182.736
      268.000 0.000000000       0.000       0.000       0.000     0.00000     0.00000     0.00000     0.00000     0.00000       0.000
      268.000     182.736      10.065    9999.990      10.126       0.060       0.061       0.000       0.000       0.000
      268.000   18382.699       0.009      19.544  -18079.152    -864.095   -3212.732      -0.092      -0.004       0.002
      268.000     442.829   18382.709    3212.732       0.000       0.000       0.000
      268.000       0.000    4775.995       0.000       0.000       0.000
      268.000       0.000       0.000       0.000       0.000       1.000
      268.000       0.000       0.126     181.237
      269.001      26.980      27.136    -120.987   18365.311     178.270    3150.586    807488.4  21718730.0   18377.582     182.741
      269.001 0.000000000       0.000       0.000       0.000     0.00000     0.00000     0.00000     0.00000     0.00000       0.000
      269.001     182.741      10.021    9999.990      10.082       0.060       0.061       0.000       0.000       0.000
      269.001   18377.570       0.011      19.538  -18076.498    -865.413   -3197.937      -0.092      -0.004       0.003
      269.001     445.695   18377.582    3197.937       0.000       0.000       0.000
      269.001       0.000    4775.995       0.000       0.000       0.000
      269.001       0.000       0.000       0.000       0.000       1.000
      269.001       0.000       0.126     181.237
      270.002      26.933      27.088    -120.990   18360.125     178.271    3135.862    810631.8  21721920.0   18372.477     182.745
      270.002 0.000000000       0.000       0.000       0.000     0.00000     0.00000     0.00000     0.00000     0.00000       0.000
      270.002     182.745       9.977    9999.990      10.038       0.060       0.061       0.000       0.000       0.000
      270.002   18372.467       0.011      19.534  -18073.857    -866.728   -3183.142      -0.091      -0.004       0.003
      270.002     448.557   18372.479    3183.142       0.000       0.000       0.000
      270.002       0.000    4775.995       0.000       0.000       0.000
      270.002       0.000       0.000       0.000       0.000       1.000
      270.002       0.000       0.126     181.237
      271.003      26.885      27.040    -120.992   18354.963     178.273    3121.138    813760.2  21725096.0   18367.395     182.750
      271.003 0.000000000       0.000       0.000       0.000     0.00000     0.00000     0.00000     0.00000     0.00000       0.000
      271.003     182.750       9.933    9999.990       9.994       0.060       0.061       0.000       0.000       0.000
      271.003   18367.385       0.012      19.528  -18071.227    -868.042   -3168.347      -0.092      -0.004       0.003
      271.003     451.424   18367.395    3168.347       0.000       0.000       0.000
      271.003       0.000    4775.995       0.000       0.000       0.000
      271.003       0.000       0.000       0.000       0.000       1.000
      271.003       0.000       0.126     181.237
      272.004      26.837      26.993    -120.995   18349.822     178.274    3106.414    816874.3  21728258.0   18362.334     182.755
      272.004 0.000000000       0.000       0.000       0.000     0.00000     0.00000     0.00000     0.00000     0.00000       0.000
      272.004     182.755       9.889    9999.990       9.950       0.060       0.061       0.000       0.000       0.000
      272.004   18362.324       0.011      19.523  -18068.609    -869.353   -3153.552      -0.091      -0.004       0.003
      272.004     454.286   18362.334    3153.552       0.000       0.000       0.000
      272.004       0.000    4775.995       0.000       0.000       0.000
      272.004       0.000       0.000       0.000       0.000       1.000
      272.004       0.000       0.126     181.237
      273.005      26.790      26.945    -120.998   18344.707     178.275    3091.690    819973.3  21731404.0   18357.303     182.759
      273.005 0.000000000       0.000       0.000       0.000     0.00000     0.00000     0.00000     0.00000     0.00000       0.000
      273.005     182.759       9.845    9999.990       9.906       0.060       0.061       0.000       0.000       0.000
      273.005   18357.289       0.011      19.517  -18066.008    -870.661   -3138.757      -0.092      -0.004       0.003
      273.005     457.150   18357.299    3138.757       0.000       0.000       0.000
      273.005       0.000    4775.995       0.000       0.000       0.000
      273.005       0.000       0.000       0.000       0.000       1.000
      273.005       0.000       0.126     181.237
      274.006      26.742      26.897    -121.000   18339.615     178.277    3076.966    823057.6  21734534.0   18352.289     182.764
      274.006 0.000000000       0.000       0.000       0.000     0.00000     0.00000     0.00000     0.00000     0.00000       0.000
      274.006     182.764       9.801    9999.990       9.862       0.060       0.061       0.000       0.000       0.000
      274.006   18352.279       0.009      19.512  -18063.418    -871.967   -3123.962      -0.092      -0.004       0.004
      274.006     460.014   18352.289    3123.962       0.000       0.000       0.000
      274.006       0.000    4775.995       0.000       0.000       0.000
      274.006       0.000       0.000       0.000       0.000       1.000
      274.006       0.000       0.126     181.237
      275.007      26.694      26.849    -121.003   18334.547     178.278    3062.242    826127.6  21737652.0   18347.301     182.768
      275.007 0.000000000       0.000       0.000       0.000     0.00000     0.00000     0.00000     0.00000     0.00000       0.000
      275.007     182.768       9.757    9999.990       9.817       0.060       0.061       0.000       0.000       0.000
      275.007   18347.291       0.009      19.506  -18060.840    -873.272   -3109.167      -0.092      -0.004       0.004
      275.007     462.876   18347.301    3109.167       0.000       0.000       0.000
      275.007       0.000    4775.995       0.000       0.000       0.000
      275.007       0.000       0.000       0.000       0.000       1.000
      275.007       0.000       0.126     181.237
      276.008      26.647      26.801    -121.006   18329.502     178.280    3047.518    829182.2  21740754.0   18342.338     182.773
      276.008 0.000000000       0.000       0.000       0.000     0.00000     0.00000     0.00000     0.00000     0.00000       0.000
      276.008     182.773       9.712    9999.990       9.773       0.060       0.061       0.000       0.000       0.000
      276.008   18342.326       0.011      19.501  -18058.275    -874.573   -3094.372      -0.092      -0.004       0.003
      276.008     465.740   18342.336    3094.372       0.000       0.000       0.000
      276.008       0.000    4775.995       0.000       0.000       0.000
      276.008       0.000       0.000       0.000       0.000       1.000
      276.008       0.000       0.126     181.237
      277.009      26.599      26.753    -121.009   18324.484     178.281    3032.794    832222.4  21743840.0   18337.400     182.777
      277.009 0.000000000       0.000       0.000       0.000     0.00000     0.00000     0.00000     0.00000     0.00000       0.000
      277.009     182.777       9.668    9999.990       9.729       0.060       0.061       0.000       0.000       0.000
      277.009   18337.387       0.010      19.496  -18055.727    -875.873   -3079.577      -0.092      -0.004       0.003
      277.009     468.604   18337.396    3079.577       0.000       0.000       0.000
      277.009       0.000    4775.995       0.000       0.000       0.000
      277.009       0.000       0.000       0.000       0.000       1.000
      277.009       0.000       0.126     181.237
      278.000      26.552      26.706    -121.011   18319.537     178.282    3018.223    835217.9  21746882.0   18332.533     182.782
      278.000 0.000000000       0.000       0.000       0.000     0.00000     0.00000     0.00000     0.00000     0.00000       0.000
      278.000     182.782       9.624    9999.990       9.685       0.060       0.061       0.000       0.000       0.000
      278.000   18332.523       0.009      19.491  -18053.215    -877.157   -3064.936      -0.092      -0.004       0.002
      278.000     471.440   18332.533    3064.936       0.000       0.000       0.000
      278.000       0.000    4775.995       0.000       0.000       0.000
      278.000       0.000       0.000       0.000       0.000       1.000
      278.000       0.000       0.126     181.237
      279.001      26.504      26.658    -121.014   18314.568     178.284    3003.524    838228.5  21749940.0   18327.645     182.786
      279.001 0.000000000       0.000       0.000       0.000     0.00000     0.00000     0.00000     0.00000     0.00000       0.000
      279.001     182.786       9.580    9999.990       9.641       0.060       0.061       0.000       0.000       0.000
      279.001   18327.631       0.011      19.485  -18050.688    -878.451   -3050.166      -0.092      -0.004       0.003
      279.001     474.305   18327.641    3050.166       0.000       0.000       0.000
      279.001       0.000    4775.995       0.000       0.000       0.000
      279.001       0.000       0.000       0.000       0.000       1.000
      279.001       0.000       0.126     181.237
      280.002      26.457      26.611    -121.017   18309.623     178.285    2988.824    841225.0  21752982.0   18322.777     182.791
      280.002 0.000000000       0.000       0.000       0.000     0.00000     0.00000     0.00000     0.00000     0.00000       0.000
      280.002     182.791       9.536    9999.990       9.597       0.060       0.061       0.000       0.000       0.000
      280.002   18322.768       0.009      19.480  -18048.176    -879.742   -3035.395      -0.092      -0.004       0.003
      280.002     477.155   18322.777    3035.395       0.000       0.000       0.000
      280.002       0.000    4775.995       0.000       0.000       0.000
      280.002       0.000       0.000       0.000       0.000       1.000
      280.002       0.000       0.126     181.237
      281.003      26.409      26.563    -121.020   18304.701     178.286    2974.125    844206.6  21756010.0   18317.938     182.795
      281.003 0.000000000       0.000       0.000       0.000     0.00000     0.00000     0.00000     0.00000     0.00000       0.000
      281.003     182.795       9.491    9999.990       9.552       0.060       0.061       0.000       0.000       0.000
      281.003   18317.928       0.009      19.476  -18045.678    -881.030   -3020.625      -0.092      -0.004       0.003
      281.003     480.010   18317.938    3020.625       0.000       0.000       0.000
      281.003       0.000    4775.995       0.000       0.000       0.000
      281.003       0.000       0.000       0.000       0.000       1.000
      281.003       0.000       0.126     181.237
      282.004      26.362      26.515    -121.022   18299.803     178.288    2959.425    847173.4  21759024.0   18313.119     182.800
      282.004 0.000000000       0.000       0.000       0.000     0.00000     0.00000     0.00000     0.00000     0.00000       0.000
      282.004     182.800       9.447    9999.990       9.508       0.060       0.061       0.000       0.000       0.000
      282.004   18313.109       0.011      19.470  -18043.189    -882.316   -3005.854      -0.092      -0.004       0.003
      282.004     482.867   18313.119    3005.854       0.000       0.000       0.000
      282.004       0.000    4775.995       0.000       0.000       0.000
      282.004       0.000       0.000       0.000       0.000       1.000
      282.004       0.000       0.126     181.237
      283.005      26.314      26.468    -121.025   18294.930     178.289    2944.726    850125.8  21762022.0   18308.328     182.804
      283.005 0.000000000       0.000       0.000       0.000     0.00000     0.00000     0.00000     0.00000     0.00000       0.000
      283.005     182.804       9.403    9999.990       9.464       0.060       0.061       0.000       0.000       0.000
      283.005   18308.316       0.010      19.466  -18040.719    -883.600   -2991.083      -0.092      -0.004       0.003
      283.005     485.717   18308.328    2991.083       0.000       0.000       0.000
      283.005       0.000    4775.995       0.000       0.000       0.000
      283.005       0.000       0.000       0.000       0.000       1.000
      283.005       0.000       0.126     181.237
      284.006      26.267      26.420    -121.028   18290.078     178.290    2930.026    853063.1  21765006.0   18303.557     182.808
      284.006 0.000000000       0.000       0.000       0.000     0.00000     0.00000     0.00000     0.00000     0.00000       0.000
      284.006     182.808       9.358    9999.990       9.419       0.060       0.061       0.000       0.000       0.000
      284.006   18303.547       0.011      19.460  -18038.258    -884.881   -2976.313      -0.092      -0.004       0.003
      284.006     488.573   18303.559    2976.313       0.000       0.000       0.000
      284.006       0.000    4775.995       0.000       0.000       0.000
      284.006       0.000       0.000       0.000       0.000       1.000
      284.006       0.000       0.126     181.237
      285.007      26.220      26.372    -121.031   18285.250     178.292    2915.327    855985.8  21767976.0   18298.811     182.813
      285.007 0.000000000       0.000       0.000       0.000     0.00000     0.00000     0.00000     0.00000     0.00000       0.000
      285.007     182.813       9.314    9999.990       9.375       0.060       0.061       0.000       0.000       0.000
      285.007   18298.799       0.009      19.455  -18035.809    -886.160   -2961.542      -0.092      -0.004       0.003
      285.007     491.423   18298.811    2961.542       0.000       0.000       0.000
      285.007       0.000    4775.995       0.000       0.000       0.000
      285.007       0.000       0.000       0.000       0.000       1.000
      285.007       0.000       0.126     181.237
      286.008      26.172      26.325    -121.033   18280.449     178.293    2900.628    858894.1  21770930.0   18294.086     182.817
      286.008 0.000000000       0.000       0.000       0.000     0.00000     0.00000     0.00000     0.00000     0.00000       0.000
      286.008     182.817       9.269    9999.990       9.330       0.060       0.061       0.000       0.000       0.000
      286.008   18294.076       0.009      19.451  -18033.375    -887.437   -2946.772      -0.092      -0.004       0.003
      286.008     494.278   18294.086    2946.772       0.000       0.000       0.000
      286.008       0.000    4775.995       0.000       0.000       0.000
      286.008       0.000       0.000       0.000       0.000       1.000
      286.008       0.000       0.126     181.237
      287.009      26.125      26.277    -121.036   18275.670     178.295    2885.928    861787.1  21773868.0   18289.389     182.822
      287.009 0.000000000       0.000       0.000       0.000     0.00000     0.00000     0.00000     0.00000     0.00000       0.000
      287.009     182.822       9.225    9999.990       9.286       0.060       0.061       0.000       0.000       0.000
      287.009   18289.377       0.011      19.446  -18030.953    -888.712   -2932.001      -0.092      -0.004       0.003
      287.009     497.136   18289.387    2932.001       0.000       0.000       0.000
      287.009       0.000    4775.995       0.000       0.000       0.000
      287.009       0.000       0.000       0.000       0.000       1.000
      287.009       0.000       0.126     181.237
      288.010      26.077      26.229    -121.039   18270.914     178.296    2871.229    864665.8  21776794.0   18284.711     182.826
      288.010 0.000000000       0.000       0.000       0.000     0.00000     0.00000     0.00000     0.00000     0.00000       0.000
      288.010     182.826       9.180    9999.990       9.241       0.060       0.061       0.000       0.000       0.000
      288.010   18284.699       0.010      19.441  -18028.543    -889.984   -2917.231      -0.092      -0.004       0.003
      288.010     499.986   18284.711    2917.231       0.000       0.000       0.000
      288.010       0.000    4775.995       0.000       0.000       0.000
      288.010       0.000       0.000       0.000       0.000       1.000
      288.010       0.000       0.126     181.237
      289.001      26.030      26.182    -121.041   18266.229     178.297    2856.677    867501.3  21779674.0   18280.107     182.831
      289.001 0.000000000       0.000       0.000       0.000     0.00000     0.00000     0.00000     0.00000     0.00000       0.000
      289.001     182.830       9.136    9999.990       9.197       0.060       0.061       0.000       0.000       0.000
      289.001   18280.096       0.010      19.436  -18026.172    -891.241   -2902.608      -0.092      -0.004       0.003
      289.001     502.812   18280.105    2902.608       0.000       0.000       0.000
      289.001       0.000    4775.995       0.000       0.000       0.000
      289.001       0.000       0.000       0.000       0.000       1.000
      289.001       0.000       0.126     181.237
      290.002      25.983      26.135    -121.044   18261.521     178.299    2841.978    870350.4  21782570.0   18275.480     182.835
      290.002 0.000000000       0.000       0.000       0.000     0.00000     0.00000     0.00000     0.00000     0.00000       0.000
      290.002     182.835       9.092    9999.990       9.153       0.060       0.061       0.000       0.000       0.000
      290.002   18275.469       0.009      19.431  -18023.789    -892.509   -2887.838      -0.092      -0.004       0.002
      290.002     505.669   18275.480    2887.838       0.000       0.000       0.000
      290.002       0.000    4775.995       0.000       0.000       0.000
      290.002       0.000       0.000       0.000       0.000       1.000
      290.002       0.000       0.126     181.237
      291.003      25.935      26.087    -121.047   18256.840     178.300    2827.289    873185.2  21785450.0   18270.879     182.839
      291.003 0.000000000       0.000       0.000       0.000     0.00000     0.00000     0.00000     0.00000     0.00000       0.000
      291.003     182.839       9.047    9999.990       9.108       0.060       0.061       0.000       0.000       0.000
      291.003   18270.867       0.009      19.426  -18021.420    -893.774   -2873.078      -0.092      -0.004       0.003
      291.003     508.521   18270.877    2873.078       0.000       0.000       0.000
      291.003       0.000    4775.995       0.000       0.000       0.000
      291.003       0.000       0.000       0.000       0.000       1.000
      291.003       0.000       0.126     181.237
      292.004      25.888      26.039    -121.050   18252.182     178.301    2812.614    876005.2  21788316.0   18266.299     182.844
      292.004 0.000000000       0.000       0.000       0.000     0.00000     0.00000     0.00000     0.00000     0.00000       0.000
      292.004     182.844       9.003    9999.990       9.064       0.060       0.061       0.000       0.000       0.000
      292.004   18266.289       0.011      19.421  -18019.061    -895.037   -2858.332      -0.092      -0.004       0.003
      292.004     511.372   18266.299    2858.332       0.000       0.000       0.000
      292.004       0.000    4775.995       0.000       0.000       0.000
      292.004       0.000       0.000       0.000       0.000       1.000
      292.004       0.000       0.126     181.237
      293.005      25.840      25.992    -121.052   18247.551     178.303    2797.939    878810.4  21791166.0   18261.750     182.848
      293.005 0.000000000       0.000       0.000       0.000     0.00000     0.00000     0.00000     0.00000     0.00000       0.000
      293.005     182.848       8.958    9999.990       9.019       0.060       0.061       0.000       0.000       0.000
      293.005   18261.736       0.008      19.416  -18016.719    -896.296   -2843.585      -0.092      -0.004       0.003
      293.005     514.217   18261.746    2843.585       0.000       0.000       0.000
      293.005       0.000    4775.995       0.000       0.000       0.000
      293.005       0.000       0.000       0.000       0.000       1.000
      293.005       0.000       0.126     181.237
      294.006      25.793      25.944    -121.055   18242.939     178.303    2783.264    881601.4  21794004.0   18257.186     182.851
      294.006 0.000000000       0.000       0.000       0.000     0.00000     0.00000     0.00000     0.00000     0.00000       0.000
      294.006     182.851       8.914    9999.990       8.974       0.060       0.061       0.000       0.000       0.000
      294.006   18257.174       0.004      19.412  -18014.371    -897.136   -2828.839      -0.092      -0.004       0.002
      294.006     517.059   18257.184    2828.839       0.000       0.000       0.000
      294.006       0.000    4775.995       0.000       0.000       0.000
      294.006       0.000       0.000       0.000       0.000       1.000
      294.006       0.000       0.126     181.237
      295.007      25.746      25.897    -121.058   18238.355     178.303    2768.589    884377.4  21796824.0   18252.648     182.854
      295.007 0.000000000       0.000       0.000       0.000     0.00000     0.00000     0.00000     0.00000     0.00000       0.000
      295.007     182.854       8.869    9999.990       8.930       0.060       0.061       0.000       0.000       0.000
      295.007   18252.639       0.006      19.407  -18012.043    -897.960   -2814.093      -0.092      -0.004       0.002
      295.007     519.908   18252.648    2814.093       0.000       0.000       0.000
      295.007       0.000    4775.995       0.000       0.000       0.000
      295.007       0.000       0.000       0.000       0.000       1.000
      295.007       0.000       0.126     181.237
      296.008      25.699      25.849    -121.061   18233.791     178.303    2753.915    887138.6  21799632.0   18248.129     182.857
      296.008 0.000000000       0.000       0.000       0.000     0.00000     0.00000     0.00000     0.00000     0.00000       0.000
      296.008     182.857       8.824    9999.990       8.885       0.060       0.061       0.000       0.000       0.000
      296.008   18248.117       0.006      19.403  -18009.721    -898.783   -2799.347      -0.092      -0.004       0.002
      296.008     522.749   18248.129    2799.347       0.000       0.000       0.000
      296.008       0.000    4775.995       0.000       0.000       0.000
      296.008       0.000       0.000       0.000       0.000       1.000
      296.008       0.000       0.126     181.237
      297.009      25.651      25.802    -121.063   18229.254     178.303    2739.240    889885.6  21802424.0   18243.639     182.860
      297.009 0.000000000       0.000       0.000       0.000     0.00000     0.00000     0.00000     0.00000     0.00000       0.000
      297.009     182.860       8.780    9999.990       8.841       0.060       0.061       0.000       0.000       0.000
      297.009   18243.625       0.004      19.397  -18007.416    -899.604   -2784.601      -0.092      -0.004       0.002
      297.009     525.594   18243.635    2784.601       0.000       0.000       0.000
      297.009       0.000    4775.995       0.000       0.000       0.000
      297.009       0.000       0.000       0.000       0.000       1.000
      297.009       0.000       0.126     181.237
      298.010      25.604      25.754    -121.066   18224.738     178.303    2724.565    892617.3  21805200.0   18239.168     182.863
      298.010 0.000000000       0.000       0.000       0.000     0.00000     0.00000     0.00000     0.00000     0.00000       0.000
      298.010     182.863       8.735    9999.990       8.796       0.060       0.061       0.000       0.000       0.000
      298.010   18239.156       0.007      19.392  -18005.121    -900.422   -2769.855      -0.092      -0.004       0.002
      298.010     528.436   18239.166    2769.855       0.000       0.000       0.000
      298.010       0.000    4775.995       0.000       0.000       0.000
      298.010       0.000       0.000       0.000       0.000       1.000
      298.010       0.000       0.126     181.237
      299.001      25.557      25.707    -121.069   18220.293     178.303    2710.037    895307.5  21807936.0   18234.770     182.866
      299.001 0.000000000       0.000       0.000       0.000     0.00000     0.00000     0.00000     0.00000     0.00000       0.000
      299.001     182.866       8.691    9999.990       8.752       0.060       0.061       0.000       0.000       0.000
      299.001   18234.758       0.007      19.388  -18002.865    -901.230   -2755.256      -0.092      -0.004       0.002
      299.001     531.250   18234.768    2755.256       0.000       0.000       0.000
      299.001       0.000    4775.995       0.000       0.000       0.000
      299.001       0.000       0.000       0.000       0.000       1.000
      299.001       0.000       0.126     181.237
      300.001      25.510      25.660    -121.071   18215.824     178.303    2695.362    898010.6  21810684.0   18230.346     182.869
      300.001 0.000000000       0.000       0.000       0.000     0.00000     0.00000     0.00000     0.00000     0.00000       0.000
      300.001     182.869       8.646    9999.990       8.707       0.060       0.061       0.000       0.000       0.000
      300.001   18230.334       0.005      19.384  -18000.594    -902.044   -2740.510      -0.092      -0.004       0.001
      300.001     534.094   18230.346    2740.510       0.000       0.000       0.000
      300.001       0.000    4775.995       0.000       0.000       0.000
      300.001       0.000       0.000       0.000       0.000       1.000
      300.001       0.000       0.126     181.237
      301.002      25.463      25.612    -121.074   18211.383     178.303    2680.687    900698.3  21813416.0   18225.949     182.872
      301.002 0.000000000       0.000       0.000       0.000     0.00000     0.00000     0.00000     0.00000     0.00000       0.000
      301.002     182.872       8.601    9999.990       8.662       0.060       0.061       0.000       0.000       0.000
      301.002   18225.939       0.005      19.379  -17998.342    -902.855   -2725.764      -0.092      -0.004       0.001
      301.002     536.939   18225.949    2725.764       0.000       0.000       0.000
      301.002       0.000    4775.995       0.000       0.000       0.000
      301.002       0.000       0.000       0.000       0.000       1.000
      301.002       0.000       0.126     181.237
      302.003      25.415      25.565    -121.077   18206.961     178.303    2666.013    903371.8  21816136.0   18221.572     182.875
      302.003 0.000000000       0.000       0.000       0.000     0.00000     0.00000     0.00000     0.00000     0.00000       0.000
      302.003     182.875       8.556    9999.990       8.617       0.060       0.061       0.000       0.000       0.000
      302.003   18221.561       0.007      19.373  -17996.096    -903.665   -2711.018      -0.092      -0.004       0.002
      302.003     539.782   18221.572    2711.018       0.000       0.000       0.000
      302.003       0.000    4775.995       0.000       0.000       0.000
      302.003       0.000       0.000       0.000       0.000       1.000
      302.003       0.000       0.126     181.237
      303.004      25.368      25.517    -121.080   18202.564     178.303    2651.338    906030.6  21818840.0   18217.225     182.878
      303.004 0.000000000       0.000       0.000       0.000     0.00000     0.00000     0.00000     0.00000     0.00000       0.000
      303.004     182.878       8.511    9999.990       8.572       0.060       0.061       0.000       0.000       0.000
      303.004   18217.213       0.005      19.369  -17993.867    -904.472   -2696.272      -0.092      -0.004       0.001
      303.004     542.626   18217.223    2696.272       0.000       0.000       0.000
      303.004       0.000    4775.995       0.000       0.000       0.000
      303.004       0.000       0.000       0.000       0.000       1.000
      303.004       0.000       0.126     181.237
      304.005      25.321      25.470    -121.082   18198.193     178.303    2636.663    908674.4  21821528.0   18212.896     182.881
      304.005 0.000000000       0.000       0.000       0.000     0.00000     0.00000     0.00000     0.00000     0.00000       0.000
      304.005     182.880       8.467    9999.990       8.527       0.060       0.061       0.000       0.000       0.000
      304.005   18212.883       0.006      19.365  -17991.648    -905.278   -2681.526      -0.092      -0.004       0.002
      304.005     545.470   18212.893    2681.526       0.000       0.000       0.000
      304.005       0.000    4775.995       0.000       0.000       0.000
      304.005       0.000       0.000       0.000       0.000       1.000
      304.005       0.000       0.126     181.237
      305.006      25.273      25.422    -121.085   18193.848     178.303    2622.006    911303.9  21824202.0   18208.598     182.883
      305.006 0.000000000       0.000       0.000       0.000     0.00000     0.00000     0.00000     0.00000     0.00000       0.000
      305.006     182.883       8.422    9999.990       8.483       0.060       0.061       0.000       0.000       0.000
      305.006   18208.586       0.004      19.360  -17989.447    -906.081   -2666.797      -0.092      -0.004       0.001
      305.006     548.314   18208.596    2666.797       0.000       0.000       0.000
      305.006       0.000    4775.995       0.000       0.000       0.000
      305.006       0.000       0.000       0.000       0.000       1.000
      305.006       0.000       0.126     181.237
      306.007      25.226      25.375    -121.088   18189.525     178.303    2607.356    913918.6  21826862.0   18204.318     182.886
      306.007 0.000000000       0.000       0.000       0.000     0.00000     0.00000     0.00000     0.00000     0.00000       0.000
      306.007     182.886       8.377    9999.990       8.438       0.060       0.061       0.000       0.000       0.000
      306.007   18204.305       0.004      19.356  -17987.252    -906.881   -2652.075      -0.092      -0.004       0.001
      306.007     551.152   18204.314    2652.075       0.000       0.000       0.000
      306.007       0.000    4775.995       0.000       0.000       0.000
      306.007       0.000       0.000       0.000       0.000       1.000
      306.007       0.000       0.126     181.237
      307.008      25.179      25.327    -121.091   18185.227     178.303    2592.706    916518.6  21829506.0   18200.064     182.889
      307.008 0.000000000       0.000       0.000       0.000     0.00000     0.00000     0.00000     0.00000     0.00000       0.000
      307.008     182.889       8.332    9999.990       8.393       0.060       0.061       0.000       0.000       0.000
      307.008   18200.057       0.004      19.351  -17985.074    -907.678   -2637.354      -0.092      -0.004       0.001
      307.008     553.992   18200.066    2637.354       0.000       0.000       0.000
      307.008       0.000    4775.995       0.000       0.000       0.000
      307.008       0.000       0.000       0.000       0.000       1.000
      307.008       0.000       0.126     181.237
      308.009      25.132      25.280    -121.093   18180.955     178.303    2578.055    919104.2  21832136.0   18195.838     182.892
      308.009 0.000000000       0.000       0.000       0.000     0.00000     0.00000     0.00000     0.00000     0.00000       0.000
      308.009     182.892       8.287    9999.990       8.348       0.060       0.061       0.000       0.000       0.000
      308.009   18195.826       0.005      19.346  -17982.908    -908.473   -2622.632      -0.092      -0.004       0.001
      308.009     556.828   18195.836    2622.632       0.000       0.000       0.000
      308.009       0.000    4775.995       0.000       0.000       0.000
      308.009       0.000       0.000       0.000       0.000       1.000
      308.009       0.000       0.126     181.237
      309.000      25.085      25.233    -121.096   18176.744     178.303    2563.552    921649.4  21834726.0   18191.672     182.895
      309.000 0.000000000       0.000       0.000       0.000     0.00000     0.00000     0.00000     0.00000     0.00000       0.000
      309.000     182.895       8.243    9999.990       8.304       0.060       0.061       0.000       0.000       0.000
      309.000   18191.664       0.007      19.343  -17980.775    -909.257   -2608.058      -0.092      -0.004       0.002
      309.000     559.629   18191.674    2608.058       0.000       0.000       0.000
      309.000       0.000    4775.995       0.000       0.000       0.000
      309.000       0.000       0.000       0.000       0.000       1.000
      309.000       0.000       0.126     181.237
      310.001      25.038      25.186    -121.099   18172.520     178.303    2548.901    924205.7  21837326.0   18187.492     182.898
      310.001 0.000000000       0.000       0.000       0.000     0.00000     0.00000     0.00000     0.00000     0.00000       0.000
      310.001     182.898       8.198    9999.990       8.259       0.060       0.061       0.000       0.000       0.000
      310.001   18187.482       0.007      19.337  -17978.635    -910.047   -2593.336      -0.092      -0.004       0.002
      310.001     562.466   18187.492    2593.336       0.000       0.000       0.000
      310.001       0.000    4775.995       0.000       0.000       0.000
      310.001       0.000       0.000       0.000       0.000       1.000
      310.001       0.000       0.126     181.237
      311.002      24.991      25.138    -121.101   18168.314     178.303    2534.251    926747.6  21839912.0   18183.334     182.901
      311.002 0.000000000       0.000       0.000       0.000     0.00000     0.00000     0.00000     0.00000     0.00000       0.000
      311.002     182.901       8.153    9999.990       8.214       0.060       0.061       0.000       0.000       0.000
      311.002   18183.324       0.005      19.334  -17976.506    -910.835   -2578.614      -0.092      -0.004       0.002
      311.002     565.299   18183.334    2578.614       0.000       0.000       0.000
      311.002       0.000    4775.995       0.000       0.000       0.000
      311.002       0.000       0.000       0.000       0.000       1.000
      311.002       0.000       0.126     181.237
      312.003      24.944      25.091    -121.104   18164.137     178.303    2519.601    929274.4  21842484.0   18179.199     182.903
      312.003 0.000000000       0.000       0.000       0.000     0.00000     0.00000     0.00000     0.00000     0.00000       0.000
      312.003     182.903       8.108    9999.990       8.169       0.060       0.061       0.000       0.000       0.000
      312.003   18179.188       0.004      19.329  -17974.389    -911.621   -2563.893      -0.092      -0.004       0.001
      312.003     568.132   18179.197    2563.893       0.000       0.000       0.000
      312.003       0.000    4775.995       0.000       0.000       0.000
      312.003       0.000       0.000       0.000       0.000       1.000
      312.003       0.000       0.126     181.237
      313.004      24.897      25.044    -121.107   18159.982     178.303    2504.951    931786.8  21845040.0   18175.086     182.906
      313.004 0.000000000       0.000       0.000       0.000     0.00000     0.00000     0.00000     0.00000     0.00000       0.000
      313.004     182.906       8.063    9999.990       8.124       0.060       0.061       0.000       0.000       0.000
      313.004   18175.076       0.005      19.325  -17972.285    -912.404   -2549.171      -0.092      -0.004       0.002
      313.004     570.965   18175.088    2549.171       0.000       0.000       0.000
      313.004       0.000    4775.995       0.000       0.000       0.000
      313.004       0.000       0.000       0.000       0.000       1.000
      313.004       0.000       0.126     181.237
      314.005      24.849      24.996    -121.110   18155.850     178.303    2490.301    934284.8  21847582.0   18171.000     182.909
      314.005 0.000000000       0.000       0.000       0.000     0.00000     0.00000     0.00000     0.00000     0.00000       0.000
      314.005     182.909       8.018    9999.990       8.079       0.060       0.061       0.000       0.000       0.000
      314.005   18170.990       0.003      19.321  -17970.195    -913.185   -2534.449      -0.092      -0.004       0.001
      314.005     573.799   18171.002    2534.449       0.000       0.000       0.000
      314.005       0.000    4775.995       0.000       0.000       0.000
      314.005       0.000       0.000       0.000       0.000       1.000
      314.005       0.000       0.126     181.237
      315.006      24.802      24.949    -121.112   18151.738     178.303    2475.651    936767.5  21850110.0   18166.934     182.912
      315.006 0.000000000       0.000       0.000       0.000     0.00000     0.00000     0.00000     0.00000     0.00000       0.000
      315.006     182.912       7.973    9999.990       8.033       0.060       0.061       0.000       0.000       0.000
      315.006   18166.922       0.003      19.317  -17968.113    -913.965   -2519.728      -0.092      -0.004       0.001
      315.006     576.633   18166.932    2519.728       0.000       0.000       0.000
      315.006       0.000    4775.995       0.000       0.000       0.000
      315.006       0.000       0.000       0.000       0.000       1.000
      315.006       0.000       0.126     181.237
      316.007      24.755      24.902    -121.115   18147.654     178.303    2461.000    939235.9  21852622.0   18162.893     182.915
      316.007 0.000000000       0.000       0.000       0.000     0.00000     0.00000     0.00000     0.00000     0.00000       0.000
      316.007     182.915       7.927    9999.990       7.988       0.060       0.061       0.000       0.000       0.000
      316.007   18162.883       0.005      19.312  -17966.049    -914.742   -2505.006      -0.092      -0.004       0.002
      316.007     579.465   18162.893    2505.006       0.000       0.000       0.000
      316.007       0.000    4775.995       0.000       0.000       0.000
      316.007       0.000       0.000       0.000       0.000       1.000
      316.007       0.000       0.126     181.237
      317.008      24.708      24.854    -121.118   18143.594     178.303    2446.351    941689.8  21855120.0   18158.877     182.918
      317.008 0.000000000       0.000       0.000       0.000     0.00000     0.00000     0.00000     0.00000     0.00000       0.000
      317.008     182.917       7.882    9999.990       7.943       0.060       0.061       0.000       0.000       0.000
      317.008   18158.867       0.004      19.308  -17963.996    -915.516   -2490.284      -0.092      -0.004       0.001
      317.008     582.301   18158.877    2490.284       0.000       0.000       0.000
      317.008       0.000    4775.995       0.000       0.000       0.000
      317.008       0.000       0.000       0.000       0.000       1.000
      317.008       0.000       0.126     181.237
      318.009      24.661      24.807    -121.121   18139.559     178.303    2431.700    944128.6  21857602.0   18154.885     182.920
      318.009 0.000000000       0.000       0.000       0.000     0.00000     0.00000     0.00000     0.00000     0.00000       0.000
      318.009     182.920       7.837    9999.990       7.898       0.060       0.061       0.000       0.000       0.000
      318.009   18154.875       0.004      19.304  -17961.957    -916.289   -2475.562      -0.092      -0.004       0.001
      318.009     585.133   18154.885    2475.562       0.000       0.000       0.000
      318.009       0.000    4775.995       0.000       0.000       0.000
      318.009       0.000       0.000       0.000       0.000       1.000
      318.009       0.000       0.126     181.237
      319.000      24.614      24.760    -121.123   18135.582     178.303    2417.197    946529.0  21860046.0   18150.955     182.923
      319.000 0.000000000       0.000       0.000       0.000     0.00000     0.00000     0.00000     0.00000     0.00000       0.000
      319.000     182.923       7.792    9999.990       7.853       0.060       0.061       0.000       0.000       0.000
      319.000   18150.941       0.006      19.300  -17959.947    -917.051   -2460.988      -0.092      -0.004       0.002
      319.000     587.937   18150.951    2460.988       0.000       0.000       0.000
      319.000       0.000    4775.995       0.000       0.000       0.000
      319.000       0.000       0.000       0.000       0.000       1.000
      319.000       0.000       0.126     181.237
      320.001      24.567      24.713    -121.126   18131.598     178.303    2402.567    948939.0  21862500.0   18147.014     182.926
      320.001 0.000000000       0.000       0.000       0.000     0.00000     0.00000     0.00000     0.00000     0.00000       0.000
      320.001     182.926       7.747    9999.990       7.808       0.060       0.061       0.000       0.000       0.000
      320.001   18147.002       0.006      19.295  -17957.934    -917.819   -2446.287      -0.092      -0.004       0.002
      320.001     590.769   18147.012    2446.287       0.000       0.000       0.000
      320.001       0.000    4775.995       0.000       0.000       0.000
      320.001       0.000       0.000       0.000       0.000       1.000
      320.001       0.000       0.126     181.237
      321.002      24.520      24.666    -121.129   18127.633     178.303    2387.942    951334.1  21864940.0   18143.090     182.929
      321.002 0.000000000       0.000       0.000       0.000     0.00000     0.00000     0.00000     0.00000     0.00000       0.000
      321.002     182.929       7.702    9999.990       7.763       0.060       0.061       0.000       0.000       0.000
      321.002   18143.080       0.003      19.291  -17955.928    -918.585   -2431.589      -0.092      -0.004       0.002
      321.002     593.608   18143.090    2431.589       0.000       0.000       0.000
      321.002       0.000    4775.995       0.000       0.000       0.000
      321.002       0.000       0.000       0.000       0.000       1.000
      321.002       0.000       0.126     181.237
      322.003      24.473      24.618    -121.131   18123.693     178.303    2373.316    953714.8  21867364.0   18139.199     182.931
      322.003 0.000000000       0.000       0.000       0.000     0.00000     0.00000     0.00000     0.00000     0.00000       0.000
      322.003     182.931       7.657    9999.990       7.718       0.060       0.061       0.000       0.000       0.000
      322.003   18139.186       0.005      19.287  -17953.939    -919.349   -2416.892      -0.092      -0.004       0.002
      322.003     596.439   18139.195    2416.892       0.000       0.000       0.000
      322.003       0.000    4775.995       0.000       0.000       0.000
      322.003       0.000       0.000       0.000       0.000       1.000
      322.003       0.000       0.126     181.237
      323.004      24.426      24.571    -121.134   18119.777     178.303    2358.691    956081.0  21869774.0   18135.324     182.934
      323.004 0.000000000       0.000       0.000       0.000     0.00000     0.00000     0.00000     0.00000     0.00000       0.000
      323.004     182.934       7.612    9999.990       7.673       0.060       0.061       0.000       0.000       0.000
      323.004   18135.314       0.004      19.283  -17951.959    -920.108   -2402.195      -0.092      -0.004       0.001
      323.004     599.262   18135.324    2402.195       0.000       0.000       0.000
      323.004       0.000    4775.995       0.000       0.000       0.000
      323.004       0.000       0.000       0.000       0.000       1.000
      323.004       0.000       0.126     181.237
      324.005      24.379      24.524    -121.137   18115.887     178.303    2344.065    958432.4  21872168.0   18131.477     182.937
      324.005 0.000000000       0.000       0.000       0.000     0.00000     0.00000     0.00000     0.00000     0.00000       0.000
      324.005     182.937       7.567    9999.990       7.627       0.060       0.061       0.000       0.000       0.000
      324.005   18131.465       0.004      19.279  -17949.994    -920.865   -2387.498      -0.092      -0.004       0.001
      324.005     602.083   18131.475    2387.498       0.000       0.000       0.000
      324.005       0.000    4775.995       0.000       0.000       0.000
      324.005       0.000       0.000       0.000       0.000       1.000
      324.005       0.000       0.126     181.237
      325.006      24.332      24.477    -121.140   18112.018     178.303    2329.439    960769.4  21874548.0   18127.650     182.940
      325.006 0.000000000       0.000       0.000       0.000     0.00000     0.00000     0.00000     0.00000     0.00000       0.000
      325.006     182.939       7.521    9999.990       7.582       0.060       0.061       0.000       0.000       0.000
      325.006   18127.641       0.005      19.274  -17948.041    -921.621   -2372.800      -0.092      -0.004       0.002
      325.006     604.906   18127.650    2372.800       0.000       0.000       0.000
      325.006       0.000    4775.995       0.000       0.000       0.000
      325.006       0.000       0.000       0.000       0.000       1.000
      325.006       0.000       0.126     181.237
      326.007      24.285      24.430    -121.142   18108.172     178.303    2314.814    963091.6  21876914.0   18123.848     182.942
      326.007 0.000000000       0.000       0.000       0.000     0.00000     0.00000     0.00000     0.00000     0.00000       0.000
      326.007     182.942       7.476    9999.990       7.537       0.060       0.061       0.000       0.000       0.000
      326.007   18123.836       0.004      19.271  -17946.100    -922.373   -2358.103      -0.092      -0.004       0.001
      326.007     607.731   18123.848    2358.103       0.000       0.000       0.000
      326.007       0.000    4775.995       0.000       0.000       0.000
      326.007       0.000       0.000       0.000       0.000       1.000
      326.007       0.000       0.126     181.237
      327.008      24.238      24.382    -121.145   18104.354     178.303    2300.188    965399.1  21879264.0   18120.074     182.945
      327.008 0.000000000       0.000       0.000       0.000     0.00000     0.00000     0.00000     0.00000     0.00000       0.000
      327.008     182.945       7.431    9999.990       7.492       0.060       0.061       0.000       0.000       0.000
      327.008   18120.062       0.004      19.267  -17944.174    -923.124   -2343.406      -0.092      -0.004       0.001
      327.008     610.553   18120.074    2343.406       0.000       0.000       0.000
      327.008       0.000    4775.995       0.000       0.000       0.000
      327.008       0.000       0.000       0.000       0.000       1.000
      327.008       0.000       0.126     181.237
      328.009      24.191      24.335    -121.148   18100.553     178.303    2285.563    967692.2  21881602.0   18116.314     182.948
      328.009 0.000000000       0.000       0.000       0.000     0.00000     0.00000     0.00000     0.00000     0.00000       0.000
      328.009     182.948       7.385    9999.990       7.446       0.060       0.061       0.000       0.000       0.000
      328.009   18116.305       0.007      19.263  -17942.254    -923.873   -2328.708      -0.092      -0.004       0.002
      328.009     613.377   18116.314    2328.708       0.000       0.000       0.000
      328.009       0.000    4775.995       0.000       0.000       0.000
      328.009       0.000       0.000       0.000       0.000       1.000
      328.009       0.000       0.126     181.237
      329.010      24.144      24.288    -121.151   18096.783     178.303    2270.937    969970.4  21883922.0   18112.590     182.950
      329.010 0.000000000       0.000       0.000       0.000     0.00000     0.00000     0.00000     0.00000     0.00000       0.000
      329.010     182.950       7.340    9999.990       7.401       0.060       0.061       0.000       0.000       0.000
      329.010   18112.580       0.006      19.259  -17940.355    -924.619   -2314.011      -0.092      -0.004       0.002
      329.010     616.200   18112.592    2314.011       0.000       0.000       0.000
      329.010       0.000    4775.995       0.000       0.000       0.000
      329.010       0.000       0.000       0.000       0.000       1.000
      329.010       0.000       0.126     181.237
      330.001      24.098      24.241    -121.153   18093.068     178.303    2256.458    972211.6  21886206.0   18108.918     182.953
      330.001 0.000000000       0.000       0.000       0.000     0.00000     0.00000     0.00000     0.00000     0.00000       0.000
      330.001     182.953       7.295    9999.990       7.356       0.060       0.061       0.000       0.000       0.000
      330.001   18108.906       0.003      19.255  -17938.480    -925.356   -2299.461      -0.092      -0.004       0.001
      330.001     618.996   18108.916    2299.461       0.000       0.000       0.000
      330.001       0.000    4775.995       0.000       0.000       0.000
      330.001       0.000       0.000       0.000       0.000       1.000
      330.001       0.000       0.126     181.237
      331.002      24.051      24.194    -121.156   18089.342     178.303    2241.833    974461.0  21888498.0   18105.236     182.956
      331.002 0.000000000       0.000       0.000       0.000     0.00000     0.00000     0.00000     0.00000     0.00000       0.000
      331.002     182.956       7.250    9999.990       7.311       0.060       0.061       0.000       0.000       0.000
      331.002   18105.225       0.006      19.251  -17936.604    -926.097   -2284.764      -0.092      -0.004       0.002
      331.002     621.820   18105.236    2284.764       0.000       0.000       0.000
      331.002       0.000    4775.995       0.000       0.000       0.000
      331.002       0.000       0.000       0.000       0.000       1.000
      331.002       0.000       0.126     181.237
      332.003      24.004      24.147    -121.159   18085.641     178.303    2227.207    976695.4  21890776.0   18101.576     182.958
      332.003 0.000000000       0.000       0.000       0.000     0.00000     0.00000     0.00000     0.00000     0.00000       0.000
      332.003     182.958       7.204    9999.990       7.265       0.060       0.061       0.000       0.000       0.000
      332.003   18101.564       0.006      19.248  -17934.736    -926.837   -2270.066      -0.092      -0.004       0.002
      332.003     624.641   18101.574    2270.066       0.000       0.000       0.000
      332.003       0.000    4775.995       0.000       0.000       0.000
      332.003       0.000       0.000       0.000       0.000       1.000
      332.003       0.000       0.126     181.237
      333.004      23.957      24.100    -121.162   18081.961     178.303    2212.582    978915.3  21893038.0   18097.938     182.961
      333.004 0.000000000       0.000       0.000       0.000     0.00000     0.00000     0.00000     0.00000     0.00000       0.000
      333.004     182.961       7.159    9999.990       7.220       0.060       0.061       0.000       0.000       0.000
      333.004   18097.926       0.003      19.244  -17932.883    -927.574   -2255.369      -0.092      -0.004       0.001
      333.004     627.464   18097.936    2255.369       0.000       0.000       0.000
      333.004       0.000    4775.995       0.000       0.000       0.000
      333.004       0.000       0.000       0.000       0.000       1.000
      333.004       0.000       0.126     181.237
      334.005      23.910      24.053    -121.164   18078.307     178.303    2197.956    981120.9  21895286.0   18094.326     182.964
      334.005 0.000000000       0.000       0.000       0.000     0.00000     0.00000     0.00000     0.00000     0.00000       0.000
      334.005     182.964       7.113    9999.990       7.174       0.060       0.061       0.000       0.000       0.000
      334.005   18094.316       0.006      19.239  -17931.043    -928.310   -2240.672      -0.092      -0.004       0.002
      334.005     630.286   18094.326    2240.672       0.000       0.000       0.000
      334.005       0.000    4775.995       0.000       0.000       0.000
      334.005       0.000       0.000       0.000       0.000       1.000
      334.005       0.000       0.126     181.237
      335.006      23.863      24.006    -121.167   18074.674     178.303    2183.331    983311.3  21897520.0   18090.736     182.966
      335.006 0.000000000       0.000       0.000       0.000     0.00000     0.00000     0.00000     0.00000     0.00000       0.000
      335.006     182.966       7.068    9999.990       7.129       0.060       0.061       0.000       0.000       0.000
      335.006   18090.725       0.006      19.236  -17929.211    -929.043   -2225.975      -0.092      -0.004       0.002
      335.006     633.113   18090.734    2225.975       0.000       0.000       0.000
      335.006       0.000    4775.995       0.000       0.000       0.000
      335.006       0.000       0.000       0.000       0.000       1.000
      335.006       0.000       0.126     181.237
      336.007      23.816      23.958    -121.170   18071.068     178.303    2168.717    985487.4  21899738.0   18087.172     182.969
      336.007 0.000000000       0.000       0.000       0.000     0.00000     0.00000     0.00000     0.00000     0.00000       0.000
      336.007     182.969       7.022    9999.990       7.083       0.060       0.061       0.000       0.000       0.000
      336.007   18087.162       0.004      19.232  -17927.396    -929.773   -2211.288      -0.092      -0.004       0.001
      336.007     635.934   18087.174    2211.288       0.000       0.000       0.000
      336.007       0.000    4775.995       0.000       0.000       0.000
      336.007       0.000       0.000       0.000       0.000       1.000
      336.007       0.000       0.126     181.237
      337.008      23.769      23.911    -121.172   18067.486     178.303    2154.116    987649.1  21901944.0   18083.633     182.972
      337.008 0.000000000       0.000       0.000       0.000     0.00000     0.00000     0.00000     0.00000     0.00000       0.000
      337.008     182.971       6.977    9999.990       7.038       0.060       0.061       0.000       0.000       0.000
      337.008   18083.623       0.004      19.228  -17925.592    -930.502   -2196.615      -0.092      -0.004       0.001
      337.008     638.759   18083.633    2196.615       0.000       0.000       0.000
      337.008       0.000    4775.995       0.000       0.000       0.000
      337.008       0.000       0.000       0.000       0.000       1.000
      337.008       0.000       0.126     181.237
      338.009      23.722      23.864    -121.175   18063.928     178.303    2139.515    989795.6  21904132.0   18080.117     182.974
      338.009 0.000000000       0.000       0.000       0.000     0.00000     0.00000     0.00000     0.00000     0.00000       0.000
      338.009     182.974       6.931    9999.990       6.992       0.060       0.061       0.000       0.000       0.000
      338.009   18080.107       0.004      19.224  -17923.799    -931.228   -2181.943      -0.092      -0.004       0.002
      338.009     641.582   18080.117    2181.943       0.000       0.000       0.000
      338.009       0.000    4775.995       0.000       0.000       0.000
      338.009       0.000       0.000       0.000       0.000       1.000
      338.009       0.000       0.126     181.237
      339.010      23.675      23.817    -121.178   18060.396     178.303    2124.914    991927.9  21906306.0   18076.627     182.977
      339.010 0.000000000       0.000       0.000       0.000     0.00000     0.00000     0.00000     0.00000     0.00000       0.000
      339.010     182.977       6.886    9999.990       6.947       0.060       0.061       0.000       0.000       0.000
      339.010   18076.615       0.007      19.221  -17922.021    -931.952   -2167.270      -0.092      -0.004       0.001
      339.010     644.405   18076.627    2167.270       0.000       0.000       0.000
      339.010       0.000    4775.995       0.000       0.000       0.000
      339.010       0.000       0.000       0.000       0.000       1.000
      339.010       0.000       0.126     181.237
      340.001      23.629      23.770    -121.181   18056.920     178.303    2110.459    994024.8  21908446.0   18073.193     182.979
      340.001 0.000000000       0.000       0.000       0.000     0.00000     0.00000     0.00000     0.00000     0.00000       0.000
      340.001     182.979       6.841    9999.990       6.902       0.060       0.061       0.000       0.000       0.000
      340.001   18073.184       0.006      19.217  -17920.271    -932.666   -2152.744      -0.092      -0.004       0.002
      340.001     647.191   18073.193    2152.744       0.000       0.000       0.000
      340.001       0.000    4775.995       0.000       0.000       0.000
      340.001       0.000       0.000       0.000       0.000       1.000
      340.001       0.000       0.126     181.237
      341.001      23.582      23.723    -121.183   18053.436     178.303    2095.858    996127.8  21910590.0   18069.750     182.982
      341.001 0.000000000       0.000       0.000       0.000     0.00000     0.00000     0.00000     0.00000     0.00000       0.000
      341.001     182.982       6.795    9999.990       6.856       0.060       0.061       0.000       0.000       0.000
      341.001   18069.740       0.005      19.214  -17918.520    -933.383   -2138.071      -0.092      -0.004       0.002
      341.001     650.008   18069.752    2138.071       0.000       0.000       0.000
      341.001       0.000    4775.995       0.000       0.000       0.000
      341.001       0.000       0.000       0.000       0.000       1.000
      341.001       0.000       0.126     181.237
      342.002      23.535      23.676    -121.186   18049.973     178.303    2081.257    998216.5  21912722.0   18066.328     182.984
      342.002 0.000000000       0.000       0.000       0.000     0.00000     0.00000     0.00000     0.00000     0.00000       0.000
      342.002     182.984       6.750    9999.990       6.811       0.060       0.061       0.000       0.000       0.000
      342.002   18066.318       0.006      19.210  -17916.775    -934.099   -2123.398      -0.092      -0.004       0.002
      342.002     652.819   18066.330    2123.398       0.000       0.000       0.000
      342.002       0.000    4775.995       0.000       0.000       0.000
      342.002       0.000       0.000       0.000       0.000       1.000
      342.002       0.000       0.126     181.237
      343.003      23.488      23.629    -121.189   18046.531     178.303    2066.656   1000290.7  21914838.0   18062.928     182.987
      343.003 0.000000000       0.000       0.000       0.000     0.00000     0.00000     0.00000     0.00000     0.00000       0.000
      343.003     182.987       6.704    9999.990       6.765       0.060       0.061       0.000       0.000       0.000
      343.003   18062.918       0.005      19.206  -17915.043    -934.812   -2108.725      -0.092      -0.004       0.002
      343.003     655.632   18062.928    2108.725       0.000       0.000       0.000
      343.003       0.000    4775.995       0.000       0.000       0.000
      343.003       0.000       0.000       0.000       0.000       1.000
      343.003       0.000       0.126     181.237
      344.004      23.442      23.582    -121.192   18043.115     178.303    2052.056   1002349.9  21916940.0   18059.555     182.990
      344.004 0.000000000       0.000       0.000       0.000     0.00000     0.00000     0.00000     0.00000     0.00000       0.000
      344.004     182.990       6.659    9999.990       6.719       0.060       0.061       0.000       0.000       0.000
      344.004   18059.541       0.005      19.203  -17913.326    -935.524   -2094.052      -0.092      -0.004       0.002
      344.004     658.445   18059.551    2094.052       0.000       0.000       0.000
      344.004       0.000    4775.995       0.000       0.000       0.000
      344.004       0.000       0.000       0.000       0.000       1.000
      344.004       0.000       0.126     181.237
      345.005      23.395      23.535    -121.194   18039.725     178.303    2037.455   1004394.9  21919026.0   18056.203     182.992
      345.005 0.000000000       0.000       0.000       0.000     0.00000     0.00000     0.00000     0.00000     0.00000       0.000
      345.005     182.992       6.613    9999.990       6.674       0.060       0.061       0.000       0.000       0.000
      345.005   18056.193       0.006      19.199  -17911.621    -936.232   -2079.379      -0.092      -0.004       0.002
      345.005     661.260   18056.203    2079.379       0.000       0.000       0.000
      345.005       0.000    4775.995       0.000       0.000       0.000
      345.005       0.000       0.000       0.000       0.000       1.000
      345.005       0.000       0.126     181.237
      346.006      23.348      23.488    -121.197   18036.357     178.303    2022.854   1006425.2  21921098.0   18052.877     182.995
      346.006 0.000000000       0.000       0.000       0.000     0.00000     0.00000     0.00000     0.00000     0.00000       0.000
      346.006     182.995       6.567    9999.990       6.628       0.060       0.061       0.000       0.000       0.000
      346.006   18052.865       0.005      19.196  -17909.928    -936.939   -2064.707      -0.092      -0.004       0.002
      346.006     664.076   18052.877    2064.707       0.000       0.000       0.000
      346.006       0.000    4775.995       0.000       0.000       0.000
      346.006       0.000       0.000       0.000       0.000       1.000
      346.006       0.000       0.126     181.237
      347.007      23.301      23.441    -121.200   18033.010     178.303    2008.253   1008440.7  21923156.0   18049.572     182.997
      347.007 0.000000000       0.000       0.000       0.000     0.00000     0.00000     0.00000     0.00000     0.00000       0.000
      347.007     182.997       6.522    9999.990       6.583       0.060       0.061       0.000       0.000       0.000
      347.007   18049.562       0.005      19.192  -17908.246    -937.643   -2050.034      -0.092      -0.004       0.002
      347.007     666.885   18049.574    2050.034       0.000       0.000       0.000
      347.007       0.000    4775.995       0.000       0.000       0.000
      347.007       0.000       0.000       0.000       0.000       1.000
      347.007       0.000       0.126     181.237
      348.008      23.254      23.394    -121.202   18029.691     178.303    1993.652   1010441.9  21925198.0   18046.293     183.000
      348.008 0.000000000       0.000       0.000       0.000     0.00000     0.00000     0.00000     0.00000     0.00000       0.000
      348.008     183.000       6.476    9999.990       6.537       0.060       0.061       0.000       0.000       0.000
      348.008   18046.283       0.003      19.189  -17906.578    -938.346   -2035.361      -0.092      -0.004       0.001
      348.008     669.699   18046.295    2035.361       0.000       0.000       0.000
      348.008       0.000    4775.995       0.000       0.000       0.000
      348.008       0.000       0.000       0.000       0.000       1.000
      348.008       0.000       0.126     181.237
      349.009      23.208      23.347    -121.205   18026.395     178.303    1979.052   1012428.2  21927226.0   18043.039     183.002
      349.009 0.000000000       0.000       0.000       0.000     0.00000     0.00000     0.00000     0.00000     0.00000       0.000
      349.009     183.002       6.430    9999.990       6.491       0.060       0.061       0.000       0.000       0.000
      349.009   18043.029       0.006      19.185  -17904.924    -939.046   -2020.688      -0.092      -0.004       0.001
      349.009     672.509   18043.041    2020.688       0.000       0.000       0.000
      349.009       0.000    4775.995       0.000       0.000       0.000
      349.009       0.000       0.000       0.000       0.000       1.000
      349.009       0.000       0.126     181.237
      350.000      23.161      23.301    -121.208   18023.154     178.303    1964.607   1014380.3  21929220.0   18039.840     183.005
      350.000 0.000000000       0.000       0.000       0.000     0.00000     0.00000     0.00000     0.00000     0.00000       0.000
      350.000     183.005       6.385    9999.990       6.446       0.060       0.061       0.000       0.000       0.000
      350.000   18039.830       0.003      19.182  -17903.295    -939.736   -2006.172      -0.092      -0.004       0.001
      350.000     675.296   18039.840    2006.172       0.000       0.000       0.000
      350.000       0.000    4775.995       0.000       0.000       0.000
      350.000       0.000       0.000       0.000       0.000       1.000
      350.000       0.000       0.126     181.237
      351.001      23.114      23.254    -121.211   18019.906     178.303    1950.019   1016337.9  21931218.0   18036.631     183.007
      351.001 0.000000000       0.000       0.000       0.000     0.00000     0.00000     0.00000     0.00000     0.00000       0.000
      351.001     183.007       6.339    9999.990       6.400       0.060       0.061       0.000       0.000       0.000
      351.001   18036.619       0.005      19.179  -17901.662    -940.432   -1991.511      -0.092      -0.004       0.002
      351.001     678.110   18036.629    1991.511       0.000       0.000       0.000
      351.001       0.000    4775.995       0.000       0.000       0.000
      351.001       0.000       0.000       0.000       0.000       1.000
      351.001       0.000       0.126     181.237
      352.002      23.068      23.207    -121.213   18016.680     178.303    1935.430   1018280.6  21933204.0   18033.447     183.010
      352.002 0.000000000       0.000       0.000       0.000     0.00000     0.00000     0.00000     0.00000     0.00000       0.000
      352.002     183.010       6.293    9999.990       6.354       0.060       0.061       0.000       0.000       0.000
      352.002   18033.436       0.005      19.175  -17900.043    -941.125   -1976.851      -0.093      -0.004       0.002
      352.002     680.920   18033.445    1976.851       0.000       0.000       0.000
      352.002       0.000    4775.995       0.000       0.000       0.000
      352.002       0.000       0.000       0.000       0.000       1.000
      352.002       0.000       0.126     181.237
      353.003      23.021      23.160    -121.216   18013.480     178.303    1920.842   1020208.7  21935172.0   18030.287     183.012
      353.003 0.000000000       0.000       0.000       0.000     0.00000     0.00000     0.00000     0.00000     0.00000       0.000
      353.003     183.012       6.248    9999.990       6.309       0.060       0.061       0.000       0.000       0.000
      353.003   18030.275       0.006      19.172  -17898.438    -941.816   -1962.190      -0.093      -0.004       0.001
      353.003     683.735   18030.285    1962.190       0.000       0.000       0.000
      353.003       0.000    4775.995       0.000       0.000       0.000
      353.003       0.000       0.000       0.000       0.000       1.000
      353.003       0.000       0.126     181.237
      354.004      22.974      23.113    -121.219   18010.303     178.303    1906.254   1022122.4  21937128.0   18027.148     183.015
      354.004 0.000000000       0.000       0.000       0.000     0.00000     0.00000     0.00000     0.00000     0.00000       0.000
      354.004     183.015       6.202    9999.990       6.263       0.060       0.061       0.000       0.000       0.000
      354.004   18027.139       0.004      19.169  -17896.840    -942.505   -1947.529      -0.092      -0.004       0.002
      354.004     686.548   18027.148    1947.529       0.000       0.000       0.000
      354.004       0.000    4775.995       0.000       0.000       0.000
      354.004       0.000       0.000       0.000       0.000       1.000
      354.004       0.000       0.126     181.237
      355.005      22.927      23.066    -121.222   18007.148     178.303    1891.665   1024021.4  21939068.0   18024.033     183.017
      355.005 0.000000000       0.000       0.000       0.000     0.00000     0.00000     0.00000     0.00000     0.00000       0.000
      355.005     183.017       6.156    9999.990       6.217       0.060       0.061       0.000       0.000       0.000
      355.005   18024.023       0.004      19.165  -17895.258    -943.192   -1932.869      -0.092      -0.004       0.002
      355.005     689.362   18024.033    1932.869       0.000       0.000       0.000
      355.005       0.000    4775.995       0.000       0.000       0.000
      355.005       0.000       0.000       0.000       0.000       1.000
      355.005       0.000       0.126     181.237
      356.006      22.881      23.019    -121.224   18004.020     178.303    1877.077   1025905.6  21940994.0   18020.945     183.019
      356.006 0.000000000       0.000       0.000       0.000     0.00000     0.00000     0.00000     0.00000     0.00000       0.000
      356.006     183.019       6.110    9999.990       6.171       0.060       0.061       0.000       0.000       0.000
      356.006   18020.936       0.005      19.162  -17893.688    -943.876   -1918.208      -0.092      -0.004       0.002
      356.006     692.173   18020.945    1918.208       0.000       0.000       0.000
      356.006       0.000    4775.995       0.000       0.000       0.000
      356.006       0.000       0.000       0.000       0.000       1.000
      356.006       0.000       0.126     181.237
      357.007      22.834      22.972    -121.227   18000.912     178.303    1862.489   1027775.7  21942904.0   18017.881     183.022
      357.007 0.000000000       0.000       0.000       0.000     0.00000     0.00000     0.00000     0.00000     0.00000       0.000
      357.007     183.022       6.064    9999.990       6.125       0.060       0.061       0.000       0.000       0.000
      357.007   18017.867       0.004      19.159  -17892.129    -944.558   -1903.547      -0.092      -0.004       0.002
      357.007     694.987   18017.877    1903.547       0.000       0.000       0.000
      357.007       0.000    4775.995       0.000       0.000       0.000
      357.007       0.000       0.000       0.000       0.000       1.000
      357.007       0.000       0.126     181.237
      358.008      22.787      22.925    -121.230   17997.830     178.303    1847.901   1029630.7  21944800.0   18014.838     183.024
      358.008 0.000000000       0.000       0.000       0.000     0.00000     0.00000     0.00000     0.00000     0.00000       0.000
      358.008     183.024       6.019    9999.990       6.080       0.060       0.061       0.000       0.000       0.000
      358.008   18014.828       0.004      19.156  -17890.584    -945.238   -1888.887      -0.092      -0.004       0.002
      358.008     697.802   18014.838    1888.887       0.000       0.000       0.000
      358.008       0.000    4775.995       0.000       0.000       0.000
      358.008       0.000       0.000       0.000       0.000       1.000
      358.008       0.000       0.126     181.237
      359.009      22.740      22.878    -121.232   17994.771     178.303    1833.312   1031471.2  21946682.0   18011.818     183.027
      359.009 0.000000000       0.000       0.000       0.000     0.00000     0.00000     0.00000     0.00000     0.00000       0.000
      359.009     183.027       5.973    9999.990       6.034       0.060       0.061       0.000       0.000       0.000
      359.009   18011.807       0.006      19.153  -17889.049    -945.915   -1874.226      -0.092      -0.004       0.002
      359.009     700.615   18011.816    1874.226       0.000       0.000       0.000
      359.009       0.000    4775.995       0.000       0.000       0.000
      359.009       0.000       0.000       0.000       0.000       1.000
      359.009       0.000       0.126     181.237
      360.000      22.694      22.831    -121.235   17991.768     178.303    1818.881   1033279.4  21948530.0   18008.855     183.029
      360.000 0.000000000       0.000       0.000       0.000     0.00000     0.00000     0.00000     0.00000     0.00000       0.000
      360.000     183.029       5.927    9999.990       5.988       0.060       0.061       0.000       0.000       0.000
      360.000   18008.844       0.004      19.149  -17887.545    -946.582   -1859.723      -0.093      -0.004       0.002
      360.000     703.389   18008.854    1859.723       0.000       0.000       0.000
      360.000       0.000    4775.995       0.000       0.000       0.000
      360.000       0.000       0.000       0.000       0.000       1.000
      360.000       0.000       0.126     181.237
      361.001      22.647      22.784    -121.238   17988.756     178.303    1804.305   1035091.0  21950384.0   18005.881     183.032
      361.001 0.000000000       0.000       0.000       0.000     0.00000     0.00000     0.00000     0.00000     0.00000       0.000
      361.001     183.032       5.881    9999.990       5.942       0.060       0.061       0.000       0.000       0.000
      361.001   18005.873       0.003      19.146  -17886.033    -947.254   -1845.075      -0.092      -0.004       0.001
      361.001     706.192   18005.883    1845.075       0.000       0.000       0.000
      361.001       0.000    4775.995       0.000       0.000       0.000
      361.001       0.000       0.000       0.000       0.000       1.000
      361.001       0.000       0.126     181.237
      362.002      22.601      22.738    -121.241   17985.771     178.303    1789.729   1036888.2  21952220.0   18002.936     183.034
      362.002 0.000000000       0.000       0.000       0.000     0.00000     0.00000     0.00000     0.00000     0.00000       0.000
      362.002     183.034       5.836    9999.990       5.896       0.060       0.061       0.000       0.000       0.000
      362.002   18002.926       0.003      19.143  -17884.537    -947.923   -1830.427      -0.092      -0.004       0.001
      362.002     708.996   18002.936    1830.427       0.000       0.000       0.000
      362.002       0.000    4775.995       0.000       0.000       0.000
      362.002       0.000       0.000       0.000       0.000       1.000
      362.002       0.000       0.126     181.237
      363.003      22.554      22.691    -121.243   17982.807     178.303    1775.153   1038671.0  21954044.0   18000.010     183.036
      363.003 0.000000000       0.000       0.000       0.000     0.00000     0.00000     0.00000     0.00000     0.00000       0.000
      363.003     183.036       5.790    9999.990       5.851       0.060       0.061       0.000       0.000       0.000
      363.003   18000.000       0.004      19.140  -17883.051    -948.590   -1815.778      -0.093      -0.004       0.002
      363.003     711.800   18000.010    1815.778       0.000       0.000       0.000
      363.003       0.000    4775.995       0.000       0.000       0.000
      363.003       0.000       0.000       0.000       0.000       1.000
      363.003       0.000       0.126     181.237
      364.004      22.508      22.644    -121.246   17979.867     178.303    1760.577   1040438.8  21955852.0   17997.109     183.039
      364.004 0.000000000       0.000       0.000       0.000     0.00000     0.00000     0.00000     0.00000     0.00000       0.000
      364.004     183.039       5.744    9999.990       5.805       0.060       0.061       0.000       0.000       0.000
      364.004   17997.100       0.003      19.137  -17881.578    -949.254   -1801.130      -0.093      -0.004       0.001
      364.004     714.600   17997.109    1801.130       0.000       0.000       0.000
      364.004       0.000    4775.995       0.000       0.000       0.000
      364.004       0.000       0.000       0.000       0.000       1.000
      364.004       0.000       0.126     181.237
      365.005      22.461      22.597    -121.249   17976.953     178.303    1746.000   1042192.1  21957646.0   17994.234     183.041
      365.005 0.000000000       0.000       0.000       0.000     0.00000     0.00000     0.00000     0.00000     0.00000       0.000
      365.005     183.041       5.698    9999.990       5.759       0.060       0.061       0.000       0.000       0.000
      365.005   17994.223       0.003      19.134  -17880.117    -949.917   -1786.481      -0.093      -0.004       0.001
      365.005     717.407   17994.232    1786.481       0.000       0.000       0.000
      365.005       0.000    4775.995       0.000       0.000       0.000
      365.005       0.000       0.000       0.000       0.000       1.000
      365.005       0.000       0.126     181.237
      366.006      22.414      22.550    -121.252   17974.061     178.303    1731.424   1043931.3  21959426.0   17991.383     183.043
      366.006 0.000000000       0.000       0.000       0.000     0.00000     0.00000     0.00000     0.00000     0.00000       0.000
      366.006     183.043       5.652    9999.990       5.713       0.060       0.061       0.000       0.000       0.000
      366.006   17991.371       0.005      19.131  -17878.670    -950.577   -1771.833      -0.092      -0.004       0.002
      366.006     720.208   17991.381    1771.833       0.000       0.000       0.000
      366.006       0.000    4775.995       0.000       0.000       0.000
      366.006       0.000       0.000       0.000       0.000       1.000
      366.006       0.000       0.126     181.237
      367.007      22.368      22.503    -121.254   17971.191     178.303    1716.848   1045655.2  21961190.0   17988.553     183.046
      367.007 0.000000000       0.000       0.000       0.000     0.00000     0.00000     0.00000     0.00000     0.00000       0.000
      367.007     183.046       5.606    9999.990       5.667       0.060       0.061       0.000       0.000       0.000
      367.007   17988.541       0.004      19.128  -17877.232    -951.234   -1757.184      -0.093      -0.004       0.002
      367.007     723.011   17988.551    1757.184       0.000       0.000       0.000
      367.007       0.000    4775.995       0.000       0.000       0.000
      367.007       0.000       0.000       0.000       0.000       1.000
      367.007       0.000       0.126     181.237
      368.008      22.321      22.457    -121.257   17968.346     178.303    1702.272   1047364.9  21962940.0   17985.744     183.048
      368.008 0.000000000       0.000       0.000       0.000     0.00000     0.00000     0.00000     0.00000     0.00000       0.000
      368.008     183.048       5.560    9999.990       5.621       0.060       0.061       0.000       0.000       0.000
      368.008   17985.732       0.005      19.125  -17875.807    -951.890   -1742.536      -0.092      -0.004       0.002
      368.008     725.814   17985.742    1742.536       0.000       0.000       0.000
      368.008       0.000    4775.995       0.000       0.000       0.000
      368.008       0.000       0.000       0.000       0.000       1.000
      368.008       0.000       0.126     181.237
      369.009      22.274      22.410    -121.260   17965.523     178.303    1687.697   1049060.2  21964676.0   17982.959     183.051
      369.009 0.000000000       0.000       0.000       0.000     0.00000     0.00000     0.00000     0.00000     0.00000       0.000
      369.009     183.050       5.514    9999.990       5.575       0.060       0.061       0.000       0.000       0.000
      369.009   17982.949       0.003      19.122  -17874.393    -952.544   -1727.887      -0.093      -0.004       0.001
      369.009     728.617   17982.959    1727.887       0.000       0.000       0.000
      369.009       0.000    4775.995       0.000       0.000       0.000
      369.009       0.000       0.000       0.000       0.000       1.000
      369.009       0.000       0.126     181.237
      370.010      22.228      22.363    -121.263   17962.729     178.303    1673.122   1050740.5  21966396.0   17980.205     183.053
      370.010 0.000000000       0.000       0.000       0.000     0.00000     0.00000     0.00000     0.00000     0.00000       0.000
      370.010     183.053       5.468    9999.990       5.529       0.060       0.061       0.000       0.000       0.000
      370.010   17980.195       0.006      19.120  -17872.996    -953.195   -1713.241      -0.092      -0.004       0.001
      370.010     731.419   17980.205    1713.241       0.000       0.000       0.000
      370.010       0.000    4775.995       0.000       0.000       0.000
      370.010       0.000       0.000       0.000       0.000       1.000
      370.010       0.000       0.126     181.237
      371.001      22.182      22.317    -121.265   17959.982     178.303    1658.704   1052389.9  21968086.0   17977.496     183.055
      371.001 0.000000000       0.000       0.000       0.000     0.00000     0.00000     0.00000     0.00000     0.00000       0.000
      371.001     183.055       5.422    9999.990       5.483       0.060       0.061       0.000       0.000       0.000
      371.001   17977.486       0.004      19.116  -17871.619    -953.837   -1698.751      -0.092      -0.004       0.002
      371.001     734.193   17977.496    1698.751       0.000       0.000       0.000
      371.001       0.000    4775.995       0.000       0.000       0.000
      371.001       0.000       0.000       0.000       0.000       1.000
      371.001       0.000       0.126     181.237
      372.002      22.135      22.270    -121.268   17957.232     178.303    1644.141   1054041.6  21969778.0   17974.783     183.057
      372.002 0.000000000       0.000       0.000       0.000     0.00000     0.00000     0.00000     0.00000     0.00000       0.000
      372.002     183.057       5.376    9999.990       5.437       0.060       0.061       0.000       0.000       0.000
      372.002   17974.773       0.006      19.113  -17870.242    -954.484   -1684.115      -0.093      -0.004       0.001
      372.002     736.996   17974.783    1684.115       0.000       0.000       0.000
      372.002       0.000    4775.995       0.000       0.000       0.000
      372.002       0.000       0.000       0.000       0.000       1.000
      372.002       0.000       0.126     181.237
      373.003      22.088      22.223    -121.271   17954.508     178.303    1629.577   1055678.2  21971454.0   17972.098     183.060
      373.003 0.000000000       0.000       0.000       0.000     0.00000     0.00000     0.00000     0.00000     0.00000       0.000
      373.003     183.060       5.330    9999.990       5.391       0.060       0.061       0.000       0.000       0.000
      373.003   17972.086       0.005      19.111  -17868.881    -955.128   -1669.478      -0.092      -0.004       0.001
      373.003     739.802   17972.096    1669.478       0.000       0.000       0.000
      373.003       0.000    4775.995       0.000       0.000       0.000
      373.003       0.000       0.000       0.000       0.000       1.000
      373.003       0.000       0.126     181.237
      374.004      22.042      22.176    -121.273   17951.807     178.303    1615.014   1057300.6  21973116.0   17969.436     183.062
      374.004 0.000000000       0.000       0.000       0.000     0.00000     0.00000     0.00000     0.00000     0.00000       0.000
      374.004     183.062       5.284    9999.990       5.345       0.060       0.061       0.000       0.000       0.000
      374.004   17969.426       0.002      19.108  -17867.529    -955.770   -1654.842      -0.092      -0.004       0.001
      374.004     742.605   17969.436    1654.842       0.000       0.000       0.000
      374.004       0.000    4775.995       0.000       0.000       0.000
      374.004       0.000       0.000       0.000       0.000       1.000
      374.004       0.000       0.126     181.237
      375.005      21.995      22.129    -121.276   17949.131     178.303    1600.450   1058907.5  21974762.0   17966.797     183.064
      375.005 0.000000000       0.000       0.000       0.000     0.00000     0.00000     0.00000     0.00000     0.00000       0.000
      375.005     183.064       5.238    9999.990       5.299       0.060       0.061       0.000       0.000       0.000
      375.005   17966.785       0.004      19.105  -17866.189    -956.410   -1640.206      -0.093      -0.004       0.002
      375.005     745.407   17966.795    1640.206       0.000       0.000       0.000
      375.005       0.000    4775.995       0.000       0.000       0.000
      375.005       0.000       0.000       0.000       0.000       1.000
      375.005       0.000       0.126     181.237
      376.006      21.949      22.082    -121.279   17946.475     178.303    1585.887   1060500.5  21976396.0   17964.180     183.067
      376.006 0.000000000       0.000       0.000       0.000     0.00000     0.00000     0.00000     0.00000     0.00000       0.000
      376.006     183.066       5.192    9999.990       5.253       0.060       0.061       0.000       0.000       0.000
      376.006   17964.168       0.004      19.102  -17864.863    -957.047   -1625.570      -0.092      -0.004       0.002
      376.006     748.211   17964.178    1625.570       0.000       0.000       0.000
      376.006       0.000    4775.995       0.000       0.000       0.000
      376.006       0.000       0.000       0.000       0.000       1.000
      376.006       0.000       0.126     181.237
      377.007      21.902      22.036    -121.282   17943.846     178.303    1571.323   1062079.2  21978014.0   17961.586     183.069
      377.007 0.000000000       0.000       0.000       0.000     0.00000     0.00000     0.00000     0.00000     0.00000       0.000
      377.007     183.069       5.146    9999.990       5.207       0.060       0.061       0.000       0.000       0.000
      377.007   17961.576       0.005      19.099  -17863.547    -957.683   -1610.933      -0.093      -0.004       0.001
      377.007     751.012   17961.586    1610.933       0.000       0.000       0.000
      377.007       0.000    4775.995       0.000       0.000       0.000
      377.007       0.000       0.000       0.000       0.000       1.000
      377.007       0.000       0.126     181.237
      378.008      21.855      21.989    -121.284   17941.238     178.303    1556.760   1063643.6  21979618.0   17959.014     183.071
      378.008 0.000000000       0.000       0.000       0.000     0.00000     0.00000     0.00000     0.00000     0.00000       0.000
      378.008     183.071       5.099    9999.990       5.160       0.060       0.061       0.000       0.000       0.000
      378.008   17959.006       0.003      19.097  -17862.242    -958.316   -1596.297      -0.093      -0.004       0.002
      378.008     753.813   17959.016    1596.297       0.000       0.000       0.000
      378.008       0.000    4775.995       0.000       0.000       0.000
      378.008       0.000       0.000       0.000       0.000       1.000
      378.008       0.000       0.126     181.237
      379.009      21.809      21.942    -121.287   17938.656     178.303    1542.196   1065193.8  21981208.0   17956.473     183.073
      379.009 0.000000000       0.000       0.000       0.000     0.00000     0.00000     0.00000     0.00000     0.00000       0.000
      379.009     183.073       5.053    9999.990       5.114       0.060       0.061       0.000       0.000       0.000
      379.009   17956.461       0.003      19.095  -17860.953    -958.947   -1581.661      -0.093      -0.004       0.001
      379.009     756.617   17956.471    1581.661       0.000       0.000       0.000
      379.009       0.000    4775.995       0.000       0.000       0.000
      379.009       0.000       0.000       0.000       0.000       1.000
      379.009       0.000       0.126     181.237
      380.010      21.762      21.895    -121.290   17936.094     178.303    1527.633   1066728.2  21982782.0   17953.947     183.076
      380.010 0.000000000       0.000       0.000       0.000     0.00000     0.00000     0.00000     0.00000     0.00000       0.000
      380.010     183.075       5.007    9999.990       5.068       0.060       0.061       0.000       0.000       0.000
      380.010   17953.938       0.004      19.091  -17859.672    -959.575   -1567.025      -0.093      -0.004       0.002
      380.010     759.421   17953.947    1567.025       0.000       0.000       0.000
      380.010       0.000    4775.995       0.000       0.000       0.000
      380.010       0.000       0.000       0.000       0.000       1.000
      380.010       0.000       0.126     181.237
      381.001      21.716      21.849    -121.293   17933.586     178.303    1513.215   1068233.0  21984326.0   17951.475     183.078
      381.001 0.000000000       0.000       0.000       0.000     0.00000     0.00000     0.00000     0.00000     0.00000       0.000
      381.001     183.078       4.961    9999.990       5.022       0.060       0.061       0.000       0.000       0.000
      381.001   17951.465       0.004      19.089  -17858.418    -960.195   -1552.535      -0.092      -0.004       0.002
      381.001     762.195   17951.475    1552.535       0.000       0.000       0.000
      381.001       0.000    4775.995       0.000       0.000       0.000
      381.001       0.000       0.000       0.000       0.000       1.000
      381.001       0.000       0.126     181.237
      382.001      21.669      21.802    -121.295   17931.074     178.303    1498.654   1069738.9  21985870.0   17949.000     183.080
      382.001 0.000000000       0.000       0.000       0.000     0.00000     0.00000     0.00000     0.00000     0.00000       0.000
      382.001     183.080       4.915    9999.990       4.976       0.060       0.061       0.000       0.000       0.000
      382.001   17948.988       0.004      19.086  -17857.164    -960.819   -1537.901      -0.093      -0.004       0.002
      382.001     765.000   17948.998    1537.901       0.000       0.000       0.000
      382.001       0.000    4775.995       0.000       0.000       0.000
      382.001       0.000       0.000       0.000       0.000       1.000
      382.001       0.000       0.126     181.237
      383.002      21.623      21.755    -121.298   17928.584     178.303    1484.103   1071230.2  21987402.0   17946.549     183.082
      383.002 0.000000000       0.000       0.000       0.000     0.00000     0.00000     0.00000     0.00000     0.00000       0.000
      383.002     183.082       4.869    9999.990       4.930       0.060       0.061       0.000       0.000       0.000
      383.002   17946.539       0.005      19.083  -17855.920    -961.441   -1523.277      -0.093      -0.004       0.001
      383.002     767.801   17946.549    1523.277       0.000       0.000       0.000
      383.002       0.000    4775.995       0.000       0.000       0.000
      383.002       0.000       0.000       0.000       0.000       1.000
      383.002       0.000       0.126     181.237
      384.003      21.576      21.708    -121.301   17926.123     178.303    1469.552   1072707.6  21988918.0   17944.123     183.084
      384.003 0.000000000       0.000       0.000       0.000     0.00000     0.00000     0.00000     0.00000     0.00000       0.000
      384.003     183.084       4.823    9999.990       4.884       0.060       0.061       0.000       0.000       0.000
      384.003   17944.113       0.006      19.081  -17854.689    -962.058   -1508.653      -0.093      -0.004       0.001
      384.003     770.596   17944.123    1508.653       0.000       0.000       0.000
      384.003       0.000    4775.995       0.000       0.000       0.000
      384.003       0.000       0.000       0.000       0.000       1.000
      384.003       0.000       0.126     181.237
      385.004      21.530      21.662    -121.303   17923.682     178.303    1455.001   1074170.8  21990420.0   17941.717     183.086
      385.004 0.000000000       0.000       0.000       0.000     0.00000     0.00000     0.00000     0.00000     0.00000       0.000
      385.004     183.086       4.777    9999.990       4.838       0.060       0.061       0.000       0.000       0.000
      385.004   17941.705       0.004      19.078  -17853.469    -962.674   -1494.029      -0.093      -0.004       0.002
      385.004     773.386   17941.715    1494.029       0.000       0.000       0.000
      385.004       0.000    4775.995       0.000       0.000       0.000
      385.004       0.000       0.000       0.000       0.000       1.000
      385.004       0.000       0.126     181.237
      386.005      21.483      21.615    -121.306   17921.266     178.303    1440.449   1075618.0  21991906.0   17939.338     183.089
      386.005 0.000000000       0.000       0.000       0.000     0.00000     0.00000     0.00000     0.00000     0.00000       0.000
      386.005     183.089       4.730    9999.990       4.791       0.060       0.061       0.000       0.000       0.000
      386.005   17939.326       0.004      19.076  -17852.262    -963.287   -1479.405      -0.093      -0.004       0.002
      386.005     776.179   17939.336    1479.405       0.000       0.000       0.000
      386.005       0.000    4775.995       0.000       0.000       0.000
      386.005       0.000       0.000       0.000       0.000       1.000
      386.005       0.000       0.126     181.237
      387.006      21.437      21.568    -121.309   17918.871     178.303    1425.898   1077050.8  21993378.0   17936.980     183.091
      387.006 0.000000000       0.000       0.000       0.000     0.00000     0.00000     0.00000     0.00000     0.00000       0.000
      387.006     183.091       4.684    9999.990       4.745       0.060       0.061       0.000       0.000       0.000
      387.006   17936.971       0.004      19.073  -17851.068    -963.898   -1464.781      -0.093      -0.004       0.002
      387.006     778.973   17936.980    1464.781       0.000       0.000       0.000
      387.006       0.000    4775.995       0.000       0.000       0.000
      387.006       0.000       0.000       0.000       0.000       1.000
      387.006       0.000       0.126     181.237
      388.007      21.391      21.522    -121.312   17916.504     178.303    1411.347   1078469.4  21994834.0   17934.650     183.093
      388.007 0.000000000       0.000       0.000       0.000     0.00000     0.00000     0.00000     0.00000     0.00000       0.000
      388.007     183.093       4.638    9999.990       4.699       0.060       0.061       0.000       0.000       0.000
      388.007   17934.639       0.002      19.071  -17849.887    -964.506   -1450.157      -0.093      -0.004       0.001
      388.007     781.766   17934.648    1450.157       0.000       0.000       0.000
      388.007       0.000    4775.995       0.000       0.000       0.000
      388.007       0.000       0.000       0.000       0.000       1.000
      388.007       0.000       0.126     181.237
      389.008      21.344      21.475    -121.314   17914.160     178.303    1396.796   1079873.6  21996278.0   17932.342     183.095
      389.008 0.000000000       0.000       0.000       0.000     0.00000     0.00000     0.00000     0.00000     0.00000       0.000
      389.008     183.095       4.592    9999.990       4.653       0.060       0.061       0.000       0.000       0.000
      389.008   17932.328       0.002      19.069  -17848.715    -965.113   -1435.533      -0.093      -0.004       0.001
      389.008     784.558   17932.338    1435.533       0.000       0.000       0.000
      389.008       0.000    4775.995       0.000       0.000       0.000
      389.008       0.000       0.000       0.000       0.000       1.000
      389.008       0.000       0.126     181.237
      390.009      21.298      21.428    -121.317   17911.836     178.303    1382.245   1081263.8  21997706.0   17930.055     183.097
      390.009 0.000000000       0.000       0.000       0.000     0.00000     0.00000     0.00000     0.00000     0.00000       0.000
      390.009     183.097       4.545    9999.990       4.606       0.060       0.061       0.000       0.000       0.000
      390.009   17930.045       0.003      19.066  -17847.557    -965.717   -1420.909      -0.093      -0.004       0.002
      390.009     787.350   17930.055    1420.909       0.000       0.000       0.000
      390.009       0.000    4775.995       0.000       0.000       0.000
      390.009       0.000       0.000       0.000       0.000       1.000
      390.009       0.000       0.126     181.237
      391.000      21.252      21.382    -121.320   17909.561     178.303    1367.839   1082625.8  21999106.0   17927.814     183.099
      391.000 0.000000000       0.000       0.000       0.000     0.00000     0.00000     0.00000     0.00000     0.00000       0.000
      391.000     183.099       4.499    9999.990       4.560       0.060       0.061       0.000       0.000       0.000
      391.000   17927.803       0.003      19.064  -17846.420    -966.313   -1406.431      -0.093      -0.004       0.002
      391.000     790.115   17927.812    1406.431       0.000       0.000       0.000
      391.000       0.000    4775.995       0.000       0.000       0.000
      391.000       0.000       0.000       0.000       0.000       1.000
      391.000       0.000       0.126     181.237
      392.001      21.205      21.335    -121.323   17907.287     178.303    1353.288   1083985.9  22000506.0   17925.574     183.101
      392.001 0.000000000       0.000       0.000       0.000     0.00000     0.00000     0.00000     0.00000     0.00000       0.000
      392.001     183.101       4.453    9999.990       4.514       0.060       0.061       0.000       0.000       0.000
      392.001   17925.564       0.003      19.062  -17845.285    -966.913   -1391.807      -0.093      -0.004       0.002
      392.001     792.908   17925.574    1391.807       0.000       0.000       0.000
      392.001       0.000    4775.995       0.000       0.000       0.000
      392.001       0.000       0.000       0.000       0.000       1.000
      392.001       0.000       0.126     181.237
      393.002      21.159      21.289    -121.325   17905.037     178.303    1338.737   1085331.5  22001890.0   17923.359     183.104
      393.002 0.000000000       0.000       0.000       0.000     0.00000     0.00000     0.00000     0.00000     0.00000       0.000
      393.002     183.104       4.407    9999.990       4.468       0.060       0.061       0.000       0.000       0.000
      393.002   17923.350       0.004      19.059  -17844.162    -967.510   -1377.183      -0.093      -0.004       0.001
      393.002     795.698   17923.359    1377.183       0.000       0.000       0.000
      393.002       0.000    4775.995       0.000       0.000       0.000
      393.002       0.000       0.000       0.000       0.000       1.000
      393.002       0.000       0.126     181.237
      394.003      21.112      21.242    -121.328   17902.811     178.303    1324.186   1086662.9  22003260.0   17921.170     183.106
      394.003 0.000000000       0.000       0.000       0.000     0.00000     0.00000     0.00000     0.00000     0.00000       0.000
      394.003     183.106       4.360    9999.990       4.421       0.060       0.061       0.000       0.000       0.000
      394.003   17921.158       0.002      19.057  -17843.053    -968.105   -1362.559      -0.093      -0.004       0.001
      394.003     798.492   17921.168    1362.559       0.000       0.000       0.000
      394.003       0.000    4775.995       0.000       0.000       0.000
      394.003       0.000       0.000       0.000       0.000       1.000
      394.003       0.000       0.126     181.237
      395.004      21.066      21.195    -121.331   17900.605     178.303    1309.635   1087980.1  22004614.0   17919.000     183.108
      395.004 0.000000000       0.000       0.000       0.000     0.00000     0.00000     0.00000     0.00000     0.00000       0.000
      395.004     183.108       4.314    9999.990       4.375       0.060       0.061       0.000       0.000       0.000
      395.004   17918.990       0.002      19.055  -17841.953    -968.698   -1347.935      -0.093      -0.004       0.001
      395.004     801.287   17919.000    1347.935       0.000       0.000       0.000
      395.004       0.000    4775.995       0.000       0.000       0.000
      395.004       0.000       0.000       0.000       0.000       1.000
      395.004       0.000       0.126     181.237
      396.005      21.019      21.149    -121.333   17898.426     178.303    1295.092   1089283.0  22005956.0   17916.855     183.110
      396.005 0.000000000       0.000       0.000       0.000     0.00000     0.00000     0.00000     0.00000     0.00000       0.000
      396.005     183.110       4.268    9999.990       4.329       0.060       0.061       0.000       0.000       0.000
      396.005   17916.846       0.003      19.052  -17840.865    -969.288   -1333.318      -0.093      -0.004       0.002
      396.005     804.078   17916.855    1333.318       0.000       0.000       0.000
      396.005       0.000    4775.995       0.000       0.000       0.000
      396.005       0.000       0.000       0.000       0.000       1.000
      396.005       0.000       0.126     181.237
      397.006      20.973      21.102    -121.336   17896.271     178.303    1280.553   1090571.6  22007282.0   17914.738     183.112
      397.006 0.000000000       0.000       0.000       0.000     0.00000     0.00000     0.00000     0.00000     0.00000       0.000
      397.006     183.112       4.221    9999.990       4.282       0.060       0.061       0.000       0.000       0.000
      397.006   17914.725       0.005      19.050  -17839.791    -969.877   -1318.707      -0.093      -0.004       0.001
      397.006     806.869   17914.734    1318.707       0.000       0.000       0.000
      397.006       0.000    4775.995       0.000       0.000       0.000
      397.006       0.000       0.000       0.000       0.000       1.000
      397.006       0.000       0.126     181.237
      398.007      20.927      21.055    -121.339   17894.139     178.303    1266.015   1091844.2  22008594.0   17912.637     183.114
      398.007 0.000000000       0.000       0.000       0.000     0.00000     0.00000     0.00000     0.00000     0.00000       0.000
      398.007     183.114       4.175    9999.990       4.236       0.060       0.061       0.000       0.000       0.000
      398.007   17912.625       0.005      19.047  -17838.725    -970.463   -1304.095      -0.093      -0.004       0.001
      398.007     809.664   17912.635    1304.095       0.000       0.000       0.000
      398.007       0.000    4775.995       0.000       0.000       0.000
      398.007       0.000       0.000       0.000       0.000       1.000
      398.007       0.000       0.126     181.237
      399.008      20.880      21.009    -121.342   17892.031     178.303    1251.476   1093102.6  22009890.0   17910.566     183.116
      399.008 0.000000000       0.000       0.000       0.000     0.00000     0.00000     0.00000     0.00000     0.00000       0.000
      399.008     183.116       4.129    9999.990       4.190       0.060       0.061       0.000       0.000       0.000
      399.008   17910.557       0.002      19.046  -17837.676    -971.046   -1289.483      -0.093      -0.004       0.001
      399.008     812.456   17910.566    1289.483       0.000       0.000       0.000
      399.008       0.000    4775.995       0.000       0.000       0.000
      399.008       0.000       0.000       0.000       0.000       1.000
      399.008       0.000       0.126     181.237
      400.009      20.834      20.962    -121.344   17889.947     178.303    1236.938   1094346.8  22011172.0   17908.516     183.118
      400.009 0.000000000       0.000       0.000       0.000     0.00000     0.00000     0.00000     0.00000     0.00000       0.000
      400.009     183.118       4.082    9999.990       4.143       0.060       0.061       0.000       0.000       0.000
      400.009   17908.504       0.004      19.043  -17836.637    -971.628   -1274.871      -0.093      -0.004       0.001
      400.009     815.247   17908.514    1274.871       0.000       0.000       0.000
      400.009       0.000    4775.995       0.000       0.000       0.000
      400.009       0.000       0.000       0.000       0.000       1.000
      400.009       0.000       0.126     181.237
      401.000      20.788      20.916    -121.347   17887.906     178.303    1222.545   1095564.4  22012428.0   17906.510     183.120
      401.000 0.000000000       0.000       0.000       0.000     0.00000     0.00000     0.00000     0.00000     0.00000       0.000
      401.000     183.120       4.036    9999.990       4.097       0.060       0.061       0.000       0.000       0.000
      401.000   17906.500       0.002      19.041  -17835.619    -972.201   -1260.405      -0.093      -0.004       0.001
      401.000     818.012   17906.510    1260.405       0.000       0.000       0.000
      401.000       0.000    4775.995       0.000       0.000       0.000
      401.000       0.000       0.000       0.000       0.000       1.000
      401.000       0.000       0.126     181.237
      402.001      20.741      20.869    -121.350   17885.871     178.303    1208.006   1096780.1  22013680.0   17904.506     183.122
      402.001 0.000000000       0.000       0.000       0.000     0.00000     0.00000     0.00000     0.00000     0.00000       0.000
      402.001     183.122       3.990    9999.990       4.051       0.060       0.061       0.000       0.000       0.000
      402.001   17904.496       0.003      19.039  -17834.604    -972.778   -1245.794      -0.093      -0.004       0.002
      402.001     820.807   17904.506    1245.794       0.000       0.000       0.000
      402.001       0.000    4775.995       0.000       0.000       0.000
      402.001       0.000       0.000       0.000       0.000       1.000
      402.001       0.000       0.126     181.237
      403.002      20.695      20.822    -121.353   17883.857     178.303    1193.468   1097981.6  22014920.0   17902.529     183.124
      403.002 0.000000000       0.000       0.000       0.000     0.00000     0.00000     0.00000     0.00000     0.00000       0.000
      403.002     183.124       3.943    9999.990       4.004       0.060       0.061       0.000       0.000       0.000
      403.002   17902.521       0.005      19.037  -17833.602    -973.352   -1231.182      -0.093      -0.004       0.001
      403.002     823.603   17902.531    1231.182       0.000       0.000       0.000
      403.002       0.000    4775.995       0.000       0.000       0.000
      403.002       0.000       0.000       0.000       0.000       1.000
      403.002       0.000       0.126     181.237
      404.003      20.648      20.776    -121.355   17881.867     178.303    1178.929   1099167.1  22016144.0   17900.574     183.126
      404.003 0.000000000       0.000       0.000       0.000     0.00000     0.00000     0.00000     0.00000     0.00000       0.000
      404.003     183.126       3.897    9999.990       3.958       0.060       0.061       0.000       0.000       0.000
      404.003   17900.564       0.005      19.035  -17832.609    -973.925   -1216.570      -0.093      -0.004       0.001
      404.003     826.393   17900.574    1216.570       0.000       0.000       0.000
      404.003       0.000    4775.995       0.000       0.000       0.000
      404.003       0.000       0.000       0.000       0.000       1.000
      404.003       0.000       0.126     181.237
      405.004      20.602      20.729    -121.358   17879.904     178.303    1164.391   1100338.4  22017352.0   17898.643     183.128
      405.004 0.000000000       0.000       0.000       0.000     0.00000     0.00000     0.00000     0.00000     0.00000       0.000
      405.004     183.128       3.851    9999.990       3.911       0.060       0.061       0.000       0.000       0.000
      405.004   17898.631       0.006      19.033  -17831.631    -974.495   -1201.958      -0.093      -0.004       0.001
      405.004     829.185   17898.641    1201.958       0.000       0.000       0.000
      405.004       0.000    4775.995       0.000       0.000       0.000
      405.004       0.000       0.000       0.000       0.000       1.000
      405.004       0.000       0.126     181.237
      406.005      20.556      20.682    -121.361   17877.963     178.303    1149.853   1101495.4  22018546.0   17896.734     183.130
      406.005 0.000000000       0.000       0.000       0.000     0.00000     0.00000     0.00000     0.00000     0.00000       0.000
      406.005     183.130       3.804    9999.990       3.865       0.060       0.061       0.000       0.000       0.000
      406.005   17896.723       0.004      19.031  -17830.664    -975.062   -1187.346      -0.093      -0.004       0.001
      406.005     831.979   17896.732    1187.346       0.000       0.000       0.000
      406.005       0.000    4775.995       0.000       0.000       0.000
      406.005       0.000       0.000       0.000       0.000       1.000
      406.005       0.000       0.126     181.237
      407.006      20.509      20.636    -121.364   17876.041     178.303    1135.314   1102638.1  22019728.0   17894.850     183.132
      407.006 0.000000000       0.000       0.000       0.000     0.00000     0.00000     0.00000     0.00000     0.00000       0.000
      407.006     183.132       3.758    9999.990       3.818       0.060       0.061       0.000       0.000       0.000
      407.006   17894.838       0.003      19.029  -17829.707    -975.628   -1172.734      -0.093      -0.004       0.002
      407.006     834.771   17894.848    1172.734       0.000       0.000       0.000
      407.006       0.000    4775.995       0.000       0.000       0.000
      407.006       0.000       0.000       0.000       0.000       1.000
      407.006       0.000       0.126     181.237
      408.007      20.463      20.589    -121.366   17874.146     178.303    1120.776   1103766.8  22020894.0   17892.988     183.134
      408.007 0.000000000       0.000       0.000       0.000     0.00000     0.00000     0.00000     0.00000     0.00000       0.000
      408.007     183.134       3.711    9999.990       3.772       0.060       0.061       0.000       0.000       0.000
      408.007   17892.977       0.004      19.027  -17828.764    -976.191   -1158.123      -0.093      -0.004       0.001
      408.007     837.563   17892.986    1158.123       0.000       0.000       0.000
      408.007       0.000    4775.995       0.000       0.000       0.000
      408.007       0.000       0.000       0.000       0.000       1.000
      408.007       0.000       0.126     181.237
      409.008      20.416      20.542    -121.369   17872.275     178.303    1106.238   1104880.9  22022044.0   17891.148     183.136
      409.008 0.000000000       0.000       0.000       0.000     0.00000     0.00000     0.00000     0.00000     0.00000       0.000
      409.008     183.136       3.665    9999.990       3.725       0.060       0.061       0.000       0.000       0.000
      409.008   17891.139       0.002      19.025  -17827.832    -976.752   -1143.511      -0.093      -0.004       0.001
      409.008     840.356   17891.148    1143.511       0.000       0.000       0.000
      409.008       0.000    4775.995       0.000       0.000       0.000
      409.008       0.000       0.000       0.000       0.000       0.000
      409.008       0.000       0.126     181.237
      410.009      20.370      20.496    -121.372   17870.430     178.303    1091.700   1105979.1  22023180.0   17889.336     183.138
      410.009 0.000000000       0.000       0.000       0.000     0.00000     0.00000     0.00000     0.00000     0.00000       0.000
      410.009     183.138       3.618    9999.990       3.679       0.060       0.061       0.000       0.000       0.000
      410.009   17889.328       0.006      19.023  -17826.912    -977.310   -1128.899      -0.093      -0.004       0.001
      410.009     843.150   17889.338    1128.899       0.000       0.000       0.000
      410.009       0.000    4775.995       0.000       0.000       0.000
      410.009       0.000       0.000       0.000       0.000       0.000
      410.009       0.000       0.126     181.237
      411.010      20.323      20.449    -121.374   17868.605     178.303    1077.161   1107063.1  22024302.0   17887.545     183.140
      411.010 0.000000000       0.000       0.000       0.000     0.00000     0.00000     0.00000     0.00000     0.00000       0.000
      411.010     183.140       3.571    9999.990       3.632       0.060       0.061       0.000       0.000       0.000
      411.010   17887.533       0.002      19.021  -17826.004    -977.866   -1114.287      -0.093      -0.004       0.001
      411.010     845.943   17887.543    1114.287       0.000       0.000       0.000
      411.010       0.000    4775.995       0.000       0.000       0.000
      411.010       0.000       0.000       0.000       0.000       0.000
      411.010       0.000       0.126     181.237
      412.001      20.277      20.403    -121.377   17866.822     178.303    1062.774   1108122.4  22025398.0   17885.797     183.142
      412.001 0.000000000       0.000       0.000       0.000     0.00000     0.00000     0.00000     0.00000     0.00000       0.000
      412.001     183.142       3.525    9999.990       3.586       0.060       0.061       0.000       0.000       0.000
      412.001   17885.785       0.002      19.019  -17825.117    -978.415   -1099.827      -0.093      -0.004       0.002
      412.001     848.707   17885.795    1099.827       0.000       0.000       0.000
      412.001       0.000    4775.995       0.000       0.000       0.000
      412.001       0.000       0.000       0.000       0.000       0.000
      412.001       0.000       0.126     181.237
      413.002      20.231      20.356    -121.380   17865.047     178.303    1048.248   1109178.0  22026490.0   17884.053     183.144
      413.002 0.000000000       0.000       0.000       0.000     0.00000     0.00000     0.00000     0.00000     0.00000       0.000
      413.002     183.144       3.479    9999.990       3.540       0.060       0.061       0.000       0.000       0.000
      413.002   17884.043       0.006      19.018  -17824.232    -978.967   -1085.227      -0.093      -0.004       0.001
      413.002     851.499   17884.053    1085.227       0.000       0.000       0.000
      413.002       0.000    4775.995       0.000       0.000       0.000
      413.002       0.000       0.000       0.000       0.000       0.000
      413.002       0.000       0.126     181.237
      414.003      20.184      20.309    -121.383   17863.297     178.303    1033.722   1110219.5  22027568.0   17882.336     183.146
      414.003 0.000000000       0.000       0.000       0.000     0.00000     0.00000     0.00000     0.00000     0.00000       0.000
      414.003     183.146       3.432    9999.990       3.493       0.060       0.061       0.000       0.000       0.000
      414.003   17882.326       0.002      19.016  -17823.361    -979.516   -1070.628      -0.093      -0.004       0.002
      414.003     854.292   17882.336    1070.628       0.000       0.000       0.000
      414.003       0.000    4775.995       0.000       0.000       0.000
      414.003       0.000       0.000       0.000       0.000       0.000
      414.003       0.000       0.126     181.237
      415.004      20.138      20.263    -121.385   17861.566     178.303    1019.196   1111246.8  22028632.0   17880.639     183.147
      415.004 0.000000000       0.000       0.000       0.000     0.00000     0.00000     0.00000     0.00000     0.00000       0.000
      415.004     183.148       3.386    9999.990       3.447       0.060       0.061       0.000       0.000       0.000
      415.004   17880.627       0.003      19.014  -17822.500    -980.061   -1056.028      -0.093      -0.004       0.002
      415.004     857.076   17880.637    1056.028       0.000       0.000       0.000
      415.004       0.000    4775.995       0.000       0.000       0.000
      415.004       0.000       0.000       0.000       0.000       0.000
      415.004       0.000       0.126     181.237
      416.005      20.092      20.216    -121.388   17859.865     178.303    1004.670   1112258.1  22029680.0   17878.969     183.150
      416.005 0.000000000       0.000       0.000       0.000     0.00000     0.00000     0.00000     0.00000     0.00000       0.000
      416.005     183.149       3.339    9999.990       3.400       0.060       0.061       0.000       0.000       0.000
      416.005   17878.957       0.004      19.012  -17821.652    -980.605   -1041.428      -0.093      -0.004       0.001
      416.005     859.858   17878.967    1041.428       0.000       0.000       0.000
      416.005       0.000    4775.995       0.000       0.000       0.000
      416.005       0.000       0.000       0.000       0.000       0.000
      416.005       0.000       0.126     181.237
      417.006      20.046      20.170    -121.391   17858.182     178.303     990.144   1113255.2  22030714.0   17877.318     183.151
      417.006 0.000000000       0.000       0.000       0.000     0.00000     0.00000     0.00000     0.00000     0.00000       0.000
      417.006     183.151       3.293    9999.990       3.354       0.060       0.061       0.000       0.000       0.000
      417.006   17877.307       0.003      19.010  -17820.816    -981.145   -1026.829      -0.093      -0.004       0.002
      417.006     862.640   17877.316    1026.829       0.000       0.000       0.000
      417.006       0.000    4775.995       0.000       0.000       0.000
      417.006       0.000       0.000       0.000       0.000       0.000
      417.006       0.000       0.126     181.237
      418.007      19.999      20.123    -121.394   17856.523     178.303     975.618   1114238.1  22031734.0   17875.691     183.153
      418.007 0.000000000       0.000       0.000       0.000     0.00000     0.00000     0.00000     0.00000     0.00000       0.000
      418.007     183.153       3.246    9999.990       3.307       0.060       0.061       0.000       0.000       0.000
      418.007   17875.682       0.003      19.009  -17819.990    -981.684   -1012.229      -0.093      -0.004       0.001
      418.007     865.426   17875.691    1012.229       0.000       0.000       0.000
      418.007       0.000    4775.995       0.000       0.000       0.000
      418.007       0.000       0.000       0.000       0.000       0.000
      418.007       0.000       0.126     181.237
      419.008      19.953      20.077    -121.396   17854.891     178.303     961.092   1115206.8  22032740.0   17874.092     183.155
      419.008 0.000000000       0.000       0.000       0.000     0.00000     0.00000     0.00000     0.00000     0.00000       0.000
      419.008     183.155       3.200    9999.990       3.261       0.060       0.061       0.000       0.000       0.000
      419.008   17874.078       0.005      19.007  -17819.178    -982.220    -997.630      -0.093      -0.004       0.001
      419.008     868.206   17874.088     997.630       0.000       0.000       0.000
      419.008       0.000    4775.995       0.000       0.000       0.000
      419.008       0.000       0.000       0.000       0.000       0.000
      419.008       0.000       0.126     181.237
      420.009      19.907      20.030    -121.399   17853.279     178.303     946.566   1116161.1  22033730.0   17872.510     183.157
      420.009 0.000000000       0.000       0.000       0.000     0.00000     0.00000     0.00000     0.00000     0.00000       0.000
      420.009     183.157       3.153    9999.990       3.214       0.060       0.061       0.000       0.000       0.000
      420.009   17872.502       0.003      19.005  -17818.375    -982.754    -983.030      -0.093      -0.004       0.001
      420.009     870.989   17872.512     983.030       0.000       0.000       0.000
      420.009       0.000    4775.995       0.000       0.000       0.000
      420.009       0.000       0.000       0.000       0.000       0.000
      420.009       0.000       0.126     181.237
      421.010      19.860      19.984    -121.402   17851.693     178.303     932.040   1117101.1  22034706.0   17870.957     183.159
      421.010 0.000000000       0.000       0.000       0.000     0.00000     0.00000     0.00000     0.00000     0.00000       0.000
      421.010     183.159       3.106    9999.990       3.167       0.060       0.061       0.000       0.000       0.000
      421.010   17870.945       0.003      19.004  -17817.586    -983.286    -968.430      -0.093      -0.004       0.001
      421.010     873.771   17870.955     968.430       0.000       0.000       0.000
      421.010       0.000    4775.995       0.000       0.000       0.000
      421.010       0.000       0.000       0.000       0.000       0.000
      421.010       0.000       0.126     181.237
      422.001      19.815      19.938    -121.404   17850.146     178.303     917.660   1118016.1  22035658.0   17869.439     183.161
      422.001 0.000000000       0.000       0.000       0.000     0.00000     0.00000     0.00000     0.00000     0.00000       0.000
      422.001     183.161       3.060    9999.990       3.121       0.060       0.061       0.000       0.000       0.000
      422.001   17869.432       0.003      19.002  -17816.816    -983.810    -953.977      -0.093      -0.004       0.001
      422.001     876.526   17869.441     953.977       0.000       0.000       0.000
      422.001       0.000    4775.995       0.000       0.000       0.000
      422.001       0.000       0.000       0.000       0.000       0.000
      422.001       0.000       0.126     181.237
      423.001      19.768      19.891    -121.407   17848.607     178.303     903.134   1118926.2  22036604.0   17867.936     183.162
      423.001 0.000000000       0.000       0.000       0.000     0.00000     0.00000     0.00000     0.00000     0.00000       0.000
      423.001     183.162       3.014    9999.990       3.075       0.060       0.061       0.000       0.000       0.000
      423.001   17867.922       0.002      19.001  -17816.053    -984.337    -939.377      -0.093      -0.004       0.001
      423.001     879.307   17867.932     939.377       0.000       0.000       0.000
      423.001       0.000    4775.995       0.000       0.000       0.000
      423.001       0.000       0.000       0.000       0.000       0.000
      423.001       0.000       0.126     181.237
      424.002      19.722      19.845    -121.410   17847.092     178.303     888.608   1119822.1  22037536.0   17866.449     183.164
      424.002 0.000000000       0.000       0.000       0.000     0.00000     0.00000     0.00000     0.00000     0.00000       0.000
      424.002     183.164       2.967    9999.990       3.028       0.060       0.061       0.000       0.000       0.000
      424.002   17866.439       0.005      18.999  -17815.299    -984.862    -924.777      -0.093      -0.004       0.001
      424.002     882.091   17866.449     924.777       0.000       0.000       0.000
      424.002       0.000    4775.995       0.000       0.000       0.000
      424.002       0.000       0.000       0.000       0.000       0.000
      424.002       0.000       0.126     181.237
      425.003      19.676      19.798    -121.413   17845.602     178.303     874.083   1120703.8  22038454.0   17864.990     183.166
      425.003 0.000000000       0.000       0.000       0.000     0.00000     0.00000     0.00000     0.00000     0.00000       0.000
      425.003     183.166       2.920    9999.990       2.981       0.060       0.061       0.000       0.000       0.000
      425.003   17864.979       0.002      18.997  -17814.557    -985.384    -910.178      -0.093      -0.004       0.002
      425.003     884.874   17864.988     910.178       0.000       0.000       0.000
      425.003       0.000    4775.995       0.000       0.000       0.000
      425.003       0.000       0.000       0.000       0.000       0.000
      425.003       0.000       0.126     181.237
      426.004      19.630      19.752    -121.415   17844.135     178.303     859.557   1121571.1  22039356.0   17863.553     183.168
      426.004 0.000000000       0.000       0.000       0.000     0.00000     0.00000     0.00000     0.00000     0.00000       0.000
      426.004     183.168       2.874    9999.990       2.935       0.060       0.061       0.000       0.000       0.000
      426.004   17863.539       0.004      18.996  -17813.828    -985.904    -895.578      -0.093      -0.004       0.001
      426.004     887.657   17863.549     895.578       0.000       0.000       0.000
      426.004       0.000    4775.995       0.000       0.000       0.000
      426.004       0.000       0.000       0.000       0.000       0.000
      426.004       0.000       0.126     181.237
      427.005      19.583      19.705    -121.418   17842.689     178.303     845.033   1122424.1  22040246.0   17862.137     183.170
      427.005 0.000000000       0.000       0.000       0.000     0.00000     0.00000     0.00000     0.00000     0.00000       0.000
      427.005     183.170       2.827    9999.990       2.888       0.060       0.061       0.000       0.000       0.000
      427.005   17862.125       0.004      18.995  -17813.107    -986.422    -880.980      -0.093      -0.004       0.001
      427.005     890.440   17862.135     880.980       0.000       0.000       0.000
      427.005       0.000    4775.995       0.000       0.000       0.000
      427.005       0.000       0.000       0.000       0.000       0.000
      427.005       0.000       0.126     181.237
      428.006      19.537      19.659    -121.421   17841.270     178.303     830.513   1123261.2  22041118.0   17860.748     183.171
      428.006 0.000000000       0.000       0.000       0.000     0.00000     0.00000     0.00000     0.00000     0.00000       0.000
      428.006     183.171       2.780    9999.990       2.841       0.060       0.061       0.000       0.000       0.000
      428.006   17860.740       0.005      18.993  -17812.402    -986.938    -866.387      -0.093      -0.004       0.001
      428.006     893.222   17860.750     866.387       0.000       0.000       0.000
      428.006       0.000    4775.995       0.000       0.000       0.000
      428.006       0.000       0.000       0.000       0.000       0.000
      428.006       0.000       0.126     181.237
      429.007      19.491      19.612    -121.424   17839.871     178.303     815.994   1124084.2  22041978.0   17859.385     183.173
      429.007 0.000000000       0.000       0.000       0.000     0.00000     0.00000     0.00000     0.00000     0.00000       0.000
      429.007     183.173       2.734    9999.990       2.795       0.060       0.061       0.000       0.000       0.000
      429.007   17859.373       0.003      18.992  -17811.709    -987.451    -851.793      -0.093      -0.004       0.001
      429.007     896.005   17859.383     851.793       0.000       0.000       0.000
      429.007       0.000    4775.995       0.000       0.000       0.000
      429.007       0.000       0.000       0.000       0.000       0.000
      429.007       0.000       0.126     181.237
      430.008      19.444      19.566    -121.426   17838.500     178.303     801.474   1124893.0  22042822.0   17858.041     183.175
      430.008 0.000000000       0.000       0.000       0.000     0.00000     0.00000     0.00000     0.00000     0.00000       0.000
      430.008     183.175       2.687    9999.990       2.748       0.060       0.061       0.000       0.000       0.000
      430.008   17858.031       0.002      18.990  -17811.027    -987.962    -837.200      -0.093      -0.004       0.000
      430.008     898.788   17858.041     837.200       0.000       0.000       0.000
      430.008       0.000    4775.995       0.000       0.000       0.000
      430.008       0.000       0.000       0.000       0.000       0.000
      430.008       0.000       0.126     181.237
      431.009      19.398      19.519    -121.429   17837.150     178.303     786.955   1125687.4  22043652.0   17856.723     183.177
      431.009 0.000000000       0.000       0.000       0.000     0.00000     0.00000     0.00000     0.00000     0.00000       0.000
      431.009     183.177       2.640    9999.990       2.701       0.060       0.061       0.000       0.000       0.000
      431.009   17856.711       0.003      18.989  -17810.355    -988.471    -822.606      -0.093      -0.004       0.001
      431.009     901.568   17856.721     822.606       0.000       0.000       0.000
      431.009       0.000    4775.995       0.000       0.000       0.000
      431.009       0.000       0.000       0.000       0.000       0.000
      431.009       0.000       0.126     181.237
      432.000      19.352      19.473    -121.432   17835.838     178.303     772.581   1126459.9  22044460.0   17855.439     183.178
      432.000 0.000000000       0.000       0.000       0.000     0.00000     0.00000     0.00000     0.00000     0.00000       0.000
      432.000     183.178       2.594    9999.990       2.655       0.060       0.061       0.000       0.000       0.000
      432.000   17855.430       0.004      18.987  -17809.703    -988.972    -808.159      -0.093      -0.004       0.001
      432.000     904.323   17855.439     808.159       0.000       0.000       0.000
      432.000       0.000    4775.995       0.000       0.000       0.000
      432.000       0.000       0.000       0.000       0.000       0.000
      432.000       0.000       0.126     181.237
      433.001      19.306      19.426    -121.434   17834.535     178.303     758.061   1127226.0  22045262.0   17854.166     183.180
      433.001 0.000000000       0.000       0.000       0.000     0.00000     0.00000     0.00000     0.00000     0.00000       0.000
      433.001     183.180       2.547    9999.990       2.608       0.060       0.061       0.000       0.000       0.000
      433.001   17854.156       0.003      18.986  -17809.055    -989.476    -793.565      -0.093      -0.004       0.001
      433.001     907.108   17854.166     793.565       0.000       0.000       0.000
      433.001       0.000    4775.995       0.000       0.000       0.000
      433.001       0.000       0.000       0.000       0.000       0.000
      433.001       0.000       0.126     181.237
      434.002      19.260      19.380    -121.437   17833.258     178.303     743.542   1127976.2  22046048.0   17852.918     183.182
      434.002 0.000000000       0.000       0.000       0.000     0.00000     0.00000     0.00000     0.00000     0.00000       0.000
      434.002     183.182       2.501    9999.990       2.562       0.060       0.061       0.000       0.000       0.000
      434.002   17852.908       0.003      18.985  -17808.420    -989.978    -778.972      -0.093      -0.004       0.001
      434.002     909.889   17852.918     778.972       0.000       0.000       0.000
      434.002       0.000    4775.995       0.000       0.000       0.000
      434.002       0.000       0.000       0.000       0.000       0.000
      434.002       0.000       0.126     181.237
      435.003      19.214      19.333    -121.440   17832.004     178.303     729.023   1128712.1  22046818.0   17851.695     183.184
      435.003 0.000000000       0.000       0.000       0.000     0.00000     0.00000     0.00000     0.00000     0.00000       0.000
      435.003     183.184       2.454    9999.990       2.515       0.060       0.061       0.000       0.000       0.000
      435.003   17851.684       0.005      18.984  -17807.797    -990.477    -764.378      -0.093      -0.004       0.001
      435.003     912.671   17851.693     764.378       0.000       0.000       0.000
      435.003       0.000    4775.995       0.000       0.000       0.000
      435.003       0.000       0.000       0.000       0.000       0.000
      435.003       0.000       0.126     181.237
      436.004      19.167      19.287    -121.443   17830.773     178.303     714.504   1129433.9  22047576.0   17850.494     183.185
      436.004 0.000000000       0.000       0.000       0.000     0.00000     0.00000     0.00000     0.00000     0.00000       0.000
      436.004     183.185       2.407    9999.990       2.468       0.060       0.061       0.000       0.000       0.000
      436.004   17850.482       0.004      18.982  -17807.188    -990.974    -749.785      -0.093      -0.004       0.001
      436.004     915.455   17850.492     749.785       0.000       0.000       0.000
      436.004       0.000    4775.995       0.000       0.000       0.000
      436.004       0.000       0.000       0.000       0.000       0.000
      436.004       0.000       0.126     181.237
      437.005      19.121      19.240    -121.445   17829.566     178.303     699.984   1130141.4  22048318.0   17849.314     183.187
      437.005 0.000000000       0.000       0.000       0.000     0.00000     0.00000     0.00000     0.00000     0.00000       0.000
      437.005     183.187       2.361    9999.990       2.422       0.060       0.061       0.000       0.000       0.000
      437.005   17849.305       0.004      18.981  -17806.588    -991.469    -735.191      -0.093      -0.004       0.001
      437.005     918.237   17849.314     735.191       0.000       0.000       0.000
      437.005       0.000    4775.995       0.000       0.000       0.000
      437.005       0.000       0.000       0.000       0.000       0.000
      437.005       0.000       0.126     181.237
      438.006      19.075      19.194    -121.448   17828.381     178.303     685.465   1130834.8  22049046.0   17848.160     183.189
      438.006 0.000000000       0.000       0.000       0.000     0.00000     0.00000     0.00000     0.00000     0.00000       0.000
      438.006     183.189       2.314    9999.990       2.375       0.060       0.061       0.000       0.000       0.000
      438.006   17848.150       0.005      18.980  -17805.998    -991.961    -720.598      -0.093      -0.004       0.001
      438.006     921.020   17848.160     720.598       0.000       0.000       0.000
      438.006       0.000    4775.995       0.000       0.000       0.000
      438.006       0.000       0.000       0.000       0.000       0.000
      438.006       0.000       0.126     181.237
      439.007      19.028      19.147    -121.451   17827.221     178.303     670.946   1131513.6  22049760.0   17847.029     183.190
      439.007 0.000000000       0.000       0.000       0.000     0.00000     0.00000     0.00000     0.00000     0.00000       0.000
      439.007     183.190       2.267    9999.990       2.328       0.060       0.061       0.000       0.000       0.000
      439.007   17847.021       0.004      18.979  -17805.422    -992.451    -706.004      -0.093      -0.004       0.001
      439.007     923.802   17847.031     706.004       0.000       0.000       0.000
      439.007       0.000    4775.995       0.000       0.000       0.000
      439.007       0.000       0.000       0.000       0.000       0.000
      439.007       0.000       0.126     181.237
      440.008      18.982      19.101    -121.454   17826.088     178.303     656.428   1132176.6  22050458.0   17845.924     183.192
      440.008 0.000000000       0.000       0.000       0.000     0.00000     0.00000     0.00000     0.00000     0.00000       0.000
      440.008     183.192       2.220    9999.990       2.281       0.060       0.061       0.000       0.000       0.000
      440.008   17845.910       0.003      18.977  -17804.859    -992.939    -691.412      -0.093      -0.004       0.001
      440.008     926.586   17845.920     691.412       0.000       0.000       0.000
      440.008       0.000    4775.995       0.000       0.000       0.000
      440.008       0.000       0.000       0.000       0.000       0.000
      440.008       0.000       0.126     181.237
      441.009      18.936      19.054    -121.456   17824.975     178.303     641.915   1132825.4  22051142.0   17844.840     183.194
      441.009 0.000000000       0.000       0.000       0.000     0.00000     0.00000     0.00000     0.00000     0.00000       0.000
      441.009     183.194       2.174    9999.990       2.235       0.060       0.061       0.000       0.000       0.000
      441.009   17844.830       0.004      18.976  -17804.307    -993.425    -676.824      -0.093      -0.004       0.001
      441.009     929.370   17844.840     676.824       0.000       0.000       0.000
      441.009       0.000    4775.995       0.000       0.000       0.000
      441.009       0.000       0.000       0.000       0.000       0.000
      441.009       0.000       0.126     181.237
      442.000      18.890      19.008    -121.459   17823.896     178.303     627.548   1133453.8  22051806.0   17843.789     183.195
      442.000 0.000000000       0.000       0.000       0.000     0.00000     0.00000     0.00000     0.00000     0.00000       0.000
      442.000     183.195       2.127    9999.990       2.188       0.060       0.061       0.000       0.000       0.000
      442.000   17843.779       0.002      18.975  -17803.770    -993.903    -662.383      -0.093      -0.004       0.002
      442.000     932.122   17843.789     662.383       0.000       0.000       0.000
      442.000       0.000    4775.995       0.000       0.000       0.000
      442.000       0.000       0.000       0.000       0.000       0.000
      442.000       0.000       0.126     181.237
      443.001      18.844      18.962    -121.462   17822.832     178.303     613.035   1134074.2  22052460.0   17842.754     183.197
      443.001 0.000000000       0.000       0.000       0.000     0.00000     0.00000     0.00000     0.00000     0.00000       0.000
      443.001     183.197       2.081    9999.990       2.142       0.060       0.061       0.000       0.000       0.000
      443.001   17842.742       0.005      18.974  -17803.242    -994.384    -647.796      -0.093      -0.004       0.001
      443.001     934.905   17842.752     647.796       0.000       0.000       0.000
      443.001       0.000    4775.995       0.000       0.000       0.000
      443.001       0.000       0.000       0.000       0.000       0.000
      443.001       0.000       0.126     181.237
      444.002      18.798      18.915    -121.464   17821.789     178.303     598.522   1134680.5  22053102.0   17841.740     183.199
      444.002 0.000000000       0.000       0.000       0.000     0.00000     0.00000     0.00000     0.00000     0.00000       0.000
      444.002     183.199       2.034    9999.990       2.095       0.060       0.061       0.000       0.000       0.000
      444.002   17841.732       0.002      18.973  -17802.725    -994.863    -633.208      -0.093      -0.004       0.000
      444.002     937.687   17841.742     633.208       0.000       0.000       0.000
      444.002       0.000    4775.995       0.000       0.000       0.000
      444.002       0.000       0.000       0.000       0.000       0.000
      444.002       0.000       0.126     181.237
      445.003      18.751      18.869    -121.467   17820.771     178.303     584.009   1135272.6  22053728.0   17840.750     183.200
      445.003 0.000000000       0.000       0.000       0.000     0.00000     0.00000     0.00000     0.00000     0.00000       0.000
      445.003     183.200       1.987    9999.990       2.048       0.060       0.061       0.000       0.000       0.000
      445.003   17840.738       0.004      18.972  -17802.219    -995.339    -618.621      -0.093      -0.004       0.001
      445.003     940.469   17840.748     618.621       0.000       0.000       0.000
      445.003       0.000    4775.995       0.000       0.000       0.000
      445.003       0.000       0.000       0.000       0.000       0.000
      445.003       0.000       0.126     181.237
      446.004      18.705      18.822    -121.470   17819.777     178.303     569.496   1135848.6  22054340.0   17839.785     183.202
      446.004 0.000000000       0.000       0.000       0.000     0.00000     0.00000     0.00000     0.00000     0.00000       0.000
      446.004     183.202       1.940    9999.990       2.001       0.060       0.061       0.000       0.000       0.000
      446.004   17839.773       0.003      18.971  -17801.725    -995.813    -604.033      -0.093      -0.004       0.001
      446.004     943.253   17839.783     604.033       0.000       0.000       0.000
      446.004       0.000    4775.995       0.000       0.000       0.000
      446.004       0.000       0.000       0.000       0.000       0.000
      446.004       0.000       0.126     181.237
      447.005      18.659      18.776    -121.473   17818.809     178.303     554.984   1136410.5  22054936.0   17838.844     183.203
      447.005 0.000000000       0.000       0.000       0.000     0.00000     0.00000     0.00000     0.00000     0.00000       0.000
      447.005     183.203       1.894    9999.990       1.954       0.060       0.061       0.000       0.000       0.000
      447.005   17838.832       0.003      18.970  -17801.244    -996.284    -589.446      -0.093      -0.004       0.001
      447.005     946.036   17838.842     589.446       0.000       0.000       0.000
      447.005       0.000    4775.995       0.000       0.000       0.000
      447.005       0.000       0.000       0.000       0.000       0.000
      447.005       0.000       0.126     181.237
      448.006      18.612      18.729    -121.475   17817.861     178.303     540.471   1136958.1  22055518.0   17837.924     183.205
      448.006 0.000000000       0.000       0.000       0.000     0.00000     0.00000     0.00000     0.00000     0.00000       0.000
      448.006     183.205       1.847    9999.990       1.908       0.060       0.061       0.000       0.000       0.000
      448.006   17837.912       0.005      18.969  -17800.773    -996.753    -574.859      -0.093      -0.004       0.001
      448.006     948.818   17837.922     574.859       0.000       0.000       0.000
      448.006       0.000    4775.995       0.000       0.000       0.000
      448.006       0.000       0.000       0.000       0.000       0.000
      448.006       0.000       0.126     181.237
      449.007      18.566      18.683    -121.478   17816.939     178.303     525.958   1137491.5  22056086.0   17837.029     183.207
      449.007 0.000000000       0.000       0.000       0.000     0.00000     0.00000     0.00000     0.00000     0.00000       0.000
      449.007     183.206       1.800    9999.990       1.861       0.060       0.061       0.000       0.000       0.000
      449.007   17837.018       0.004      18.968  -17800.316    -997.220    -560.271      -0.093      -0.004       0.001
      449.007     951.600   17837.027     560.271       0.000       0.000       0.000
      449.007       0.000    4775.995       0.000       0.000       0.000
      449.007       0.000       0.000       0.000       0.000       0.000
      449.007       0.000       0.126     181.237
      450.008      18.520      18.636    -121.481   17816.037     178.303     511.446   1138010.8  22056640.0   17836.154     183.208
      450.008 0.000000000       0.000       0.000       0.000     0.00000     0.00000     0.00000     0.00000     0.00000       0.000
      450.008     183.208       1.753    9999.990       1.814       0.060       0.061       0.000       0.000       0.000
      450.008   17836.143       0.004      18.967  -17799.867    -997.685    -545.684      -0.093      -0.004       0.001
      450.008     954.385   17836.152     545.684       0.000       0.000       0.000
      450.008       0.000    4775.995       0.000       0.000       0.000
      450.008       0.000       0.000       0.000       0.000       0.000
      450.008       0.000       0.126     181.237
      451.009      18.474      18.590    -121.484   17815.164     178.303     496.933   1138515.6  22057178.0   17835.307     183.210
      451.009 0.000000000       0.000       0.000       0.000     0.00000     0.00000     0.00000     0.00000     0.00000       0.000
      451.009     183.210       1.706    9999.990       1.767       0.060       0.061       0.000       0.000       0.000
      451.009   17835.297       0.005      18.966  -17799.434    -998.147    -531.096      -0.093      -0.004       0.001
      451.009     957.168   17835.307     531.096       0.000       0.000       0.000
      451.009       0.000    4775.995       0.000       0.000       0.000
      451.009       0.000       0.000       0.000       0.000       0.000
      451.009       0.000       0.126     181.237
      452.010      18.427      18.543    -121.486   17814.312     178.303     482.421   1139004.6  22057702.0   17834.484     183.211
      452.010 0.000000000       0.000       0.000       0.000     0.00000     0.00000     0.00000     0.00000     0.00000       0.000
      452.010     183.211       1.660    9999.990       1.721       0.060       0.061       0.000       0.000       0.000
      452.010   17834.473       0.003      18.965  -17799.012    -998.607    -516.509      -0.093      -0.004       0.001
      452.010     959.950   17834.482     516.509       0.000       0.000       0.000
      452.010       0.000    4775.995       0.000       0.000       0.000
      452.010       0.000       0.000       0.000       0.000       0.000
      452.010       0.000       0.126     181.237
      453.001      18.382      18.497    -121.489   17813.492     178.303     468.053   1139474.8  22058206.0   17833.691     183.213
      453.001 0.000000000       0.000       0.000       0.000     0.00000     0.00000     0.00000     0.00000     0.00000       0.000
      453.001     183.213       1.613    9999.990       1.674       0.060       0.061       0.000       0.000       0.000
      453.001   17833.682       0.003      18.964  -17798.605    -999.060    -502.067      -0.093      -0.004       0.001
      453.001     962.704   17833.691     502.067       0.000       0.000       0.000
      453.001       0.000    4775.995       0.000       0.000       0.000
      453.001       0.000       0.000       0.000       0.000       0.000
      453.001       0.000       0.126     181.237
      454.002      18.335      18.450    -121.492   17812.689     178.303     453.543   1139935.5  22058700.0   17832.914     183.214
      454.002 0.000000000       0.000       0.000       0.000     0.00000     0.00000     0.00000     0.00000     0.00000       0.000
      454.002     183.214       1.566    9999.990       1.627       0.060       0.061       0.000       0.000       0.000
      454.002   17832.902       0.003      18.964  -17798.207    -999.515    -487.482      -0.093      -0.004       0.001
      454.002     965.488   17832.912     487.482       0.000       0.000       0.000
      454.002       0.000    4775.995       0.000       0.000       0.000
      454.002       0.000       0.000       0.000       0.000       0.000
      454.002       0.000       0.126     181.237
      455.003      18.289      18.404    -121.495   17811.910     178.303     439.034   1140381.9  22059180.0   17832.160     183.216
      455.003 0.000000000       0.000       0.000       0.000     0.00000     0.00000     0.00000     0.00000     0.00000       0.000
      455.003     183.216       1.520    9999.990       1.581       0.060       0.061       0.000       0.000       0.000
      455.003   17832.148       0.001      18.963  -17797.820    -999.968    -472.898      -0.093      -0.004       0.002
      455.003     968.270   17832.158     472.898       0.000       0.000       0.000
      455.003       0.000    4775.995       0.000       0.000       0.000
      455.003       0.000       0.000       0.000       0.000       0.000
      455.003       0.000       0.126     181.237
      456.004      18.243      18.357    -121.497   17811.152     178.303     424.524   1140814.2  22059646.0   17831.430     183.217
      456.004 0.000000000       0.000       0.000       0.000     0.00000     0.00000     0.00000     0.00000     0.00000       0.000
      456.004     183.217       1.473    9999.990       1.534       0.060       0.061       0.000       0.000       0.000
      456.004   17831.420       0.005      18.962  -17797.443   -1000.419    -458.313      -0.093      -0.004       0.001
      456.004     971.052   17831.430     458.313       0.000       0.000       0.000
      456.004       0.000    4775.995       0.000       0.000       0.000
      456.004       0.000       0.000       0.000       0.000       0.000
      456.004       0.000       0.126     181.237
      457.005      18.196      18.311    -121.500   17810.416     178.303     410.015   1141232.2  22060098.0   17830.721     183.219
      457.005 0.000000000       0.000       0.000       0.000     0.00000     0.00000     0.00000     0.00000     0.00000       0.000
      457.005     183.219       1.426    9999.990       1.487       0.060       0.061       0.000       0.000       0.000
      457.005   17830.711       0.001      18.961  -17797.078   -1000.867    -443.729      -0.093      -0.004       0.002
      457.005     973.835   17830.721     443.729       0.000       0.000       0.000
      457.005       0.000    4775.995       0.000       0.000       0.000
      457.005       0.000       0.000       0.000       0.000       0.000
      457.005       0.000       0.126     181.237
      458.006      18.150      18.264    -121.503   17809.707     178.303     395.506   1141634.4  22060534.0   17830.039     183.220
      458.006 0.000000000       0.000       0.000       0.000     0.00000     0.00000     0.00000     0.00000     0.00000       0.000
      458.006     183.220       1.379    9999.990       1.440       0.060       0.061       0.000       0.000       0.000
      458.006   17830.027       0.003      18.961  -17796.727   -1001.313    -429.145      -0.093      -0.004       0.001
      458.006     976.618   17830.037     429.145       0.000       0.000       0.000
      458.006       0.000    4775.995       0.000       0.000       0.000
      458.006       0.000       0.000       0.000       0.000       0.000
      458.006       0.000       0.126     181.237
      459.007      18.104      18.218    -121.505   17809.023     178.303     380.996   1142022.1  22060956.0   17829.379     183.222
      459.007 0.000000000       0.000       0.000       0.000     0.00000     0.00000     0.00000     0.00000     0.00000       0.000
      459.007     183.222       1.332    9999.990       1.393       0.060       0.061       0.000       0.000       0.000
      459.007   17829.367       0.001      18.960  -17796.387   -1001.756    -414.560      -0.093      -0.004       0.000
      459.007     979.400   17829.377     414.560       0.000       0.000       0.000
      459.007       0.000    4775.995       0.000       0.000       0.000
      459.007       0.000       0.000       0.000       0.000       0.000
      459.007       0.000       0.126     181.237
      460.008      18.058      18.171    -121.508   17808.361     178.303     366.487   1142395.8  22061362.0   17828.742     183.223
      460.008 0.000000000       0.000       0.000       0.000     0.00000     0.00000     0.00000     0.00000     0.00000       0.000
      460.008     183.223       1.286    9999.990       1.346       0.060       0.061       0.000       0.000       0.000
      460.008   17828.732       0.001      18.959  -17796.059   -1002.198    -399.976      -0.093      -0.004       0.000
      460.008     982.184   17828.742     399.976       0.000       0.000       0.000
      460.008       0.000    4775.995       0.000       0.000       0.000
      460.008       0.000       0.000       0.000       0.000       0.000
      460.008       0.000       0.126     181.237
      461.009      18.011      18.125    -121.511   17807.721     178.303     351.978   1142755.1  22061756.0   17828.129     183.225
      461.009 0.000000000       0.000       0.000       0.000     0.00000     0.00000     0.00000     0.00000     0.00000       0.000
      461.009     183.225       1.239    9999.990       1.300       0.060       0.061       0.000       0.000       0.000
      461.009   17828.117       0.003      18.959  -17795.740   -1002.636    -385.392      -0.093      -0.004       0.001
      461.009     984.964   17828.127     385.392       0.000       0.000       0.000
      461.009       0.000    4775.995       0.000       0.000       0.000
      461.009       0.000       0.000       0.000       0.000       0.000
      461.009       0.000       0.126     181.237
      462.010      17.965      18.078    -121.514   17807.107     178.303     337.469   1143100.4  22062134.0   17827.541     183.226
      462.010 0.000000000       0.000       0.000       0.000     0.00000     0.00000     0.00000     0.00000     0.00000       0.000
      462.010     183.226       1.192    9999.990       1.253       0.060       0.061       0.000       0.000       0.000
      462.010   17827.531       0.001      18.958  -17795.436   -1003.073    -370.807      -0.093      -0.004       0.002
      462.010     987.748   17827.541     370.807       0.000       0.000       0.000
      462.010       0.000    4775.995       0.000       0.000       0.000
      462.010       0.000       0.000       0.000       0.000       0.000
      462.010       0.000       0.126     181.237
      463.001      17.919      18.032    -121.516   17806.521     178.303     323.105   1143428.1  22062494.0   17826.979     183.228
      463.001 0.000000000       0.000       0.000       0.000     0.00000     0.00000     0.00000     0.00000     0.00000       0.000
      463.001     183.228       1.145    9999.990       1.206       0.060       0.061       0.000       0.000       0.000
      463.001   17826.967       0.005      18.957  -17795.145   -1003.503    -356.369      -0.093      -0.004       0.002
      463.001     990.504   17826.977     356.369       0.000       0.000       0.000
      463.001       0.000    4775.995       0.000       0.000       0.000
      463.001       0.000       0.000       0.000       0.000       0.000
      463.001       0.000       0.126     181.237
      464.001      17.873      17.986    -121.519   17805.955     178.303     308.596   1143743.2  22062844.0   17826.438     183.229
      464.001 0.000000000       0.000       0.000       0.000     0.00000     0.00000     0.00000     0.00000     0.00000       0.000
      464.001     183.229       1.099    9999.990       1.160       0.060       0.061       0.000       0.000       0.000
      464.001   17826.426       0.001      18.957  -17794.863   -1003.935    -341.784      -0.093      -0.004       0.000
      464.001     993.285   17826.436     341.784       0.000       0.000       0.000
      464.001       0.000    4775.995       0.000       0.000       0.000
      464.001       0.000       0.000       0.000       0.000       0.000
      464.001       0.000       0.126     181.237
      465.002      17.827      17.939    -121.522   17805.412     178.303     294.087   1144044.2  22063178.0   17825.918     183.230
      465.002 0.000000000       0.000       0.000       0.000     0.00000     0.00000     0.00000     0.00000     0.00000       0.000
      465.002     183.230       1.052    9999.990       1.113       0.060       0.061       0.000       0.000       0.000
      465.002   17825.906       0.003      18.956  -17794.594   -1004.364    -327.200      -0.093      -0.004       0.001
      465.002     996.068   17825.916     327.200       0.000       0.000       0.000
      465.002       0.000    4775.995       0.000       0.000       0.000
      465.002       0.000       0.000       0.000       0.000       0.000
      465.002       0.000       0.126     181.237
      466.003      17.780      17.893    -121.525   17804.891     178.303     279.578   1144330.9  22063498.0   17825.422     183.232
      466.003 0.000000000       0.000       0.000       0.000     0.00000     0.00000     0.00000     0.00000     0.00000       0.000
      466.003     183.232       1.005    9999.990       1.066       0.060       0.061       0.000       0.000       0.000
      466.003   17825.412       0.002      18.956  -17794.336   -1004.791    -312.616      -0.093      -0.004       0.001
      466.003     998.851   17825.422     312.616       0.000       0.000       0.000
      466.003       0.000    4775.995       0.000       0.000       0.000
      466.003       0.000       0.000       0.000       0.000       0.000
      466.003       0.000       0.126     181.237
      467.004      17.734      17.846    -121.527   17804.395     178.303     265.069   1144603.2  22063802.0   17824.955     183.233
      467.004 0.000000000       0.000       0.000       0.000     0.00000     0.00000     0.00000     0.00000     0.00000       0.000
      467.004     183.233       0.958    9999.990       1.019       0.060       0.061       0.000       0.000       0.000
      467.004   17824.941       0.002      18.955  -17794.092   -1005.216    -298.031      -0.093      -0.004       0.001
      467.004    1001.633   17824.951     298.031       0.000       0.000       0.000
      467.004       0.000    4775.995       0.000       0.000       0.000
      467.004       0.000       0.000       0.000       0.000       0.000
      467.004       0.000       0.126     181.237
      468.005      17.688      17.800    -121.530   17803.920     178.303     250.560   1144861.6  22064094.0   17824.504     183.235
      468.005 0.000000000       0.000       0.000       0.000     0.00000     0.00000     0.00000     0.00000     0.00000       0.000
      468.005     183.235       0.911    9999.990       0.972       0.060       0.061       0.000       0.000       0.000
      468.005   17824.494       0.004      18.955  -17793.855   -1005.639    -283.447      -0.093      -0.004       0.001
      468.005    1004.415   17824.504     283.447       0.000       0.000       0.000
      468.005       0.000    4775.995       0.000       0.000       0.000
      468.005       0.000       0.000       0.000       0.000       0.000
      468.005       0.000       0.126     181.237
      469.006      17.642      17.753    -121.533   17803.469     178.303     236.053   1145105.6  22064372.0   17824.078     183.236
      469.006 0.000000000       0.000       0.000       0.000     0.00000     0.00000     0.00000     0.00000     0.00000       0.000
      469.006     183.236       0.864    9999.990       0.925       0.060       0.061       0.000       0.000       0.000
      469.006   17824.070       0.003      18.954  -17793.631   -1006.059    -268.864      -0.093      -0.004       0.001
      469.006    1007.198   17824.080     268.864       0.000       0.000       0.000
      469.006       0.000    4775.995       0.000       0.000       0.000
      469.006       0.000       0.000       0.000       0.000       0.000
      469.006       0.000       0.126     181.237
      470.007      17.595      17.707    -121.535   17803.047     178.303     221.547   1145333.9  22064632.0   17823.680     183.238
      470.007 0.000000000       0.000       0.000       0.000     0.00000     0.00000     0.00000     0.00000     0.00000       0.000
      470.007     183.237       0.817    9999.990       0.878       0.060       0.061       0.000       0.000       0.000
      470.007   17823.668       0.003      18.954  -17793.422   -1006.476    -254.283      -0.093      -0.004       0.001
      470.007    1009.982   17823.678     254.283       0.000       0.000       0.000
      470.007       0.000    4775.995       0.000       0.000       0.000
      470.007       0.000       0.000       0.000       0.000       0.000
      470.007       0.000       0.126     181.237
      471.008      17.549      17.660    -121.538   17802.646     178.303     207.040   1145547.8  22064878.0   17823.303     183.239
      471.008 0.000000000       0.000       0.000       0.000     0.00000     0.00000     0.00000     0.00000     0.00000       0.000
      471.008     183.239       0.771    9999.990       0.832       0.060       0.061       0.000       0.000       0.000
      471.008   17823.291       0.004      18.954  -17793.225   -1006.892    -239.700      -0.093      -0.004       0.001
      471.008    1012.763   17823.301     239.700       0.000       0.000       0.000
      471.008       0.000    4775.995       0.000       0.000       0.000
      471.008       0.000       0.000       0.000       0.000       0.000
      471.008       0.000       0.126     181.237
      472.009      17.503      17.613    -121.541   17802.268     178.303     192.533   1145747.4  22065110.0   17822.947     183.240
      472.009 0.000000000       0.000       0.000       0.000     0.00000     0.00000     0.00000     0.00000     0.00000       0.000
      472.009     183.240       0.724    9999.990       0.785       0.060       0.061       0.000       0.000       0.000
      472.009   17822.936       0.002      18.953  -17793.035   -1007.305    -225.117      -0.093      -0.004       0.001
      472.009    1015.547   17822.945     225.117       0.000       0.000       0.000
      472.009       0.000    4775.995       0.000       0.000       0.000
      472.009       0.000       0.000       0.000       0.000       0.000
      472.009       0.000       0.126     181.237
      473.000      17.457      17.567    -121.544   17801.918     178.303     178.171   1145930.9  22065326.0   17822.621     183.242
      473.000 0.000000000       0.000       0.000       0.000     0.00000     0.00000     0.00000     0.00000     0.00000       0.000
      473.000     183.242       0.677    9999.990       0.738       0.060       0.061       0.000       0.000       0.000
      473.000   17822.609       0.001      18.953  -17792.863   -1007.711    -210.680      -0.093      -0.004       0.000
      473.000    1018.302   17822.619     210.680       0.000       0.000       0.000
      473.000       0.000    4775.995       0.000       0.000       0.000
      473.000       0.000       0.000       0.000       0.000       0.000
      473.000       0.000       0.126     181.237
      474.001      17.411      17.521    -121.546   17801.586     178.303     163.663   1146102.2  22065530.0   17822.312     183.243
      474.001 0.000000000       0.000       0.000       0.000     0.00000     0.00000     0.00000     0.00000     0.00000       0.000
      474.001     183.243       0.630    9999.990       0.691       0.060       0.061       0.000       0.000       0.000
      474.001   17822.301       0.002      18.953  -17792.697   -1008.120    -196.097      -0.093      -0.004       0.001
      474.001    1021.087   17822.311     196.097       0.000       0.000       0.000
      474.001       0.000    4775.995       0.000       0.000       0.000
      474.001       0.000       0.000       0.000       0.000       0.000
      474.001       0.000       0.126     181.237
      475.002      17.364      17.474    -121.549   17801.279     178.303     149.156   1146259.5  22065720.0   17822.031     183.244
      475.002 0.000000000       0.000       0.000       0.000     0.00000     0.00000     0.00000     0.00000     0.00000       0.000
      475.002     183.244       0.584    9999.990       0.644       0.060       0.061       0.000       0.000       0.000
      475.002   17822.018       0.004      18.952  -17792.545   -1008.526    -181.514      -0.093      -0.004       0.001
      475.002    1023.868   17822.027     181.514       0.000       0.000       0.000
      475.002       0.000    4775.995       0.000       0.000       0.000
      475.002       0.000       0.000       0.000       0.000       0.000
      475.002       0.000       0.126     181.237
      476.003      17.318      17.428    -121.552   17800.994     178.303     134.649   1146400.9  22065894.0   17821.768     183.246
      476.003 0.000000000       0.000       0.000       0.000     0.00000     0.00000     0.00000     0.00000     0.00000       0.000
      476.003     183.246       0.537    9999.990       0.598       0.060       0.061       0.000       0.000       0.000
      476.003   17821.754       0.003      18.952  -17792.402   -1008.930    -166.932      -0.093      -0.004       0.001
      476.003    1026.651   17821.764     166.932       0.000       0.000       0.000
      476.003       0.000    4775.995       0.000       0.000       0.000
      476.003       0.000       0.000       0.000       0.000       0.000
      476.003       0.000       0.126     181.237
      477.004      17.272      17.381    -121.555   17800.734     178.303     120.142   1146527.8  22066054.0   17821.531     183.247
      477.004 0.000000000       0.000       0.000       0.000     0.00000     0.00000     0.00000     0.00000     0.00000       0.000
      477.004     183.247       0.490    9999.990       0.551       0.060       0.061       0.000       0.000       0.000
      477.004   17821.523       0.003      18.952  -17792.275   -1009.331    -152.349      -0.093      -0.004       0.001
      477.004    1029.433   17821.533     152.349       0.000       0.000       0.000
      477.004       0.000    4775.995       0.000       0.000       0.000
      477.004       0.000       0.000       0.000       0.000       0.000
      477.004       0.000       0.126     181.237
      478.005      17.226      17.335    -121.557   17800.500     178.303     105.636   1146640.4  22066198.0   17821.320     183.248
      478.005 0.000000000       0.000       0.000       0.000     0.00000     0.00000     0.00000     0.00000     0.00000       0.000
      478.005     183.248       0.443    9999.990       0.504       0.060       0.061       0.000       0.000       0.000
      478.005   17821.309       0.004      18.951  -17792.158   -1009.730    -137.766      -0.093      -0.004       0.001
      478.005    1032.216   17821.318     137.766       0.000       0.000       0.000
      478.005       0.000    4775.995       0.000       0.000       0.000
      478.005       0.000       0.000       0.000       0.000       0.000
      478.005       0.000       0.126     181.237
      479.006      17.179      17.288    -121.560   17800.287     178.303      91.130   1146738.9  22066328.0   17821.131     183.250
      479.006 0.000000000       0.000       0.000       0.000     0.00000     0.00000     0.00000     0.00000     0.00000       0.000
      479.006     183.249       0.396    9999.990       0.457       0.060       0.061       0.000       0.000       0.000
      479.006   17821.117       0.002      18.951  -17792.053   -1010.126    -123.184      -0.093      -0.004       0.001
      479.006    1034.998   17821.127     123.184       0.000       0.000       0.000
      479.006       0.000    4775.995       0.000       0.000       0.000
      479.006       0.000       0.000       0.000       0.000       0.000
      479.006       0.000       0.126     181.237
      480.007      17.133      17.242    -121.563   17800.100     178.303      76.624   1146823.2  22066446.0   17820.963     183.251
      480.007 0.000000000       0.000       0.000       0.000     0.00000     0.00000     0.00000     0.00000     0.00000       0.000
      480.007     183.251       0.349    9999.990       0.410       0.060       0.061       0.000       0.000       0.000
      480.007   17820.953       0.002      18.951  -17791.959   -1010.521    -108.602      -0.093      -0.004       0.001
      480.007    1037.782   17820.963     108.602       0.000       0.000       0.000
      480.007       0.000    4775.995       0.000       0.000       0.000
      480.007       0.000       0.000       0.000       0.000       0.000
      480.007       0.000       0.126     181.237
      481.008      17.087      17.195    -121.565   17799.932     178.303      62.118   1146893.4  22066548.0   17820.820     183.252
      481.008 0.000000000       0.000       0.000       0.000     0.00000     0.00000     0.00000     0.00000     0.00000       0.000
      481.008     183.252       0.302    9999.990       0.363       0.060       0.061       0.000       0.000       0.000
      481.008   17820.807       0.003      18.951  -17791.875   -1010.913     -94.020      -0.093      -0.004       0.001
      481.008    1040.565   17820.816      94.020       0.000       0.000       0.000
      481.008       0.000    4775.995       0.000       0.000       0.000
      481.008       0.000       0.000       0.000       0.000       0.000
      481.008       0.000       0.126     181.237
      482.009      17.040      17.149    -121.568   17799.793     178.303      47.612   1146947.6  22066634.0   17820.703     183.253
      482.009 0.000000000       0.000       0.000       0.000     0.00000     0.00000     0.00000     0.00000     0.00000       0.000
      482.009     183.253       0.255    9999.990       0.316       0.060       0.061       0.000       0.000       0.000
      482.009   17820.691       0.004      18.951  -17791.807   -1011.302     -79.438      -0.093      -0.004       0.001
      482.009    1043.345   17820.701      79.438       0.000       0.000       0.000
      482.009       0.000    4775.995       0.000       0.000       0.000
      482.009       0.000       0.000       0.000       0.000       0.000
      482.009       0.000       0.126     181.237
      483.000      16.995      17.103    -121.571   17799.678     178.303      33.251   1146987.2  22066704.0   17820.609     183.255
      483.000 0.000000000       0.000       0.000       0.000     0.00000     0.00000     0.00000     0.00000     0.00000       0.000
      483.000     183.254       0.209    9999.990       0.270       0.060       0.061       0.000       0.000       0.000
      483.000   17820.598       0.003      18.951  -17791.750   -1011.685     -65.002      -0.093      -0.004       0.001
      483.000    1046.102   17820.607      65.002       0.000       0.000       0.000
      483.000       0.000    4775.995       0.000       0.000       0.000
      483.000       0.000       0.000       0.000       0.000       0.000
      483.000       0.000       0.126     181.237
      484.001      16.948      17.056    -121.574   17799.582     178.303      18.745   1147013.1  22066762.0   17820.535     183.256
      484.001 0.000000000       0.000       0.000       0.000     0.00000     0.00000     0.00000     0.00000     0.00000       0.000
      484.001     183.256       0.162    9999.990       0.223       0.060       0.061       0.000       0.000       0.000
      484.001   17820.525       0.004      18.951  -17791.703   -1012.070     -50.420      -0.093      -0.004       0.001
      484.001    1048.884   17820.535      50.420       0.000       0.000       0.000
      484.001       0.000    4775.995       0.000       0.000       0.000
      484.001       0.000       0.000       0.000       0.000       0.000
      484.001       0.000       0.126     181.237
      485.002      16.902      17.009    -121.576   17799.514     178.303       4.239   1147024.8  22066806.0   17820.486     183.257
      485.002 0.000000000       0.000       0.000       0.000     0.00000     0.00000     0.00000     0.00000     0.00000       0.000
      485.002     183.257       0.115    9999.990       0.176       0.060       0.061       0.000       0.000       0.000
      485.002   17820.475       0.001      18.951  -17791.668   -1012.452     -35.838      -0.093      -0.004       0.000
      485.002    1051.667   17820.484      35.838       0.000       0.000       0.000
      485.002       0.000    4775.995       0.000       0.000       0.000
      485.002       0.000       0.000       0.000       0.000       0.000
      485.002       0.000       0.126     181.237
      486.003      16.856      16.963    -121.579   17799.469     178.303     -10.267   1147022.1  22066834.0   17820.463     183.258
      486.003 0.000000000       0.000       0.000       0.000     0.00000     0.00000     0.00000     0.00000     0.00000       0.000
      486.003     183.258       0.068    9999.990       0.129       0.060       0.061       0.000       0.000       0.000
      486.003   17820.457       0.003      18.951  -17791.646   -1012.832     -21.256      -0.093      -0.004       0.001
      486.003    1054.449   17820.467      21.256       0.000       0.000       0.000
      486.003       0.000    4775.995       0.000       0.000       0.000
      486.003       0.000       0.000       0.000       0.000       0.000
      486.003       0.000       0.126     181.237
      487.004      16.810      16.916    -121.582   17799.443     178.303     -24.773   1147005.2  22066850.0   17820.463     183.259
      487.004 0.000000000       0.000       0.000       0.000     0.00000     0.00000     0.00000     0.00000     0.00000       0.000
      487.004     183.259       0.021    9999.990       0.082       0.060       0.061       0.000       0.000       0.000
      487.004   17820.451       0.003      18.951  -17791.633   -1013.210      -6.674      -0.093      -0.004       0.001
      487.004    1057.233   17820.461       6.674       0.000       0.000       0.000
      487.004       0.000    4775.995       0.000       0.000       0.000
      487.004       0.000       0.000       0.000       0.000       0.000
      487.004       0.000       0.126     181.237
      488.005      16.763      16.870    -121.585   17799.445     178.303     -39.278   1146972.9  22066848.0   17820.486     183.261
      488.005 0.000000000       0.000       0.000       0.000     0.00000     0.00000     0.00000     0.00000     0.00000       0.000
      488.005     183.261      -0.025    9999.990       0.036       0.060       0.061       0.000       0.000       0.000
      488.005   17820.475       0.004      18.951  -17791.635   -1013.585       7.908      -0.093      -0.004       0.001
      488.005    1060.016   17820.484      -7.908       0.000       0.000       0.000
      488.005       0.000    4775.995       0.000       0.000       0.000
      488.005       0.000       0.000       0.000       0.000       0.000
      488.005       0.000       0.126     181.237
      489.006      16.717      16.823    -121.587   17799.469     178.303     -53.784   1146925.9  22066832.0   17820.529     183.262
      489.006 0.000000000       0.000       0.000       0.000     0.00000     0.00000     0.00000     0.00000     0.00000       0.000
      489.006     183.262      -0.072    9999.990      -0.011       0.060       0.061       0.000       0.000       0.000
      489.006   17820.520       0.001      18.951  -17791.646   -1013.958      22.491      -0.093      -0.004       0.001
      489.006    1062.797   17820.529     -22.491       0.000       0.000       0.000
      489.006       0.000    4775.995       0.000       0.000       0.000
      489.006       0.000       0.000       0.000       0.000       0.000
      489.006       0.000       0.126     181.237
      490.007      16.671      16.777    -121.590   17799.518     178.303     -68.290   1146864.6  22066802.0   17820.600     183.263
      490.007 0.000000000       0.000       0.000       0.000     0.00000     0.00000     0.00000     0.00000     0.00000       0.000
      490.007     183.263      -0.119    9999.990      -0.058       0.060       0.061       0.000       0.000       0.000
      490.007   17820.588       0.000      18.951  -17791.670   -1014.328      37.073      -0.093      -0.004       0.000
      490.007    1065.580   17820.598     -37.073       0.000       0.000       0.000
      490.007       0.000    4775.995       0.000       0.000       0.000
      490.007       0.000       0.000       0.000       0.000       0.000
      490.007       0.000       0.126     181.237
      491.008      16.624      16.730    -121.593   17799.590     178.303     -82.796   1146789.1  22066758.0   17820.693     183.264
      491.008 0.000000000       0.000       0.000       0.000     0.00000     0.00000     0.00000     0.00000     0.00000       0.000
      491.008     183.264      -0.166    9999.990      -0.105       0.060       0.061       0.000       0.000       0.000
      491.008   17820.682       0.000      18.951  -17791.707   -1014.697      51.655      -0.093      -0.004       0.000
      491.008    1068.362   17820.691     -51.655       0.000       0.000       0.000
      491.008       0.000    4775.995       0.000       0.000       0.000
      491.008       0.000       0.000       0.000       0.000       0.000
      491.008       0.000       0.126     181.237
      492.009      16.578      16.684    -121.596   17799.686     178.303     -97.302   1146699.5  22066700.0   17820.809     183.265
      492.009 0.000000000       0.000       0.000       0.000     0.00000     0.00000     0.00000     0.00000     0.00000       0.000
      492.009     183.265      -0.213    9999.990      -0.152       0.060       0.061       0.000       0.000       0.000
      492.009   17820.799       0.002      18.951  -17791.754   -1015.062      66.238      -0.093      -0.004       0.001
      492.009    1071.146   17820.809     -66.238       0.000       0.000       0.000
      492.009       0.000    4775.995       0.000       0.000       0.000
      492.009       0.000       0.000       0.000       0.000       0.000
      492.009       0.000       0.126     181.237
      493.010      16.532      16.637    -121.598   17799.805     178.303    -111.809   1146595.6  22066628.0   17820.949     183.267
      493.010 0.000000000       0.000       0.000       0.000     0.00000     0.00000     0.00000     0.00000     0.00000       0.000
      493.010     183.266      -0.260    9999.990      -0.199       0.060       0.061       0.000       0.000       0.000
      493.010   17820.939       0.004      18.951  -17791.812   -1015.426      80.821      -0.093      -0.004       0.000
      493.010    1073.929   17820.949     -80.821       0.000       0.000       0.000
      493.010       0.000    4775.995       0.000       0.000       0.000
      493.010       0.000       0.000       0.000       0.000       0.000
      493.010       0.000       0.126     181.237
      494.001      16.486      16.591    -121.601   17799.947     178.303    -126.170   1146477.5  22066540.0   17821.109     183.268
      494.001 0.000000000       0.000       0.000       0.000     0.00000     0.00000     0.00000     0.00000     0.00000       0.000
      494.001     183.268      -0.306    9999.990      -0.245       0.060       0.061       0.000       0.000       0.000
      494.001   17821.100       0.005      18.951  -17791.883   -1015.783      95.258      -0.093      -0.004       0.000
      494.001    1076.683   17821.109     -95.258       0.000       0.000       0.000
      494.001       0.000    4775.995       0.000       0.000       0.000
      494.001       0.000       0.000       0.000       0.000       0.000
      494.001       0.000       0.126     181.237
      495.002      16.440      16.545    -121.604   17800.113     178.303    -140.676   1146343.5  22066436.0   17821.299     183.269
      495.002 0.000000000       0.000       0.000       0.000     0.00000     0.00000     0.00000     0.00000     0.00000       0.000
      495.002     183.269      -0.353    9999.990      -0.292       0.060       0.061       0.000       0.000       0.000
      495.002   17821.289       0.001      18.951  -17791.967   -1016.142     109.841      -0.093      -0.004       0.001
      495.002    1079.467   17821.299    -109.841       0.000       0.000       0.000
      495.002       0.000    4775.995       0.000       0.000       0.000
      495.002       0.000       0.000       0.000       0.000       0.000
      495.002       0.000       0.126     181.237
      496.003      16.394      16.498    -121.606   17800.305     178.303    -155.182   1146195.5  22066320.0   17821.510     183.270
      496.003 0.000000000       0.000       0.000       0.000     0.00000     0.00000     0.00000     0.00000     0.00000       0.000
      496.003     183.270      -0.400    9999.990      -0.339       0.060       0.061       0.000       0.000       0.000
      496.003   17821.498       0.003      18.952  -17792.061   -1016.498     124.423      -0.093      -0.004       0.001
      496.003    1082.249   17821.508    -124.423       0.000       0.000       0.000
      496.003       0.000    4775.995       0.000       0.000       0.000
      496.003       0.000       0.000       0.000       0.000       0.000
      496.003       0.000       0.126     181.237
      497.004      16.347      16.452    -121.609   17800.518     178.303    -169.688   1146033.0  22066188.0   17821.742     183.271
      497.004 0.000000000       0.000       0.000       0.000     0.00000     0.00000     0.00000     0.00000     0.00000       0.000
      497.004     183.271      -0.447    9999.990      -0.386       0.060       0.061       0.000       0.000       0.000
      497.004   17821.729       0.002      18.952  -17792.166   -1016.852     139.006      -0.093      -0.004       0.001
      497.004    1085.032   17821.738    -139.006       0.000       0.000       0.000
      497.004       0.000    4775.995       0.000       0.000       0.000
      497.004       0.000       0.000       0.000       0.000       0.000
      497.004       0.000       0.126     181.237
      498.005      16.301      16.405    -121.612   17800.756     178.303    -184.195   1145856.5  22066042.0   17822.000     183.272
      498.005 0.000000000       0.000       0.000       0.000     0.00000     0.00000     0.00000     0.00000     0.00000       0.000
      498.005     183.272      -0.494    9999.990      -0.433       0.060       0.061       0.000       0.000       0.000
      498.005   17821.990       0.002      18.952  -17792.285   -1017.204     153.589      -0.093      -0.004       0.001
      498.005    1087.813   17822.000    -153.589       0.000       0.000       0.000
      498.005       0.000    4775.995       0.000       0.000       0.000
      498.005       0.000       0.000       0.000       0.000       0.000
      498.005       0.000       0.126     181.237
      499.006      16.255      16.358    -121.615   17801.016     178.303    -198.701   1145665.8  22065882.0   17822.279     183.273
      499.006 0.000000000       0.000       0.000       0.000     0.00000     0.00000     0.00000     0.00000     0.00000       0.000
      499.006     183.273      -0.541    9999.990      -0.480       0.060       0.061       0.000       0.000       0.000
      499.006   17822.270       0.003      18.952  -17792.412   -1017.553     168.172      -0.093      -0.004       0.001
      499.006    1090.596   17822.279    -168.172       0.000       0.000       0.000
      499.006       0.000    4775.995       0.000       0.000       0.000
      499.006       0.000       0.000       0.000       0.000       0.000
      499.006       0.000       0.126     181.237
      500.007      16.208      16.312    -121.617   17801.301     178.303    -213.207   1145459.5  22065706.0   17822.586     183.274
      500.007 0.000000000       0.000       0.000       0.000     0.00000     0.00000     0.00000     0.00000     0.00000       0.000
      500.007     183.274      -0.588    9999.990      -0.527       0.060       0.061       0.000       0.000       0.000
      500.007   17822.574       0.002      18.953  -17792.555   -1017.900     182.755      -0.093      -0.004       0.001
      500.007    1093.381   17822.584    -182.755       0.000       0.000       0.000
      500.007       0.000    4775.995       0.000       0.000       0.000
      500.007       0.000       0.000       0.000       0.000       0.000
      500.007       0.000       0.126     181.237
      501.008      16.162      16.265    -121.620   17801.611     178.303    -227.715   1145238.5  22065516.0   17822.912     183.275
      501.008 0.000000000       0.000       0.000       0.000     0.00000     0.00000     0.00000     0.00000     0.00000       0.000
      501.008     183.275      -0.634    9999.990      -0.573       0.060       0.061       0.000       0.000       0.000
      501.008   17822.904       0.001      18.953  -17792.709   -1018.244     197.339      -0.093      -0.004       0.001
      501.008    1096.162   17822.914    -197.339       0.000       0.000       0.000
      501.008       0.000    4775.995       0.000       0.000       0.000
      501.008       0.000       0.000       0.000       0.000       0.000
      501.008       0.000       0.126     181.237
      502.009      16.116      16.219    -121.623   17801.945     178.303    -242.222   1145003.4  22065310.0   17823.266     183.276
      502.009 0.000000000       0.000       0.000       0.000     0.00000     0.00000     0.00000     0.00000     0.00000       0.000
      502.009     183.276      -0.681    9999.990      -0.620       0.060       0.061       0.000       0.000       0.000
      502.009   17823.256       0.001      18.954  -17792.875   -1018.586     211.924      -0.093      -0.004       0.001
      502.009    1098.945   17823.266    -211.924       0.000       0.000       0.000
      502.009       0.000    4775.995       0.000       0.000       0.000
      502.009       0.000       0.000       0.000       0.000       0.000
      502.009       0.000       0.126     181.237
      503.010      16.070      16.172    -121.626   17802.301     178.303    -256.729   1144753.9  22065092.0   17823.641     183.277
      503.010 0.000000000       0.000       0.000       0.000     0.00000     0.00000     0.00000     0.00000     0.00000       0.000
      503.010     183.277      -0.728    9999.990      -0.667       0.060       0.061       0.000       0.000       0.000
      503.010   17823.631       0.003      18.954  -17793.051   -1018.926     226.508      -0.093      -0.004       0.001
      503.010    1101.728   17823.641    -226.508       0.000       0.000       0.000
      503.010       0.000    4775.995       0.000       0.000       0.000
      503.010       0.000       0.000       0.000       0.000       0.000
      503.010       0.000       0.126     181.237
      504.001      16.024      16.126    -121.628   17802.678     178.303    -271.092   1144493.0  22064860.0   17824.037     183.279
      504.001 0.000000000       0.000       0.000       0.000     0.00000     0.00000     0.00000     0.00000     0.00000       0.000
      504.001     183.279      -0.775    9999.990      -0.714       0.060       0.061       0.000       0.000       0.000
      504.001   17824.025       0.003      18.954  -17793.238   -1019.260     240.947      -0.093      -0.004       0.001
      504.001    1104.485   17824.035    -240.947       0.000       0.000       0.000
      504.001       0.000    4775.995       0.000       0.000       0.000
      504.001       0.000       0.000       0.000       0.000       0.000
      504.001       0.000       0.126     181.237
      505.001      15.978      16.080    -121.631   17803.078     178.303    -285.599   1144215.4  22064614.0   17824.455     183.279
      505.001 0.000000000       0.000       0.000       0.000     0.00000     0.00000     0.00000     0.00000     0.00000       0.000
      505.001     183.280      -0.821    9999.990      -0.760       0.060       0.061       0.000       0.000       0.000
      505.001   17824.443       0.003      18.955  -17793.436   -1019.595     255.531      -0.093      -0.004       0.001
      505.001    1107.267   17824.453    -255.531       0.000       0.000       0.000
      505.001       0.000    4775.995       0.000       0.000       0.000
      505.001       0.000       0.000       0.000       0.000       0.000
      505.001       0.000       0.126     181.237
      506.002      15.931      16.033    -121.634   17803.508     178.303    -300.106   1143922.2  22064350.0   17824.904     183.281
      506.002 0.000000000       0.000       0.000       0.000     0.00000     0.00000     0.00000     0.00000     0.00000       0.000
      506.002     183.281      -0.868    9999.990      -0.807       0.060       0.061       0.000       0.000       0.000
      506.002   17824.895       0.004      18.955  -17793.650   -1019.927     270.115      -0.093      -0.004       0.000
      506.002    1110.050   17824.904    -270.115       0.000       0.000       0.000
      506.002       0.000    4775.995       0.000       0.000       0.000
      506.002       0.000       0.000       0.000       0.000       0.000
      506.002       0.000       0.126     181.237
      507.003      15.885      15.987    -121.636   17803.961     178.303    -314.614   1143614.4  22064072.0   17825.373     183.282
      507.003 0.000000000       0.000       0.000       0.000     0.00000     0.00000     0.00000     0.00000     0.00000       0.000
      507.003     183.282      -0.915    9999.990      -0.854       0.060       0.061       0.000       0.000       0.000
      507.003   17825.363       0.002      18.956  -17793.875   -1020.257     284.700      -0.093      -0.004       0.001
      507.003    1112.834   17825.373    -284.700       0.000       0.000       0.000
      507.003       0.000    4775.995       0.000       0.000       0.000
      507.003       0.000       0.000       0.000       0.000       0.000
      507.003       0.000       0.126     181.237
      508.004      15.839      15.940    -121.639   17804.434     178.303    -329.121   1143292.4  22063780.0   17825.865     183.283
      508.004 0.000000000       0.000       0.000       0.000     0.00000     0.00000     0.00000     0.00000     0.00000       0.000
      508.004     183.283      -0.962    9999.990      -0.901       0.060       0.061       0.000       0.000       0.000
      508.004   17825.855       0.001      18.956  -17794.109   -1020.585     299.284      -0.093      -0.004       0.001
      508.004    1115.616   17825.865    -299.284       0.000       0.000       0.000
      508.004       0.000    4775.995       0.000       0.000       0.000
      508.004       0.000       0.000       0.000       0.000       0.000
      508.004       0.000       0.126     181.237
      509.005      15.792      15.894    -121.642   17804.932     178.303    -343.628   1142956.0  22063474.0   17826.379     183.284
      509.005 0.000000000       0.000       0.000       0.000     0.00000     0.00000     0.00000     0.00000     0.00000       0.000
      509.005     183.284      -1.009    9999.990      -0.948       0.060       0.061       0.000       0.000       0.000
      509.005   17826.369       0.002      18.957  -17794.354   -1020.910     313.868      -0.093      -0.004       0.001
      509.005    1118.397   17826.379    -313.868       0.000       0.000       0.000
      509.005       0.000    4775.995       0.000       0.000       0.000
      509.005       0.000       0.000       0.000       0.000       0.000
      509.005       0.000       0.126     181.237
      510.006      15.746      15.847    -121.645   17805.455     178.303    -358.135   1142605.5  22063152.0   17826.920     183.285
      510.006 0.000000000       0.000       0.000       0.000     0.00000     0.00000     0.00000     0.00000     0.00000       0.000
      510.006     183.285      -1.056    9999.990      -0.995       0.060       0.061       0.000       0.000       0.000
      510.006   17826.910       0.003      18.957  -17794.615   -1021.233     328.453      -0.093      -0.004       0.000
      510.006    1121.180   17826.920    -328.453       0.000       0.000       0.000
      510.006       0.000    3004.000       0.000       0.000       0.000
      510.006       0.000       0.000       0.000       0.000       0.000
      510.006       0.000       0.126     181.237
      511.007      15.700      15.800    -121.647   17863.182     178.319    -373.714   1142240.6  22062818.0   17884.891     183.286
      511.007 0.000000000       0.000       0.000       0.000     0.00000     0.00000     0.00000     0.00000     0.00000       0.000
      511.007     183.286      -1.102    9999.990      -1.041       0.060       0.061       0.000       0.000       0.000
      511.007   17884.881       0.003      19.017  -17852.184   -1024.951     344.013      -0.092      -0.004       0.000
      511.007    1123.962   17884.891    -344.013       0.000       0.000       1.845
      511.007    5507.063    2985.429       0.000       0.000     287.581
      511.007       0.000       0.000       0.000       0.000       0.000
      511.007       0.000       0.126     181.237
      512.008      15.653      15.754    -121.650   17924.721     178.337    -389.319   1141858.2  22062466.0   17946.689     183.287
      512.008 0.000000000       0.000       0.000       0.000     0.00000     0.00000     0.00000     0.00000     0.00000       0.000
      512.008     183.287      -1.148    9999.990      -1.087       0.060       0.061       0.000       0.000       0.000
      512.008   17946.678       0.001      19.082  -17913.561   -1028.936     359.595      -0.092      -0.004       0.000
      512.008    1126.758   17946.688    -359.595       0.000       0.000       1.957
      512.008    5805.188    2965.756       0.000       0.000     287.581
      512.008       0.000       0.000       0.000       0.000       0.000
      512.008       0.000       0.126     181.237
      513.009      15.607      15.707    -121.653   17989.934     178.355    -404.948   1141460.9  22062098.0   18012.168     183.289
      513.009 0.000000000       0.000       0.000       0.000     0.00000     0.00000     0.00000     0.00000     0.00000       0.000
      513.009     183.289      -1.194    9999.990      -1.133       0.060       0.061       0.000       0.000       0.000
      513.009   18012.158       0.005      19.151  -17978.605   -1033.050     375.195      -0.092      -0.004       0.001
      513.009    1129.559   18012.168    -375.195       0.000       0.000       2.072
      513.009    6103.306    2945.046       0.000       0.000     287.581
      513.009       0.000       0.000       0.000       0.000       0.000
      513.009       0.000       0.126     181.237
      514.000      15.561      15.660    -121.656   18057.492     178.374    -420.428   1141052.6  22061718.0   18080.008     183.290
      514.000 0.000000000       0.000       0.000       0.000     0.00000     0.00000     0.00000     0.00000     0.00000       0.000
      514.000     183.290      -1.238    9999.990      -1.177       0.060       0.061       0.000       0.000       0.000
      514.000   18079.996       0.004      19.222  -18045.992   -1037.405     390.643      -0.091      -0.004       0.001
      514.000    1132.344   18080.008    -390.643       0.000       0.000       2.140
      514.000    6256.716    2923.744       0.000       0.000     287.581
      514.000       0.000       0.000       0.000       0.000       0.000
      514.000       0.000       0.126     181.237
      515.001      15.514      15.613    -121.658   18127.781     178.393    -436.051   1140625.4  22061322.0   18150.574     183.291
      515.001 0.000000000       0.000       0.000       0.000     0.00000     0.00000     0.00000     0.00000     0.00000       0.000
      515.001     183.291      -1.282    9999.990      -1.222       0.060       0.061       0.000       0.000       0.000
      515.001   18150.562       0.001      19.296  -18116.098   -1041.791     406.231      -0.091      -0.004       0.001
      515.001    1135.167   18150.572    -406.231       0.000       0.000       2.204
      515.001    6395.482    2901.744       0.000       0.000     287.581
      515.001       0.000       0.000       0.000       0.000       0.000
      515.001       0.000       0.126     181.237
      516.002      15.466      15.566    -121.661   18200.174     178.412    -451.660   1140180.8  22060906.0   18223.250     183.292
      516.002 0.000000000       0.000       0.000       0.000     0.00000     0.00000     0.00000     0.00000     0.00000       0.000
      516.002     183.292      -1.326    9999.990      -1.265       0.060       0.061       0.000       0.000       0.000
      516.002   18223.238       0.005      19.372  -18188.299   -1046.287     421.802      -0.091      -0.004       0.001
      516.002    1138.004   18223.248    -421.802       0.000       0.000       2.269
      516.002    6534.247    2879.262       0.000       0.000     287.581
      516.002       0.000       0.000       0.000       0.000       0.000
      516.002       0.000       0.126     181.237
      517.003      15.419      15.518    -121.664   18274.709     178.433    -467.254   1139721.0  22060476.0   18298.090     183.294
      517.003 0.000000000       0.000       0.000       0.000     0.00000     0.00000     0.00000     0.00000     0.00000       0.000
      517.003     183.294      -1.370    9999.990      -1.309       0.060       0.061       0.000       0.000       0.000
      517.003   18298.078       0.004      19.450  -18262.641   -1051.086     437.356      -0.090      -0.004       0.001
      517.003    1140.849   18298.088    -437.356       0.000       0.000       2.336
      517.003    6673.013    2856.297       0.000       0.000     287.581
      517.003       0.000       0.000       0.000       0.000       0.000
      517.003       0.000       0.126     181.237
      518.004      15.372      15.470    -121.666   18351.436     178.453    -482.833   1139246.4  22060032.0   18375.115     183.295
      518.004 0.000000000       0.000       0.000       0.000     0.00000     0.00000     0.00000     0.00000     0.00000       0.000
      518.004     183.295      -1.412    9999.990      -1.351       0.060       0.061       0.000       0.000       0.000
      518.004   18375.105       0.002      19.531  -18339.162   -1055.879     452.892      -0.090      -0.004       0.001
      518.004    1143.707   18375.117    -452.892       0.000       0.000       2.405
      518.004    6811.778    2832.849       0.000       0.000     287.581
      518.004       0.000       0.000       0.000       0.000       0.000
      518.004       0.000       0.126     181.237
      519.005      15.324      15.422    -121.669   18430.398     178.474    -498.396   1138756.6  22059572.0   18454.369     183.296
      519.005 0.000000000       0.000       0.000       0.000     0.00000     0.00000     0.00000     0.00000     0.00000       0.000
      519.005     183.296      -1.454    9999.990      -1.394       0.060       0.061       0.000       0.000       0.000
      519.005   18454.357       0.000      19.614  -18417.908   -1060.666     468.410      -0.090      -0.004       0.001
      519.005    1146.577   18454.367    -468.410       0.000       0.000       2.474
      519.005    6950.543    2808.919       0.000       0.000     287.581
      519.005       0.000       0.000       0.000       0.000       0.000
      519.005       0.000       0.126     181.237
      520.006      15.276      15.374    -121.672   18511.650     178.496    -513.943   1138249.9  22059096.0   18535.945     183.298
      520.006 0.000000000       0.000       0.000       0.000     0.00000     0.00000     0.00000     0.00000     0.00000       0.000
      520.006     183.298      -1.496    9999.990      -1.435       0.060       0.061       0.000       0.000       0.000
      520.006   18535.934       0.004      19.699  -18498.945   -1065.877     483.910      -0.089      -0.004       0.001
      520.006    1149.459   18535.943    -483.910       0.000       0.000       2.546
      520.006    7089.309    2784.507       0.000       0.000     287.581
      520.006       0.000       0.000       0.000       0.000       0.000
      520.006       0.000       0.126     181.237
      521.007      15.228      15.326    -121.675   18595.250     178.517    -529.473   1137727.8  22058604.0   18619.861     183.299
      521.007 0.000000000       0.000       0.000       0.000     0.00000     0.00000     0.00000     0.00000     0.00000       0.000
      521.007     183.299      -1.537    9999.990      -1.476       0.060       0.061       0.000       0.000       0.000
      521.007   18619.852       0.003      19.787  -18582.320   -1071.102     499.389      -0.089      -0.004       0.001
      521.007    1152.357   18619.861    -499.389       0.000       0.000       2.619
      521.007    7228.074    2759.611       0.000       0.000     287.581
      521.007       0.000       0.000       0.000       0.000       0.000
      521.007       0.000       0.126     181.237
      522.008      15.179      15.277    -121.677   18681.250     178.539    -544.985   1137190.9  22058096.0   18706.176     183.300
      522.008 0.000000000       0.000       0.000       0.000     0.00000     0.00000     0.00000     0.00000     0.00000       0.000
      522.008     183.300      -1.577    9999.990      -1.516       0.060       0.061       0.000       0.000       0.000
      522.008   18706.162       0.000      19.877  -18668.086   -1076.328     514.849      -0.088      -0.004       0.001
      522.008    1155.265   18706.172    -514.849       0.000       0.000       2.694
      522.008    7366.839    2734.234       0.000       0.000     287.581
      522.008       0.000       0.000       0.000       0.000       0.000
      522.008       0.000       0.126     181.237
      523.009      15.131      15.228    -121.680   18769.713     178.562    -560.480   1136638.9  22057574.0   18794.971     183.301
      523.009 0.000000000       0.000       0.000       0.000     0.00000     0.00000     0.00000     0.00000     0.00000       0.000
      523.009     183.301      -1.617    9999.990      -1.556       0.060       0.061       0.000       0.000       0.000
      523.009   18794.959       0.003      19.970  -18756.312   -1081.862     530.288      -0.088      -0.004       0.001
      523.009    1158.188   18794.969    -530.288       0.000       0.000       2.771
      523.009    7505.604    2708.374       0.000       0.000     287.581
      523.009       0.000       0.000       0.000       0.000       0.000
      523.009       0.000       0.126     181.237
      524.000      15.082      15.179    -121.683   18859.773     178.585    -575.801   1136076.4  22057042.0   18885.363     183.303
      524.000 0.000000000       0.000       0.000       0.000     0.00000     0.00000     0.00000     0.00000     0.00000       0.000
      524.000     183.303      -1.655    9999.990      -1.594       0.060       0.061       0.000       0.000       0.000
      524.000   18885.352       0.004      20.065  -18846.133   -1087.490     545.552      -0.087      -0.004       0.001
      524.000    1161.094   18885.363    -545.552       0.000       0.000       2.849
      524.000    7642.982    2682.296       0.000       0.000     287.581
      524.000       0.000       0.000       0.000       0.000       0.000
      524.000       0.000       0.126     181.237
      525.001      15.033      15.130    -121.686   18953.316     178.608    -591.257   1135492.4  22056488.0   18979.236     183.303
      525.001 0.000000000       0.000       0.000       0.000     0.00000     0.00000     0.00000     0.00000     0.00000       0.000
      525.001     183.303      -1.694    9999.990      -1.633       0.060       0.061       0.000       0.000       0.000
      525.001   18979.229       0.004      20.163  -18939.424   -1093.186     560.947      -0.087      -0.004       0.000
      525.001    1164.044   18979.238    -560.947       0.000       0.000       2.930
      525.001    7781.748    2655.476       0.000       0.000     287.581
      525.001       0.000       0.000       0.000       0.000       0.000
      525.001       0.000       0.126     181.237
      526.002      14.984      15.080    -121.688   19048.678     178.631    -606.668   1134893.4  22055920.0   19074.930     183.304
      526.002 0.000000000       0.000       0.000       0.000     0.00000     0.00000     0.00000     0.00000     0.00000       0.000
      526.002     183.304      -1.731    9999.990      -1.670       0.060       0.061       0.000       0.000       0.000
      526.002   19074.918       0.000      20.263  -19034.527   -1098.913     576.295      -0.087      -0.004       0.001
      526.002    1167.010   19074.928    -576.295       0.000       0.000       2.961
      526.002    7783.000    2628.401       0.000       0.000     287.581
      526.002       0.000       0.000       0.000       0.000       0.000
      526.002       0.000       0.126     181.237
      527.003      14.934      15.031    -121.691   19145.043     178.655    -622.005   1134279.6  22055336.0   19171.623     183.305
      527.003 0.000000000       0.000       0.000       0.000     0.00000     0.00000     0.00000     0.00000     0.00000       0.000
      527.003     183.305      -1.768    9999.990      -1.707       0.060       0.061       0.000       0.000      -0.000
      527.003   19171.609      -0.001      20.365  -19130.625   -1104.694     591.570      -0.086      -0.004       0.001
      527.003    1169.992   19171.619    -591.570       0.000       0.000       2.992
      527.003    7783.000    2601.326       0.000       0.000     287.581
      527.003       0.000       0.000       0.000       0.000       0.000
      527.003       0.000       0.126     181.237
      528.004      14.885      14.980    -121.694   19242.420     178.678    -637.268   1133650.6  22054738.0   19269.330     183.306
      528.004 0.000000000       0.000       0.000       0.000     0.00000     0.00000     0.00000     0.00000     0.00000       0.000
      528.004     183.306      -1.804    9999.990      -1.744       0.060       0.061       0.000       0.000       0.000
      528.004   19269.320       0.001      20.467  -19227.732   -1110.528     606.770      -0.086      -0.004       0.001
      528.004    1172.985   19269.332    -606.770       0.000       0.000       3.023
      528.004    7783.000    2574.251       0.000       0.000     287.581
      528.004       0.000       0.000       0.000       0.000       0.000
      528.004       0.000       0.126     181.237
      529.005      14.835      14.930    -121.696   19340.846     178.701    -652.454   1133005.1  22054122.0   19368.084     183.306
      529.005 0.000000000       0.000       0.000       0.000     0.00000     0.00000     0.00000     0.00000     0.00000       0.000
      529.005     183.306      -1.840    9999.990      -1.779       0.060       0.061       0.000       0.000      -0.000
      529.005   19368.072      -0.000      20.570  -19325.877   -1116.417     621.893      -0.085      -0.004       0.001
      529.005    1175.998   19368.082    -621.893       0.000       0.000       3.056
      529.005    7783.000    2547.176       0.000       0.000     287.581
      529.005       0.000       0.000       0.000       0.000       0.000
      529.005       0.000       0.126     181.237
      530.006      14.784      14.879    -121.699   19440.328     178.724    -667.562   1132344.9  22053494.0   19467.896     183.307
      530.006 0.000000000       0.000       0.000       0.000     0.00000     0.00000     0.00000     0.00000     0.00000       0.000
      530.006     183.307      -1.875    9999.990      -1.814       0.060       0.061       0.000       0.000       0.000
      530.006   19467.881       0.000      20.675  -19425.076   -1122.362     636.938      -0.085      -0.004       0.001
      530.006    1179.023   19467.893    -636.938       0.000       0.000       3.088
      530.006    7783.000    2520.100       0.000       0.000     287.581
      530.006       0.000       0.000       0.000       0.000       0.000
      530.006       0.000       0.126     181.237
      531.007      14.734      14.829    -121.702   19540.896     178.748    -682.589   1131670.0  22052848.0   19568.791     183.307
      531.007 0.000000000       0.000       0.000       0.000     0.00000     0.00000     0.00000     0.00000     0.00000       0.000
      531.007     183.307      -1.909    9999.990      -1.848       0.060       0.061       0.000       0.000       0.000
      531.007   19568.781       0.002      20.781  -19525.354   -1128.363     651.902      -0.084      -0.004       0.000
      531.007    1182.066   19568.791    -651.902       0.000       0.000       3.122
      531.007    7783.000    2493.025       0.000       0.000     287.581
      531.007       0.000       0.000       0.000       0.000       0.000
      531.007       0.000       0.126     181.237
      532.008      14.683      14.777    -121.705   19642.574     178.771    -697.534   1130980.5  22052190.0   19670.799     183.308
      532.008 0.000000000       0.000       0.000       0.000     0.00000     0.00000     0.00000     0.00000     0.00000       0.000
      532.008     183.308      -1.943    9999.990      -1.882       0.060       0.061       0.000       0.000      -0.000
      532.008   19670.787      -0.001      20.888  -19626.736   -1134.421     666.783      -0.084      -0.004       0.001
      532.008    1185.124   19670.799    -666.783       0.000       0.000       3.156
      532.008    7783.000    2465.950       0.000       0.000     287.581
      532.008       0.000       0.000       0.000       0.000       0.000
      532.008       0.000       0.126     181.237
      533.009      14.632      14.726    -121.707   19745.381     178.794    -712.394   1130276.2  22051516.0   19773.932     183.309
      533.009 0.000000000       0.000       0.000       0.000     0.00000     0.00000     0.00000     0.00000     0.00000       0.000
      533.009     183.309      -1.975    9999.990      -1.914       0.060       0.061       0.000       0.000       0.000
      533.009   19773.920       0.002      20.996  -19729.242   -1140.538     681.580      -0.084      -0.004       0.000
      533.009    1188.199   19773.932    -681.580       0.000       0.000       3.191
      533.009    7783.000    2438.875       0.000       0.000     287.581
      533.009       0.000       0.000       0.000       0.000       0.000
      533.009       0.000       0.126     181.237
      534.010      14.580      14.674    -121.710   19849.801     178.818    -727.184   1129555.8  22050828.0   19878.686     183.309
      534.010 0.000000000       0.000       0.000       0.000     0.00000     0.00000     0.00000     0.00000     0.00000       0.000
      534.010     183.309      -2.007    9999.990      -1.947       0.060       0.061       0.000       0.000       0.000
      534.010   19878.672       0.006      21.105  -19833.359   -1146.817     696.305      -0.083      -0.004       0.001
      534.010    1191.288   19878.684    -696.305       0.000       0.000       3.255
      534.010    7850.483    2411.693       0.000       0.000     287.581
      534.010       0.000       0.000       0.000       0.000       0.000
      534.010       0.000       0.126     181.237
      535.001      14.529      14.623    -121.713   19955.246     178.842    -741.769   1128828.2  22050130.0   19984.488     183.311
      535.001 0.000000000       0.000       0.000       0.000     0.00000     0.00000     0.00000     0.00000     0.00000       0.000
      535.001     183.311      -2.038    9999.990      -1.978       0.060       0.061       0.000       0.000       0.000
      535.001   19984.475       0.003      21.216  -19938.508   -1153.432     710.825      -0.083      -0.004       0.001
      535.001    1194.363   19984.486    -710.825       0.000       0.000       3.320
      535.001    7917.374    2384.551       0.000       0.000     287.581
      535.001       0.000       0.000       0.000       0.000       0.000
      535.001       0.000       0.126     181.237
      536.002      14.477      14.571    -121.716   20063.904     178.866    -756.443   1128079.1  22049412.0   20093.504     183.312
      536.002 0.000000000       0.000       0.000       0.000     0.00000     0.00000     0.00000     0.00000     0.00000       0.000
      536.002     183.312      -2.069    9999.990      -2.008       0.060       0.061       0.000       0.000       0.000
      536.002   20093.492       0.005      21.330  -20046.861   -1160.163     725.431      -0.082      -0.004       0.002
      536.002    1197.486   20093.504    -725.431       0.000       0.000       3.388
      536.002    7984.939    2356.902       0.000       0.000     287.581
      536.002       0.000       0.000       0.000       0.000       0.000
      536.002       0.000       0.126     181.237
      537.003      14.425      14.518    -121.718   20174.775     178.891    -771.057   1127315.6  22048680.0   20204.730     183.313
      537.003 0.000000000       0.000       0.000       0.000     0.00000     0.00000     0.00000     0.00000     0.00000       0.000
      537.003     183.313      -2.099    9999.990      -2.038       0.060       0.061       0.000       0.000       0.000
      537.003   20204.719       0.001      21.447  -20157.426   -1166.943     739.975      -0.082      -0.004       0.001
      537.003    1200.628   20204.730    -739.975       0.000       0.000       3.457
      537.003    8052.506    2329.017       0.000       0.000     287.581
      537.003       0.000       0.000       0.000       0.000       0.000
      537.003       0.000       0.126     181.237
      538.004      14.372      14.465    -121.721   20287.934     178.916    -785.607   1126537.9  22047932.0   20318.240     183.314
      538.004 0.000000000       0.000       0.000       0.000     0.00000     0.00000     0.00000     0.00000     0.00000       0.000
      538.004     183.314      -2.128    9999.990      -2.067       0.060       0.061       0.000       0.000       0.000
      538.004   20318.227       0.004      21.565  -20270.270   -1173.775     754.454      -0.081      -0.004       0.000
      538.004    1203.783   20318.238    -754.454       0.000       0.000       3.529
      538.004    8120.071    2300.898       0.000       0.000     287.581
      538.004       0.000       0.000       0.000       0.000       0.000
      538.004       0.000       0.126     181.237
      539.005      14.320      14.412    -121.724   20403.441     178.940    -800.093   1125745.9  22047172.0   20434.092     183.315
      539.005 0.000000000       0.000       0.000       0.000     0.00000     0.00000     0.00000     0.00000     0.00000       0.000
      539.005     183.315      -2.156    9999.990      -2.096       0.060       0.061       0.000       0.000      -0.000
      539.005   20434.080      -0.001      21.687  -20385.461   -1180.660     768.867      -0.081      -0.004       0.001
      539.005    1206.962   20434.092    -768.867       0.000       0.000       3.603
      539.005    8187.638    2272.543       0.000       0.000     287.581
      539.005       0.000       0.000       0.000       0.000       0.000
      539.005       0.000       0.126     181.237
      540.006      14.266      14.359    -121.727   20521.369     178.965    -814.511   1124937.9  22046396.0   20552.373     183.315
      540.006 0.000000000       0.000       0.000       0.000     0.00000     0.00000     0.00000     0.00000     0.00000       0.000
      540.006     183.315      -2.184    9999.990      -2.123       0.060       0.061       0.000       0.000       0.000
      540.006   20552.359       0.004      21.811  -20503.072   -1187.697     783.211      -0.080      -0.004       0.002
      540.006    1210.154   20552.371    -783.211       0.000       0.000       3.679
      540.006    8255.203    2243.954       0.000       0.000     287.581
      540.006       0.000       0.000       0.000       0.000       0.000
      540.006       0.000       0.126     181.237
      541.007      14.213      14.305    -121.729   20641.303     178.991    -828.841   1124115.9  22045604.0   20672.686     183.317
      541.007 0.000000000       0.000       0.000       0.000     0.00000     0.00000     0.00000     0.00000     0.00000       0.000
      541.007     183.317      -2.211    9999.990      -2.150       0.060       0.061       0.000       0.000       0.000
      541.007   20672.676       0.004      21.936  -20622.695   -1195.194     797.465      -0.080      -0.004       0.001
      541.007    1213.367   20672.688    -797.465       0.000       0.000       3.727
      541.007    8255.500    2215.259       0.000       0.000     287.581
      541.007       0.000       0.000       0.000       0.000       0.000
      541.007       0.000       0.126     181.237
      542.008      14.159      14.251    -121.732   20762.799     179.017    -843.062   1123279.8  22044800.0   20794.562     183.318
      542.008 0.000000000       0.000       0.000       0.000     0.00000     0.00000     0.00000     0.00000     0.00000       0.000
      542.008     183.318      -2.237    9999.990      -2.176       0.060       0.061       0.000       0.000       0.000
      542.008   20794.549       0.003      22.064  -20743.877   -1202.772     811.610      -0.079      -0.004       0.001
      542.008    1216.599   20794.561    -811.610       0.000       0.000       3.776
      542.008    8255.500    2186.564       0.000       0.000     287.581
      542.008       0.000       0.000       0.000       0.000       0.000
      542.008       0.000       0.126     181.237
      543.009      14.105      14.196    -121.735   20885.906     179.043    -857.170   1122429.8  22043982.0   20918.049     183.320
      543.009 0.000000000       0.000       0.000       0.000     0.00000     0.00000     0.00000     0.00000     0.00000       0.000
      543.009     183.320      -2.262    9999.990      -2.201       0.060       0.061       0.000       0.000       0.000
      543.009   20918.035       0.006      22.194  -20866.670   -1210.433     825.641      -0.079      -0.004       0.001
      543.009    1219.849   20918.047    -825.641       0.000       0.000       3.826
      543.009    8255.500    2157.869       0.000       0.000     287.581
      543.009       0.000       0.000       0.000       0.000       0.000
      543.009       0.000       0.126     181.237
      544.010      14.051      14.142    -121.737   21010.656     179.069    -871.162   1121565.8  22043150.0   21043.178     183.321
      544.010 0.000000000       0.000       0.000       0.000     0.00000     0.00000     0.00000     0.00000     0.00000       0.000
      544.010     183.321      -2.287    9999.990      -2.226       0.060       0.061       0.000       0.000       0.000
      544.010   21043.164       0.005      22.324  -20991.104   -1218.178     839.557      -0.079      -0.004       0.001
      544.010    1223.119   21043.176    -839.557       0.000       0.000       3.877
      544.010    8255.500    2129.173       0.000       0.000     287.581
      544.010       0.000       0.000       0.000       0.000       0.000
      544.010       0.000       0.126     181.237
      545.000      13.997      14.087    -121.740   21135.830     179.095    -884.898   1120696.8  22042312.0   21168.723     183.323
      545.000 0.000000000       0.000       0.000       0.000     0.00000     0.00000     0.00000     0.00000     0.00000       0.000
      545.000     183.323      -2.310    9999.990      -2.249       0.060       0.061       0.000       0.000       0.000
      545.000   21168.711       0.006      22.456  -21115.965   -1225.930     853.216      -0.078      -0.004       0.002
      545.000    1226.377   21168.723    -853.216       0.000       0.000       3.930
      545.000    8255.500    2100.765       0.000       0.000     287.581
      545.000       0.000       0.000       0.000       0.000       0.000
      545.000       0.000       0.126     181.237
      546.001      13.942      14.032    -121.743   21263.998     179.121    -898.651   1119805.5  22041452.0   21297.270     183.324
      546.001 0.000000000       0.000       0.000       0.000     0.00000     0.00000     0.00000     0.00000     0.00000       0.000
      546.001     183.324      -2.333    9999.990      -2.272       0.060       0.061       0.000       0.000       0.000
      546.001   21297.256       0.002      22.591  -21243.818   -1233.848     866.891      -0.078      -0.004       0.001
      546.001    1229.685   21297.268    -866.891       0.000       0.000       3.984
      546.001    8255.500    2072.070       0.000       0.000     287.581
      546.001       0.000       0.000       0.000       0.000       0.000
      546.001       0.000       0.126     181.237
      547.002      13.886      13.976    -121.746   21393.951     179.147    -912.279   1118900.4  22040578.0   21427.600     183.325
      547.002 0.000000000       0.000       0.000       0.000     0.00000     0.00000     0.00000     0.00000     0.00000       0.000
      547.002     183.325      -2.355    9999.990      -2.294       0.060       0.061       0.000       0.000       0.000
      547.002   21427.588       0.004      22.727  -21373.457   -1241.854     880.441      -0.077      -0.004       0.001
      547.002    1233.015   21427.600    -880.441       0.000       0.000       4.040
      547.002    8255.500    2043.368       0.000       0.000     287.581
      547.002       0.000       0.000       0.000       0.000       0.000
      547.002       0.000       0.126     181.237
      548.003      13.830      13.920    -121.748   21525.742     179.172    -925.778   1117981.9  22039692.0   21559.764     183.327
      548.003 0.000000000       0.000       0.000       0.000     0.00000     0.00000     0.00000     0.00000     0.00000       0.000
      548.003     183.327      -2.376    9999.990      -2.315       0.060       0.061       0.000       0.000       0.000
      548.003   21559.750       0.004      22.866  -21504.932   -1249.951     893.861      -0.077      -0.004       0.001
      548.003    1236.363   21559.762    -893.861       0.000       0.000       4.098
      548.003    8255.500    2014.661       0.000       0.000     287.581
      548.003       0.000       0.000       0.000       0.000       0.000
      548.003       0.000       0.126     181.237
      549.004      13.774      13.864    -121.751   21659.422     179.198    -939.145   1117049.2  22038792.0   21693.820     183.328
      549.004 0.000000000       0.000       0.000       0.000     0.00000     0.00000     0.00000     0.00000     0.00000       0.000
      549.004     183.328      -2.397    9999.990      -2.336       0.060       0.061       0.000       0.000       0.000
      549.004   21693.809       0.006      23.006  -21638.301   -1258.140     907.148      -0.076      -0.004       0.000
      549.004    1239.736   21693.822    -907.148       0.000       0.000       4.157
      549.004    8255.500    1985.953       0.000       0.000     287.581
      549.004       0.000       0.000       0.000       0.000       0.000
      549.004       0.000       0.126     181.237
      550.005      13.718      13.807    -121.754   21795.047     179.224    -952.376   1116103.2  22037878.0   21829.822     183.329
      550.005 0.000000000       0.000       0.000       0.000     0.00000     0.00000     0.00000     0.00000     0.00000       0.000
      550.005     183.329      -2.416    9999.990      -2.355       0.060       0.061       0.000       0.000       0.000
      550.005   21829.807       0.005      23.148  -21773.615   -1266.423     920.299      -0.076      -0.004       0.002
      550.005    1243.128   21829.818    -920.299       0.000       0.000       4.218
      550.005    8255.500    1957.245       0.000       0.000     287.581
      550.005       0.000       0.000       0.000       0.000       0.000
      550.005       0.000       0.126     181.237
      551.006      13.661      13.750    -121.757   21932.676     179.250    -965.467   1115144.2  22036950.0   21967.822     183.330
      551.006 0.000000000       0.000       0.000       0.000     0.00000     0.00000     0.00000     0.00000     0.00000       0.000
      551.006     183.330      -2.435    9999.990      -2.374       0.060       0.061       0.000       0.000       0.000
      551.006   21967.812       0.005      23.293  -21910.934   -1274.803     933.310      -0.075      -0.004       0.000
      551.006    1246.542   21967.826    -933.310       0.000       0.000       4.281
      551.006    8255.500    1928.538       0.000       0.000     287.581
      551.006       0.000       0.000       0.000       0.000       0.000
      551.006       0.000       0.126     181.237
      552.007      13.604      13.692    -121.760   22072.357     179.276    -978.415   1114172.4  22036010.0   22107.879     183.331
      552.007 0.000000000       0.000       0.000       0.000     0.00000     0.00000     0.00000     0.00000     0.00000       0.000
      552.007     183.331      -2.453    9999.990      -2.392       0.060       0.061       0.000       0.000       0.000
      552.007   22107.865       0.004      23.440  -22050.311   -1283.281     946.177      -0.075      -0.004       0.002
      552.007    1249.979   22107.877    -946.177       0.000       0.000       4.345
      552.007    8255.500    1899.830       0.000       0.000     287.581
      552.007       0.000       0.000       0.000       0.000       0.000
      552.007       0.000       0.126     181.237
      553.008      13.546      13.634    -121.764   22214.160     179.302    -991.215   1113187.6  22035058.0   22250.051     183.332
      553.008 0.000000000       0.000       0.000       0.000     0.00000     0.00000     0.00000     0.00000     0.00000       0.000
      553.008     183.332      -2.470    9999.990      -2.409       0.060       0.061       0.000       0.000       0.000
      553.008   22250.037       0.002      23.589  -22191.809   -1291.859     958.895      -0.074      -0.004       0.001
      553.008    1253.440   22250.049    -958.895       0.000       0.000       4.412
      553.008    8255.500    1871.123       0.000       0.000     287.581
      553.008       0.000       0.000       0.000       0.000       0.000
      553.008       0.000       0.126     181.237
      554.009      13.489      13.576    -121.769   22358.152     179.328   -1003.863   1112190.1  22034094.0   22394.414     183.332
      554.009 0.000000000       0.000       0.000       0.000     0.00000     0.00000     0.00000     0.00000     0.00000       0.000
      554.009     183.332      -2.486    9999.990      -2.426       0.060       0.061       0.000       0.000       0.000
      554.009   22394.402       0.003      23.740  -22335.502   -1300.539     971.461      -0.074      -0.004       0.001
      554.009    1256.923   22394.414    -971.461       0.000       0.000       4.481
      554.009    8255.500    1842.416       0.000       0.000     287.581
      554.009       0.000       0.000       0.000       0.000       0.000
      554.009       0.000       0.126     181.237
      555.000      13.431      13.518    -121.773   22502.922     179.354   -1016.231   1111190.2  22033126.0   22539.551     183.333
      555.000 0.000000000       0.000       0.000       0.000     0.00000     0.00000     0.00000     0.00000     0.00000       0.000
      555.000     183.333      -2.501    9999.990      -2.441       0.060       0.061       0.000       0.000       0.000
      555.000   22539.537       0.002      23.892  -22479.979   -1309.236     983.746      -0.073      -0.004       0.001
      555.000    1260.394   22539.549    -983.746       0.000       0.000       4.551
      555.000    8255.500    1813.995       0.000       0.000     287.581
      555.000       0.000       0.000       0.000       0.000       0.000
      555.000       0.000       0.126     181.237
      556.001      13.372      13.459    -121.777   22651.471     179.380   -1028.563   1110168.0  22032136.0   22688.467     183.334
      556.001 0.000000000       0.000       0.000       0.000     0.00000     0.00000     0.00000     0.00000     0.00000       0.000
      556.001     183.334      -2.516    9999.990      -2.455       0.060       0.061       0.000       0.000       0.000
      556.001   22688.453       0.004      24.048  -22628.236   -1318.127     995.995      -0.073      -0.004       0.000
      556.001    1263.923   22688.467    -995.995       0.000       0.000       4.624
      556.001    8255.500    1785.288       0.000       0.000     287.581
      556.001       0.000       0.000       0.000       0.000       0.000
      556.001       0.000       0.126     181.237
      557.002      13.313      13.400    -121.781   22802.414     179.406   -1040.731   1109133.5  22031134.0   22839.779     183.334
      557.002 0.000000000       0.000       0.000       0.000     0.00000     0.00000     0.00000     0.00000     0.00000       0.000
      557.002     183.334      -2.530    9999.990      -2.469       0.060       0.061       0.000       0.000       0.000
      557.002   22839.766       0.004      24.206  -22778.895   -1327.127    1008.078      -0.072      -0.004       0.001
      557.002    1267.475   22839.777   -1008.078       0.000       0.000       4.700
      557.002    8255.500    1756.580       0.000       0.000     287.581
      557.002       0.000       0.000       0.000       0.000       0.000
      557.002       0.000       0.126     181.237
      558.003      13.254      13.340    -121.785   22955.836     179.432   -1052.728   1108087.0  22030120.0   22993.570     183.335
      558.003 0.000000000       0.000       0.000       0.000     0.00000     0.00000     0.00000     0.00000     0.00000       0.000
      558.003     183.335      -2.542    9999.990      -2.482       0.060       0.061       0.000       0.000       0.000
      558.003   22993.555       0.002      24.367  -22932.037   -1336.239    1019.990      -0.072      -0.004       0.000
      558.003    1271.051   22993.568   -1019.990       0.000       0.000       4.778
      558.003    8255.500    1727.873       0.000       0.000     287.581
      558.003       0.000       0.000       0.000       0.000       0.000
      558.003       0.000       0.126     181.237
      559.004      13.194      13.280    -121.789   23111.820     179.458   -1064.550   1107028.8  22029094.0   23149.920     183.335
      559.004 0.000000000       0.000       0.000       0.000     0.00000     0.00000     0.00000     0.00000     0.00000       0.000
      559.004     183.335      -2.554    9999.990      -2.494       0.060       0.061       0.000       0.000       0.000
      559.004   23149.908       0.001      24.531  -23087.748   -1345.465    1031.727      -0.071      -0.004      -0.000
      559.004    1274.651   23149.922   -1031.727       0.000       0.000       4.859
      559.004    8255.500    1699.165       0.000       0.000     287.581
      559.004       0.000       0.000       0.000       0.000       0.000
      559.004       0.000       0.126     181.237
      560.005      13.134      13.219    -121.793   23270.451     179.484   -1076.192   1105958.4  22028056.0   23308.916     183.336
      560.005 0.000000000       0.000       0.000       0.000     0.00000     0.00000     0.00000     0.00000     0.00000       0.000
      560.005     183.335      -2.565    9999.990      -2.505       0.060       0.061       0.000       0.000      -0.000
      560.005   23308.900      -0.001      24.697  -23246.109   -1354.808    1043.282      -0.071      -0.004       0.001
      560.005    1278.276   23308.914   -1043.282       0.000       0.000       4.942
      560.005    8255.500    1670.458       0.000       0.000     287.581
      560.005       0.000       0.000       0.000       0.000       0.000
      560.005       0.000       0.126     181.237
      561.006      13.073      13.158    -121.797   23431.816     179.510   -1087.649   1104876.0  22027008.0   23470.645     183.336
      561.006 0.000000000       0.000       0.000       0.000     0.00000     0.00000     0.00000     0.00000     0.00000       0.000
      561.006     183.336      -2.575    9999.990      -2.515       0.060       0.061       0.000       0.000       0.000
      561.006   23470.629       0.000      24.867  -23407.213   -1364.272    1054.651      -0.070      -0.004      -0.000
      561.006    1281.926   23470.643   -1054.651       0.000       0.000       5.028
      561.006    8255.500    1641.750       0.000       0.000     287.581
      561.006       0.000       0.000       0.000       0.000       0.000
      561.006       0.000       0.126     181.237
      562.007      13.012      13.097    -121.801   23596.016     179.536   -1098.914   1103782.4  22025948.0   23635.207     183.336
      562.007 0.000000000       0.000       0.000       0.000     0.00000     0.00000     0.00000     0.00000     0.00000       0.000
      562.007     183.336      -2.585    9999.990      -2.524       0.060       0.061       0.000       0.000       0.000
      562.007   23635.191       0.003      25.039  -23571.158   -1373.858    1065.828      -0.070      -0.004       0.001
      562.007    1285.601   23635.205   -1065.828       0.000       0.000       5.118
      562.007    8255.500    1613.043       0.000       0.000     287.581
      562.007       0.000       0.000       0.000       0.000       0.000
      562.007       0.000       0.126     181.237
      563.008      12.950      13.035    -121.805   23763.150     179.563   -1109.981   1102677.6  22024876.0   23802.732     183.337
      563.008 0.000000000       0.000       0.000       0.000     0.00000     0.00000     0.00000     0.00000     0.00000       0.000
      563.008     183.337      -2.593    9999.990      -2.532       0.060       0.061       0.000       0.000       0.000
      563.008   23802.719       0.003      25.215  -23738.051   -1384.041    1076.805      -0.069      -0.004       0.001
      563.008    1289.306   23802.732   -1076.805       0.000       0.000       5.211
      563.008    8255.500    1584.335       0.000       0.000     287.581
      563.008       0.000       0.000       0.000       0.000       0.000
      563.008       0.000       0.126     181.237
      564.009      12.888      12.972    -121.810   23933.326     179.590   -1120.845   1101562.1  22023794.0   23973.303     183.338
      564.009 0.000000000       0.000       0.000       0.000     0.00000     0.00000     0.00000     0.00000     0.00000       0.000
      564.009     183.338      -2.600    9999.990      -2.539       0.060       0.061       0.000       0.000       0.000
      564.009   23973.289       0.007      25.393  -23907.988   -1394.456    1087.580      -0.069      -0.004       0.002
      564.009    1293.032   23973.303   -1087.580       0.000       0.000       5.307
      564.009    8255.500    1555.628       0.000       0.000     287.581
      564.009       0.000       0.000       0.000       0.000       0.000
      564.009       0.000       0.126     181.237
      565.000      12.827      12.910    -121.814   24104.906     179.617   -1131.395   1100447.5  22022712.0   24145.273     183.339
      565.000 0.000000000       0.000       0.000       0.000     0.00000     0.00000     0.00000     0.00000     0.00000       0.000
      565.000     183.339      -2.607    9999.990      -2.546       0.060       0.061       0.000       0.000       0.000
      565.000   24145.258       0.007      25.573  -24079.344   -1404.906    1098.039      -0.068      -0.004       0.001
      565.000    1296.750   24145.271   -1098.039       0.000       0.000       5.406
      565.000    8255.500    1527.207       0.000       0.000     287.581
      565.000       0.000       0.000       0.000       0.000       0.000
      565.000       0.000       0.126     181.237
      566.001      12.764      12.847    -121.818   24281.475     179.644   -1141.837   1099311.6  22021608.0   24322.242     183.340
      566.001 0.000000000       0.000       0.000       0.000     0.00000     0.00000     0.00000     0.00000     0.00000       0.000
      566.001     183.340      -2.612    9999.990      -2.551       0.060       0.061       0.000       0.000       0.000
      566.001   24322.225       0.006      25.759  -24255.697   -1415.605    1108.388      -0.068      -0.004       0.001
      566.001    1300.531   24322.238   -1108.388       0.000       0.000       5.509
      566.001    8255.500    1498.500       0.000       0.000     287.581
      566.001       0.000       0.000       0.000       0.000       0.000
      566.001       0.000       0.126     181.237
      567.002      12.700      12.783    -121.822   24461.441     179.672   -1152.056   1098165.6  22020496.0   24502.598     183.341
      567.002 0.000000000       0.000       0.000       0.000     0.00000     0.00000     0.00000     0.00000     0.00000       0.000
      567.002     183.341      -2.616    9999.990      -2.556       0.060       0.061       0.000       0.000       0.000
      567.002   24502.582       0.001      25.947  -24435.455   -1426.454    1118.513      -0.068      -0.004       0.001
      567.002    1304.342   24502.596   -1118.513       0.000       0.000       5.617
      567.002    8255.500    1469.792       0.000       0.000     287.581
      567.002       0.000       0.000       0.000       0.000       0.000
      567.002       0.000       0.126     181.237
      568.003      12.637      12.719    -121.826   24629.324     179.697   -1161.336   1097007.5  22019372.0   24670.840     183.342
      568.003 0.000000000       0.000       0.000       0.000     0.00000     0.00000     0.00000     0.00000     0.00000       0.000
      568.003     183.342      -2.620    9999.990      -2.559       0.060       0.061       0.000       0.000       0.000
      568.003   24670.822       0.003      26.124  -24603.148   -1436.522    1127.720      -0.067      -0.004       0.001
      568.003    1308.179   24670.836   -1127.720       0.000       0.000       4.749
      568.003    6855.772    1443.527       0.000       0.000     287.581
      568.003       0.000       0.000       0.000       0.000       0.000
      568.003       0.000       0.126     181.237
      569.004      12.572      12.654    -121.830   24770.307     179.717   -1169.041   1095841.9  22018240.0   24812.115     183.342
      569.004 0.000000000       0.000       0.000       0.000     0.00000     0.00000     0.00000     0.00000     0.00000       0.000
      569.004     183.342      -2.623    9999.990      -2.562       0.060       0.061       0.000       0.000       0.000
      569.004   24812.100       0.002      26.272  -24743.971   -1444.968    1135.391      -0.067      -0.004       0.000
      569.004    1312.041   24812.113   -1135.391       0.000       0.000       4.130
      569.004    5872.929    1421.868       0.000       0.000     287.581
      569.004       0.000       0.000       0.000       0.000       0.000
      569.004       0.000       0.126     181.237
      570.005      12.508      12.589    -121.834   24901.521     179.736   -1175.995   1094670.6  22017102.0   24943.609     183.343
      570.005 0.000000000       0.000       0.000       0.000     0.00000     0.00000     0.00000     0.00000     0.00000       0.000
      570.005     183.343      -2.625    9999.990      -2.564       0.060       0.061       0.000       0.000       0.000
      570.005   24943.594       0.006      26.410  -24875.043   -1452.936    1142.328      -0.066      -0.004       0.002
      570.005    1315.926   24943.607   -1142.328       0.000       0.000       3.959
      570.005    5550.034    1402.013       0.000       0.000     287.581
      570.005       0.000       0.000       0.000       0.000       0.000
      570.005       0.000       0.126     181.237
      571.006      12.443      12.524    -121.838   25027.086     179.754   -1182.403   1093489.8  22015956.0   25069.436     183.343
      571.006 0.000000000       0.000       0.000       0.000     0.00000     0.00000     0.00000     0.00000     0.00000       0.000
      571.006     183.343      -2.626    9999.990      -2.566       0.060       0.061       0.000       0.000       0.000
      571.006   25069.420       0.006      26.542  -25000.482   -1460.454    1148.728      -0.066      -0.004       0.001
      571.006    1319.829   25069.434   -1148.728       0.000       0.000       3.779
      571.006    5227.139    1383.281       0.000       0.000     287.581
      571.006       0.000       0.000       0.000       0.000       0.000
      571.006       0.000       0.126     181.237
      572.007      12.378      12.459    -121.842   25146.744     179.771   -1188.260   1092306.1  22014806.0   25189.338     183.344
      572.007 0.000000000       0.000       0.000       0.000     0.00000     0.00000     0.00000     0.00000     0.00000       0.000
      572.007     183.344      -2.627    9999.990      -2.566       0.060       0.061       0.000       0.000       0.000
      572.007   25189.324       0.001      26.668  -25120.023   -1467.679    1154.589      -0.066      -0.004       0.001
      572.007    1323.752   25189.338   -1154.589       0.000       0.000       3.591
      572.007    4904.244    1365.672       0.000       0.000     287.581
      572.007       0.000       0.000       0.000       0.000       0.000
      572.007       0.000       0.126     181.237
      573.008      12.312      12.393    -121.846   25260.268     179.787   -1193.568   1091113.8  22013646.0   25303.098     183.344
      573.008 0.000000000       0.000       0.000       0.000     0.00000     0.00000     0.00000     0.00000     0.00000       0.000
      573.008     183.344      -2.627    9999.990      -2.567       0.060       0.061       0.000       0.000       0.000
      573.008   25303.082       0.004      26.786  -25233.449   -1474.593    1159.911      -0.066      -0.004       0.001
      573.008    1327.694   25303.096   -1159.911       0.000       0.000       3.396
      573.008    4581.349    1349.186       0.000       0.000     287.581
      573.008       0.000       0.000       0.000       0.000       0.000
      573.008       0.000       0.126     181.237
      574.009      12.246      12.326    -121.850   25367.396     179.802   -1198.327   1089917.6  22012484.0   25410.451     183.345
      574.009 0.000000000       0.000       0.000       0.000     0.00000     0.00000     0.00000     0.00000     0.00000       0.000
      574.009     183.345      -2.627    9999.990      -2.566       0.060       0.061       0.000       0.000       0.000
      574.009   25410.436       0.003      26.899  -25340.494   -1481.150    1164.694      -0.065      -0.004       0.001
      574.009    1331.652   25410.449   -1164.694       0.000       0.000       3.193
      574.009    4258.454    1333.822       0.000       0.000     287.581
      574.009       0.000       0.000       0.000       0.000       0.000
      574.009       0.000       0.126     181.237
      575.010      12.180      12.260    -121.855   25467.232     179.816   -1202.509   1088721.0  22011320.0   25510.484     183.346
      575.010 0.000000000       0.000       0.000       0.000     0.00000     0.00000     0.00000     0.00000     0.00000       0.000
      575.010     183.345      -2.626    9999.990      -2.566       0.060       0.061       0.000       0.000       0.000
      575.010   25510.469       0.001      27.004  -25440.260   -1487.144    1168.912      -0.065      -0.004      -0.000
      575.010    1335.628   25510.482   -1168.912       0.000       0.000       2.789
      575.010    3680.371    1319.674       0.000       0.000     287.581
      575.010       0.000       0.000       0.000       0.000       0.000
      575.010       0.000       0.126     181.237
      576.001      12.115      12.194    -121.859   25538.207     179.825   -1205.159   1087524.5  22010158.0   25581.605     183.346
      576.001 0.000000000       0.000       0.000       0.000     0.00000     0.00000     0.00000     0.00000     0.00000       0.000
      576.001     183.346      -2.625    9999.990      -2.564       0.060       0.061       0.000       0.000      -0.000
      576.001   25581.592      -0.001      27.079  -25511.197   -1491.532    1171.638      -0.065      -0.004       0.001
      576.001    1339.576   25581.605   -1171.638       0.000       0.000       1.599
      576.001    2094.824    1309.761       0.000       0.000     287.581
      576.001       0.000       0.000       0.000       0.000       0.000
      576.001       0.000       0.126     181.237
      577.002      12.048      12.127    -121.863   25571.150     179.830   -1205.926   1086316.1  22008982.0   25614.627     183.347
      577.002 0.000000000       0.000       0.000       0.000     0.00000     0.00000     0.00000     0.00000     0.00000       0.000
      577.002     183.347      -2.624    9999.990      -2.563       0.060       0.061       0.000       0.000       0.000
      577.002   25614.611       0.001      27.114  -25544.141   -1493.699    1172.533      -0.065      -0.004       0.000
      577.002    1343.574   25614.625   -1172.533       0.000       0.000       0.378
      577.002     493.262    1305.289       0.000       0.000     287.581
      577.002       0.000       0.000       0.000       0.000       0.000
      577.002       0.000       0.126     181.237

ACTUAL STAGE BURN TERMINATION TIME:      577.292 SEC

THE INERTIAL VELOCITY IS:     25573.35 FT/SEC

      578.003      11.982      12.060    -121.867   25574.295     179.830   -1205.284   1085107.8  22007808.0   25617.789     183.347
      578.003 0.000000000       0.000       0.000       0.000     0.00000     0.00000     0.00000     0.00000     0.00000       0.000
      578.003     183.347      -2.622    9999.990      -2.562       0.060       0.061       0.000       0.000      -0.000
      578.003   25617.771      -0.000      27.117  -25547.311   -1494.103    1172.059      -0.065      -0.004       0.001
      578.003    1347.576   25617.785   -1172.059       0.000       0.000       0.000
      578.003       0.000    1305.034       0.000       0.000       0.000
      578.003       0.000       0.000       0.000       0.000       0.000
      578.003       0.000       0.126     181.237
