                          Hypersonic Glider - Space Shuttle                                               



NUMBER OF STAGES:   1

UNITS:   ENGLISH UNITS

AERO DATA:   CN, CA, AND CENTER OF PRESSURE (CP)



FOR LIQUID ROCKET ENGINE OR SOLID ROCKET MOTOR POWERED STAGES AERODYNAMIC DATA IS POWER-ON AERODYNAMIC DATA.
POWER-OFF DELTA-CA INCREMENT IS THEN ADDED FOR COASTING PHASE OF STAGE.

IF STAGE IS UNPOWERED, THEN AERO DATA IS POWER-OFF AERO DATA.  DELTA-CA INCREMENT FOR POWER-OFF IS SET TO ZERO.



ANGLE OF ATTACK TABLE FOR STAGE:   1
      20.00000     30.00000     38.00000     40.00000     42.00000     45.00000     50.00000

MACH TABLE FOR STAGE:   1
       7.70000     12.40000     20.30000     30.00000

NORMAL FORCE COEF DATA FOR STAGE:   1
       0.44000      0.79500      1.10000      1.20000      1.30000      1.40000      1.40000
       0.42500      0.80000      1.12000      1.19000      1.27000      1.40000      1.40000
       0.42000      0.80000      1.12000      1.20000      1.27500      1.40000      1.40000
       0.42000      0.80000      1.12000      1.20000      1.27500      1.40000      1.40000

AXIAL FORCE COEF DATA FOR STAGE:   1
       0.06850      0.07200      0.07000      0.06900      0.06800      0.06550      0.06550
       0.06000      0.07000      0.06850      0.06900      0.07000      0.07000      0.07000
       0.06000      0.07000      0.06850      0.06900      0.07000      0.07000      0.07000
       0.06000      0.07000      0.06850      0.06900      0.07000      0.07000      0.07000

CENTER OF PRESSURE DATA (IN) FOR STAGE:   1
       0.00000      0.00000      0.00000      0.00000      0.00000      0.00000      0.00000
       0.00000      0.00000      0.00000      0.00000      0.00000      0.00000      0.00000
       0.00000      0.00000      0.00000      0.00000      0.00000      0.00000      0.00000
       0.00000      0.00000      0.00000      0.00000      0.00000      0.00000      0.00000

MACH TABLE FOR POWER-OFF DELTA AXIAL FORCE COEF DATA FOR STAGE:   1
       7.70000     12.40000     20.30000     30.00000

POWER-OFF DELTA AXIAL FORCE COEF DATA FOR STAGE:   1
       0.00000      0.00000      0.00000      0.00000

POSITIVE POWER-OFF DELTA AXIAL FORCE COEF MEANS POWER-OFF CA HIGHER THAN POWER-ON CA.

WEIGHT TABLE IN LBS FOR X-CG AND PITCH INERTIA FOR STAGE:   1
         0.000        0.000

X-CG DATA IN INCHES FOR STAGE:   1
         0.000        0.000

PITCH INERTIA DATA IN SLUG-FT^2 FOR STAGE:   1
         0.000        0.000

THRUST VECTOR SYSTEM (TVS) DATA FOR THRUST VECTOR ANGLE (TVA) FOR STAGE:   1
     
      TVS-X-STA    TVS-%THRUST   MAX-TVA
        (IN)         (N.D.)       (DEG)
         0.000        0.000        0.000


REFERENCE DATA FOR STAGE:   1

     START-TIME    REF-AREA    INITIAL-WT   BURNOUT-WT  THRUST-LOGIC
       (SEC)        (SQFT)       (LBS)        (LBS)       (N.D.)
        0.0000    2690.0000  208790.0000  208790.0000       0



ANGLE OF ATTACK AND BANK ANGLE (ROLL ANGLE) COMMAND TIME HISTORIES:

TIME (SEC):

       0.00000    329.00000    343.00000    449.00000    452.00000    499.00000    502.00000    599.00000    603.00000    879.00000
     899.00000    902.00000    910.00000    916.00000    940.00000    945.00000    980.00000    994.00000   1075.00000

ANGLE OF ATTACK (DEG):

      40.00000     40.00000     40.00000     40.00000     40.00000     40.00000     40.00000     40.00000     40.00000     40.00000
      40.00000     43.00000     43.00000     42.00000     42.00000     40.00000     40.00000     40.00000     40.00000

BANK ANGLE (ROLL ANGLE) (DEG):

       0.00000      0.00000     80.00000     80.00000     75.00000     75.00000     70.00000     70.00000     65.00000     65.00000
     -71.00000    -85.00000    -85.00000    -60.00000    -60.00000    -70.00000    -70.00000    -65.00000    -65.00000



LIST OF PARAMETERS TO BE WRITTEN TO EXCEL .CSV FILE ARE:

   1  ELAPSE TIME          10  BANK (ROLL) ANGLE      17  DRAG COEFFICIENT      24  GROSS WEIGHT           31  LONGITUDE
   2  RELATIVE VELOCITY    11  RELATIVE HEADING       18  NORMAL FORCE COEF     25  CENTER OF GRAVITY      32  RANGE
   3  INERTIAL VELOCITY    12  NORMAL ACCELERATION    19  AXIAL FORCE COEF      26  PITCH INERTIA          33  PITCH RATE
   4  MACH NUMBER          13  LONG ACCELERATION      20  CENTER OF PRESSURE    27  THRUST VECTOR ANGLE    34  ROLL RATE
   5  ALTITUDE             14  QBAR x ALPHA           21  LIFT-TO-DRAG RATIO    28  THRUST VECTOR FLAG     35  STAGNATION TEMP
   6  DYNAMIC PRESSURE     15  ALTITUDE RATE          22  THRUST                29  TIME-TO-DOUBLE AMPL    36  STAG TOTAL HEAT LOAD
   7  FLIGHTPATH ANGLE     16  LIFT COEFFICIENT       23  ISP                   30  GEODETIC LATITUDE      37  LOSS OF SIGNAL FLAG
   8  PITCH ANGLE
   9  ANGLE OF ATTACK



        FRAME-TIME   RUN-TIME   PRINT-TIME  VERTICAL-LAUNCH
          (SEC)       (SEC)       (SEC)       (N.D.)
           0.100    1075.000       1.000        0



        CONVENTIONAL FLIGHT MODE.
        3-DOF ROTATING OBLATE EARTH EQUATIONS OF MOTION.
        IF BANK ANGLE (ROLL ANGLE) IS PRESENT, ALL TURNS COORDINATED SO THAT YAW ANGLE IS ZERO.


        TIME    GEOC-LAT   GEOD-LAT    LONG        INERTL-VEL  INERTL-HDG   GEOD-HDOT   ALTITUDE     RADIUS       REL-VEL    REL-HDG
         (SEC)   (DEG)      (DEG)       (DEG)       (FPS)       (DEG)        (FPS)       (FEET)       (FEET)       (FPS)      (DEG)
        TIME    DENSITY    QBAR        TEMP        MACH        CL           CD          CN           CA           CP         L/D
         (SEC)  (SLUG/CUFT) (PSF)       (DEG-K)     (N.D.)      (N.D.)       (N.D.)      (N.D.)       (N.D.)       (INCHES)   (N.D.)
        TIME    EULER-HDG  GEOC-GAMMA  THETA-CMD   EULER-PITCH ALPHA-CMD    ALPHA       BANK-CMD     EULER-ROLL   SIDESLIP
         (SEC)   (DEG)      (DEG)       (DEG)       (DEG)       (DEG)        (DEG)       (DEG)        (DEG)        (DEG)
        TIME    XBODY-VEL  YBODY-VEL   ZBODY-VEL   NORTH-VEL   EAST-VEL     VERT-VEL    PITCH-RATE   ROLL-RATE    YAW-RATE
         (SEC)   (FPS)      (FPS)       (FPS)       (FPS)       (FPS)        (FPS)       (DEG/SEC)    (DEG/SEC)    (DEG/SEC)
        TIME    RANGE      TRUE-AIRSPD GEOC-HDOT   QBARxALPHA  NORMAL-ACCEL LONG-ACCEL
         (SEC)   (NM)       (FPS)       (FPS)       (PSF-DEG)   (G)          (G)
        TIME    THRUST     WEIGHT      CHAM-PRESS  PE/PC-RATIO ISP
         (SEC)   (LBS)      (LBS)       (PSI)       (N.D.)      (SEC)
        TIME    TVA        CG          IYY         T2          TM-LOS
         (SEC)   (DEG)      (IN)        (SLUG-FT^2) (SEC)       (N.D.)
        TIME    STAG-TEMP  STAG-HTRATE TOTAL-HEAT
         (SEC)   (DEG-F) (BTU/SQFT-SEC) (BTU/SQFT)
        0.000      24.942      25.090     173.148   25669.354      60.348    -480.080    400000.0  21313212.0   24454.859      58.714
        0.000 0.000000000       0.010     382.186      27.200     0.87490     0.82420     1.20000     0.06900     0.00000       1.062
        0.000      58.714      -1.200      38.800      38.800      40.000      40.000       0.000       0.000       0.000
        0.000   18733.510       0.000   15719.279   12696.728   20894.281     512.143       0.000       0.000       0.000
        0.000       0.000   24454.859    -512.143       0.415       0.000      -0.000
        0.000       0.000  208790.000       0.000       0.000       0.000
        0.000       0.000       0.000       0.000       0.000       1.000
        0.000       0.000       1.000       0.000
        1.000      24.976      25.124     173.210   25669.959      60.376    -480.177    399519.9  21312698.0   24455.471      58.744
        1.000 0.000000000       0.011     380.495      27.201     0.87500     0.82448     1.20026     0.06900     0.00000       1.061
        1.000      58.744      -1.200    9999.990      38.807      40.000      40.007       0.000      -0.000       0.000
        1.000   18732.080       0.084   15721.932   12686.131   20901.430     512.246      -0.069       0.000       0.003
        1.000       3.941   24455.469    -512.246       0.422       0.000      -0.000
        1.000       0.000  208790.000       0.000       0.000       0.000
        1.000       0.000       0.000       0.000       0.000       1.000
        1.000       0.000       1.000       0.000
        2.000      25.011      25.158     173.272   25670.562      60.404    -480.274    399039.8  21312186.0   24456.078      58.774
        2.000 0.000000000       0.011     378.804      27.202     0.87500     0.82448     1.20026     0.06900     0.00000       1.061
        2.000      58.774      -1.200    9999.990      38.807      40.000      40.007       0.000      -0.000       0.000
        2.000   18732.545       0.084   15722.325   12675.512   20908.578     512.348      -0.069       0.000       0.003
        2.000       7.701   24456.078    -512.348       0.429       0.000      -0.000
        2.000       0.000  208790.000       0.000       0.000       0.000
        2.000       0.000       0.000       0.000       0.000       1.000
        2.000       0.000       1.000       0.000
        3.100      25.048      25.196     173.340   25671.227      60.435    -480.380    398511.3  21311622.0   24456.748      58.807
        3.100 0.000000000       0.011     376.942      27.202     0.87500     0.82448     1.20026     0.06900     0.00000       1.061
        3.100      58.807      -1.201    9999.990      38.806      40.000      40.007       0.000      -0.000       0.000
        3.100   18733.057       0.082   15722.757   12663.804   20916.453     512.460      -0.069       0.000       0.003
        3.100      12.235   24456.748    -512.460       0.436       0.000      -0.000
        3.100       0.000  208790.000       0.000       0.000       0.000
        3.100       0.000       0.000       0.000       0.000       1.000
        3.100       0.000       1.000       0.000
        4.100      25.082      25.230     173.402   25671.828      60.463    -480.475    398030.9  21311110.0   24457.355      58.837
        4.100 0.000000000       0.011     375.250      27.203     0.87500     0.82448     1.20026     0.06900     0.00000       1.061
        4.100      58.837      -1.201    9999.990      38.806      40.000      40.007       0.000      -0.000       0.000
        4.100   18733.521       0.083   15723.146   12653.133   20923.617     512.560      -0.069       0.000       0.003
        4.100      16.294   24457.354    -512.560       0.443       0.000      -0.000
        4.100       0.000  208790.000       0.000       0.000       0.000
        4.100       0.000       0.000       0.000       0.000       1.000
        4.100       0.000       1.000       0.000
        5.100      25.116      25.264     173.464   25672.434      60.492    -480.569    397550.5  21310598.0   24457.969      58.868
        5.100 0.000000000       0.011     373.558      27.204     0.87500     0.82448     1.20026     0.06900     0.00000       1.061
        5.100      58.867      -1.201    9999.990      38.806      40.000      40.007       0.000      -0.000       0.000
        5.100   18733.992       0.084   15723.540   12642.437   20930.795     512.660      -0.069       0.000       0.003
        5.100      20.132   24457.969    -512.660       0.451       0.000      -0.000
        5.100       0.000  208790.000       0.000       0.000       0.000
        5.100       0.000       0.000       0.000       0.000       1.000
        5.100       0.000       1.000       0.000
        6.100      25.150      25.298     173.527   25673.035      60.520    -480.663    397069.8  21310086.0   24458.570      58.898
        6.100 0.000000000       0.011     371.865      27.204     0.87500     0.82448     1.20026     0.06900     0.00000       1.061
        6.100      58.898      -1.201    9999.990      38.806      40.000      40.007       0.000      -0.000       0.000
        6.100   18734.455       0.083   15723.929   12631.717   20937.969     512.759      -0.069       0.000       0.003
        6.100      24.033   24458.572    -512.759       0.458       0.000      -0.000
        6.100       0.000  208790.000       0.000       0.000       0.000
        6.100       0.000       0.000       0.000       0.000       1.000
        6.100       0.000       1.000       0.000
        7.100      25.184      25.332     173.589   25673.643      60.548    -480.756    396589.1  21309572.0   24459.186      58.928
        7.100 0.000000000       0.012     370.172      27.205     0.87500     0.82448     1.20026     0.06900     0.00000       1.061
        7.100      58.928      -1.201    9999.990      38.805      40.000      40.007       0.000      -0.000       0.000
        7.100   18734.924       0.084   15724.322   12620.978   20945.158     512.857      -0.069       0.000       0.003
        7.100      28.046   24459.184    -512.857       0.467       0.000      -0.000
        7.100       0.000  208790.000       0.000       0.000       0.000
        7.100       0.000       0.000       0.000       0.000       1.000
        7.100       0.000       1.000       0.000
        8.100      25.218      25.367     173.651   25674.244      60.577    -480.849    396108.3  21309060.0   24459.791      58.958
        8.100 0.000000000       0.012     368.479      27.206     0.87500     0.82448     1.20026     0.06900     0.00000       1.061
        8.100      58.958      -1.202    9999.990      38.805      40.000      40.007       0.000      -0.000       0.000
        8.100   18735.389       0.081   15724.715   12610.213   20952.348     512.955      -0.069       0.000       0.003
        8.100      31.976   24459.793    -512.955       0.475       0.000      -0.000
        8.100       0.000  208790.000       0.000       0.000       0.000
        8.100       0.000       0.000       0.000       0.000       1.000
        8.100       0.000       1.000       0.000
        9.100      25.252      25.401     173.713   25674.852      60.605    -480.941    395627.4  21308546.0   24460.406      58.989
        9.100 0.000000000       0.012     366.785      27.206     0.87500     0.82448     1.20026     0.06900     0.00000       1.061
        9.100      58.988      -1.202    9999.990      38.805      40.000      40.007       0.000      -0.000       0.000
        9.100   18735.859       0.082   15725.105   12599.421   20959.553     513.051      -0.069       0.000       0.003
        9.100      35.927   24460.404    -513.051       0.483       0.000      -0.000
        9.100       0.000  208790.000       0.000       0.000       0.000
        9.100       0.000       0.000       0.000       0.000       1.000
        9.100       0.000       1.000       0.000
       10.000      25.282      25.431     173.769   25675.395      60.631    -481.023    395194.5  21308084.0   24460.953      59.016
       10.000 0.000000000       0.012     365.261      27.207     0.87500     0.82448     1.20026     0.06900     0.00000       1.061
       10.000      59.016      -1.202    9999.990      38.805      40.000      40.007       0.000      -0.000       0.000
       10.000   18736.277       0.085   15725.459   12589.684   20966.039     513.137      -0.069       0.000       0.003
       10.000      39.503   24460.951    -513.137       0.491       0.000      -0.000
       10.000       0.000  208790.000       0.000       0.000       0.000
       10.000       0.000       0.000       0.000       0.000       1.000
       10.000       0.000       1.000       0.000
       11.000      25.316      25.465     173.832   25676.000      60.659    -481.114    394713.5  21307572.0   24461.564      59.047
       11.000 0.000000000       0.012     363.567      27.208     0.87500     0.82448     1.20026     0.06900     0.00000       1.061
       11.000      59.046      -1.202    9999.990      38.805      40.000      40.007       0.000      -0.000       0.000
       11.000   18736.746       0.086   15725.852   12578.847   20973.252     513.232      -0.069       0.000       0.003
       11.000      43.420   24461.562    -513.232       0.500       0.000      -0.000
       11.000       0.000  208790.000       0.000       0.000       0.000
       11.000       0.000       0.000       0.000       0.000       1.000
       11.000       0.000       1.000       0.000
       12.000      25.350      25.499     173.894   25676.602      60.688    -481.204    394232.3  21307058.0   24462.174      59.077
       12.000 0.000000000       0.013     361.872      27.208     0.87500     0.82448     1.20026     0.06900     0.00000       1.061
       12.000      59.077      -1.202    9999.990      38.805      40.000      40.007       0.000      -0.000       0.000
       12.000   18737.211       0.089   15726.245   12567.986   20980.471     513.326      -0.069       0.000       0.003
       12.000      47.356   24462.172    -513.326       0.509       0.000      -0.000
       12.000       0.000  208790.000       0.000       0.000       0.000
       12.000       0.000       0.000       0.000       0.000       1.000
       12.000       0.000       1.000       0.000
       13.000      25.384      25.533     173.957   25677.209      60.716    -481.293    393751.0  21306544.0   24462.785      59.108
       13.000 0.000000000       0.013     360.177      27.209     0.87500     0.82448     1.20026     0.06900     0.00000       1.061
       13.000      59.107      -1.203    9999.990      38.804      40.000      40.007       0.000      -0.000       0.000
       13.000   18737.682       0.085   15726.639   12557.101   20987.699     513.419      -0.069       0.000       0.003
       13.000      51.348   24462.785    -513.419       0.518       0.000      -0.000
       13.000       0.000  208790.000       0.000       0.000       0.000
       13.000       0.000       0.000       0.000       0.000       1.000
       13.000       0.000       1.000       0.000
       14.000      25.417      25.567     174.019   25677.811      60.745    -481.382    393269.7  21306032.0   24463.393      59.138
       14.000 0.000000000       0.013     358.423      27.210     0.87500     0.82448     1.20026     0.06900     0.00000       1.061
       14.000      59.138      -1.203    9999.990      38.804      40.000      40.007       0.000      -0.000       0.000
       14.000   18738.146       0.084   15727.027   12546.187   20994.930     513.511      -0.069       0.000       0.003
       14.000      55.307   24463.393    -513.511       0.527       0.000      -0.000
       14.000       0.000  208790.000       0.000       0.000       0.000
       14.000       0.000       0.000       0.000       0.000       1.000
       14.000       0.000       1.000       0.000
       15.000      25.451      25.601     174.082   25678.418      60.774    -481.470    392788.4  21305518.0   24464.006      59.169
       15.000 0.000000000       0.013     356.663      27.210     0.87500     0.82448     1.20026     0.06900     0.00000       1.061
       15.000      59.169      -1.203    9999.990      38.804      40.000      40.007       0.000      -0.000       0.000
       15.000   18738.615       0.084   15727.422   12535.252   21002.172     513.603      -0.069       0.000       0.003
       15.000      59.264   24464.004    -513.603       0.537       0.000      -0.000
       15.000       0.000  208790.000       0.000       0.000       0.000
       15.000       0.000       0.000       0.000       0.000       1.000
       15.000       0.000       1.000       0.000
       16.000      25.485      25.635     174.144   25679.025      60.802    -481.557    392306.8  21305004.0   24464.619      59.200
       16.000 0.000000000       0.014     354.901      27.211     0.87500     0.82448     1.20026     0.06900     0.00000       1.061
       16.000      59.199      -1.203    9999.990      38.804      40.000      40.007       0.000      -0.000       0.000
       16.000   18739.084       0.085   15727.817   12524.297   21009.418     513.693      -0.069       0.000       0.003
       16.000      63.175   24464.617    -513.693       0.546       0.000      -0.000
       16.000       0.000  208790.000       0.000       0.000       0.000
       16.000       0.000       0.000       0.000       0.000       1.000
       16.000       0.000       1.000       0.000
       17.000      25.519      25.668     174.207   25679.631      60.831    -481.644    391825.2  21304490.0   24465.230      59.230
       17.000 0.000000000       0.014     353.140      27.212     0.87500     0.82448     1.20026     0.06900     0.00000       1.061
       17.000      59.230      -1.203    9999.990      38.804      40.000      40.007       0.000      -0.000       0.000
       17.000   18739.551       0.081   15728.209   12513.314   21016.670     513.783      -0.069       0.000       0.003
       17.000      67.131   24465.227    -513.783       0.556       0.000      -0.000
       17.000       0.000  208790.000       0.000       0.000       0.000
       17.000       0.000       0.000       0.000       0.000       1.000
       17.000       0.000       1.000       0.000
       18.000      25.552      25.702     174.270   25680.225      60.860    -481.730    391343.6  21303976.0   24465.828      59.261
       18.000 0.000000000       0.014     351.378      27.212     0.87500     0.82448     1.20026     0.06900     0.00000       1.061
       18.000      59.261      -1.204    9999.990      38.803      40.000      40.007       0.000      -0.000       0.000
       18.000   18740.010       0.082   15728.595   12502.300   21023.918     513.872      -0.069       0.000       0.003
       18.000      71.095   24465.826    -513.872       0.566       0.000      -0.000
       18.000       0.000  208790.000       0.000       0.000       0.000
       18.000       0.000       0.000       0.000       0.000       1.000
       18.000       0.000       1.000       0.000
       19.000      25.586      25.736     174.332   25680.814      60.889    -481.815    390861.8  21303462.0   24466.424      59.292
       19.000 0.000000000       0.014     349.616      27.213     0.87500     0.82448     1.20026     0.06900     0.00000       1.061
       19.000      59.292      -1.204    9999.990      38.803      40.000      40.007       0.000      -0.000       0.000
       19.000   18740.471       0.086   15728.978   12491.260   21031.172     513.960      -0.069       0.000       0.003
       19.000      75.057   24466.426    -513.960       0.577       0.000      -0.000
       19.000       0.000  208790.000       0.000       0.000       0.000
       19.000       0.000       0.000       0.000       0.000       1.000
       19.000       0.000       1.000       0.000
       20.000      25.619      25.770     174.395   25681.406      60.918    -481.900    390379.9  21302948.0   24467.021      59.323
       20.000 0.000000000       0.015     347.853      27.214     0.87500     0.82448     1.20026     0.06900     0.00000       1.061
       20.000      59.323      -1.204    9999.990      38.803      40.000      40.007       0.000      -0.000       0.000
       20.000   18740.926       0.089   15729.358   12480.198   21038.430     514.047      -0.069       0.000       0.003
       20.000      79.008   24467.020    -514.047       0.587       0.000      -0.000
       20.000       0.000  208790.000       0.000       0.000       0.000
       20.000       0.000       0.000       0.000       0.000       1.000
       20.000       0.000       1.000       0.000
       21.000      25.653      25.803     174.458   25681.996      60.947    -481.984    389898.0  21302434.0   24467.617      59.354
       21.000 0.000000000       0.015     346.091      27.214     0.87500     0.82448     1.20026     0.06900     0.00000       1.061
       21.000      59.354      -1.204    9999.990      38.803      40.000      40.007       0.000      -0.000       0.000
       21.000   18741.383       0.087   15729.746   12469.112   21045.693     514.133      -0.069       0.000       0.003
       21.000      82.958   24467.617    -514.133       0.597       0.000      -0.000
       21.000       0.000  208790.000       0.000       0.000       0.000
       21.000       0.000       0.000       0.000       0.000       1.000
       21.000       0.000       1.000       0.000
       22.000      25.686      25.837     174.521   25682.588      60.976    -482.068    389416.1  21301920.0   24468.215      59.385
       22.000 0.000000000       0.015     344.328      27.215     0.87500     0.82448     1.20026     0.06900     0.00000       1.061
       22.000      59.385      -1.204    9999.990      38.803      40.000      40.007       0.000      -0.000       0.000
       22.000   18741.836       0.084   15730.128   12457.998   21052.965     514.219      -0.069       0.000       0.003
       22.000      86.916   24468.211    -514.219       0.608       0.000      -0.000
       22.000       0.000  208790.000       0.000       0.000       0.000
       22.000       0.000       0.000       0.000       0.000       1.000
       22.000       0.000       1.000       0.000
       23.000      25.720      25.871     174.583   25683.176      61.005    -482.151    388933.8  21301406.0   24468.807      59.416
       23.000 0.000000000       0.015     342.564      27.216     0.87500     0.82448     1.20026     0.06900     0.00000       1.061
       23.000      59.416      -1.204    9999.990      38.803      40.000      40.007       0.000      -0.000       0.000
       23.000   18742.291       0.085   15730.508   12446.856   21060.240     514.303      -0.069       0.000       0.003
       23.000      90.856   24468.805    -514.303       0.619       0.000      -0.000
       23.000       0.000  208790.000       0.000       0.000       0.000
       23.000       0.000       0.000       0.000       0.000       1.000
       23.000       0.000       1.000       0.000
       24.000      25.753      25.904     174.646   25683.768      61.035    -482.233    388451.6  21300892.0   24469.402      59.448
       24.000 0.000000000       0.016     340.801      27.216     0.87500     0.82448     1.20026     0.06900     0.00000       1.061
       24.000      59.447      -1.205    9999.990      38.802      40.000      40.007       0.000      -0.000       0.000
       24.000   18742.748       0.084   15730.892   12435.694   21067.523     514.387      -0.069       0.000       0.003
       24.000      94.812   24469.400    -514.387       0.630       0.000      -0.000
       24.000       0.000  208790.000       0.000       0.000       0.000
       24.000       0.000       0.000       0.000       0.000       1.000
       24.000       0.000       1.000       0.000
       25.000      25.787      25.938     174.709   25684.359      61.064    -482.314    387969.4  21300378.0   24470.000      59.479
       25.000 0.000000000       0.016     339.037      27.217     0.87500     0.82448     1.20026     0.06900     0.00000       1.061
       25.000      59.479      -1.205    9999.990      38.802      40.000      40.007       0.000      -0.000       0.000
       25.000   18743.205       0.089   15731.275   12424.510   21074.812     514.470      -0.069       0.000       0.003
       25.000      98.774   24469.998    -514.470       0.642       0.000      -0.000
       25.000       0.000  208790.000       0.000       0.000       0.000
       25.000       0.000       0.000       0.000       0.000       1.000
       25.000       0.000       1.000       0.000
       26.000      25.820      25.971     174.772   25684.949      61.093    -482.395    387487.1  21299862.0   24470.598      59.510
       26.000 0.000000000       0.016     337.273      27.218     0.87500     0.82448     1.20026     0.06900     0.00000       1.061
       26.000      59.510      -1.205    9999.990      38.802      40.000      40.007       0.000      -0.000       0.000
       26.000   18743.666       0.085   15731.662   12413.300   21082.111     514.552      -0.069       0.000       0.003
       26.000     102.720   24470.600    -514.552       0.653       0.000      -0.000
       26.000       0.000  208790.000       0.000       0.000       0.000
       26.000       0.000       0.000       0.000       0.000       1.000
       26.000       0.000       1.000       0.000
       27.000      25.854      26.005     174.835   25685.541      61.122    -482.475    387004.6  21299348.0   24471.193      59.541
       27.000 0.000000000       0.017     335.508      27.218     0.87500     0.82448     1.20026     0.06900     0.00000       1.061
       27.000      59.541      -1.205    9999.990      38.802      40.000      40.007       0.000      -0.000       0.000
       27.000   18744.123       0.085   15732.046   12402.063   21089.412     514.634      -0.069       0.000       0.003
       27.000     106.666   24471.195    -514.634       0.665       0.000      -0.000
       27.000       0.000  208790.000       0.000       0.000       0.000
       27.000       0.000       0.000       0.000       0.000       1.000
       27.000       0.000       1.000       0.000
       28.000      25.887      26.038     174.898   25686.131      61.152    -482.555    386522.1  21298834.0   24471.789      59.573
       28.000 0.000000000       0.017     333.743      27.219     0.87500     0.82448     1.20026     0.06900     0.00000       1.061
       28.000      59.573      -1.205    9999.990      38.802      40.000      40.007       0.000      -0.000       0.000
       28.000   18744.578       0.086   15732.427   12390.802   21096.719     514.714      -0.069       0.000       0.003
       28.000     110.644   24471.789    -514.714       0.679       0.000      -0.000
       28.000       0.000  208790.000       0.000       0.000       0.000
       28.000       0.000       0.000       0.000       0.000       1.000
       28.000       0.000       1.000       0.000
       29.000      25.920      26.072     174.961   25686.725      61.181    -482.634    386039.5  21298318.0   24472.389      59.604
       29.000 0.000000000       0.017     331.978      27.220     0.87500     0.82448     1.20026     0.06900     0.00000       1.061
       29.000      59.604      -1.205    9999.990      38.802      40.000      40.007       0.000      -0.000       0.000
       29.000   18745.039       0.091   15732.810   12379.518   21104.035     514.794      -0.069       0.000       0.003
       29.000     114.589   24472.389    -514.794       0.693       0.000      -0.000
       29.000       0.000  208790.000       0.000       0.000       0.000
       29.000       0.000       0.000       0.000       0.000       1.000
       29.000       0.000       1.000       0.000
       30.000      25.954      26.105     175.025   25687.314      61.211    -482.712    385556.9  21297804.0   24472.986      59.636
       30.000 0.000000000       0.018     330.213      27.220     0.87500     0.82448     1.20026     0.06900     0.00000       1.061
       30.000      59.636      -1.206    9999.990      38.801      40.000      40.007       0.000      -0.000       0.000
       30.000   18745.494       0.090   15733.194   12368.210   21111.355     514.873      -0.069       0.000       0.003
       30.000     118.539   24472.984    -514.873       0.707       0.000      -0.000
       30.000       0.000  208790.000       0.000       0.000       0.000
       30.000       0.000       0.000       0.000       0.000       1.000
       30.000       0.000       1.000       0.000
       31.000      25.987      26.139     175.088   25687.904      61.240    -482.789    385074.1  21297290.0   24473.578      59.667
       31.000 0.000000000       0.018     328.447      27.221     0.87500     0.82448     1.20026     0.06900     0.00000       1.061
       31.000      59.667      -1.206    9999.990      38.801      40.000      40.007       0.000      -0.000       0.000
       31.000   18745.947       0.084   15733.575   12356.873   21118.678     514.951      -0.069       0.000       0.003
       31.000     122.494   24473.576    -514.951       0.722       0.000      -0.000
       31.000       0.000  208790.000       0.000       0.000       0.000
       31.000       0.000       0.000       0.000       0.000       1.000
       31.000       0.000       1.000       0.000
       32.000      26.020      26.172     175.151   25688.498      61.270    -482.866    384591.2  21296774.0   24474.182      59.699
       32.000 0.000000000       0.018     326.681      27.222     0.87500     0.82448     1.20026     0.06900     0.00000       1.061
       32.000      59.699      -1.206    9999.990      38.801      40.000      40.007       0.000      -0.000       0.000
       32.000   18746.408       0.087   15733.965   12345.513   21126.016     515.028      -0.069       0.000       0.003
       32.000     126.438   24474.180    -515.028       0.737       0.000      -0.000
       32.000       0.000  208790.000       0.000       0.000       0.000
       32.000       0.000       0.000       0.000       0.000       1.000
       32.000       0.000       1.000       0.000
       33.000      26.053      26.205     175.214   25689.088      61.300    -482.942    384108.4  21296260.0   24474.777      59.731
       33.000 0.000000000       0.019     324.915      27.222     0.87500     0.82448     1.20026     0.06900     0.00000       1.061
       33.000      59.731      -1.206    9999.990      38.801      40.000      40.007       0.000      -0.000       0.000
       33.000   18746.863       0.090   15734.346   12334.129   21133.352     515.104      -0.069       0.000       0.003
       33.000     130.409   24474.773    -515.104       0.752       0.000      -0.000
       33.000       0.000  208790.000       0.000       0.000       0.000
       33.000       0.000       0.000       0.000       0.000       1.000
       33.000       0.000       1.000       0.000
       34.000      26.086      26.239     175.278   25689.682      61.329    -483.018    383625.5  21295744.0   24475.373      59.762
       34.000 0.000000000       0.019     323.148      27.223     0.87500     0.82448     1.20026     0.06900     0.00000       1.061
       34.000      59.762      -1.206    9999.990      38.801      40.000      40.007       0.000      -0.000       0.000
       34.000   18747.326       0.088   15734.731   12322.724   21140.695     515.179      -0.069       0.000       0.003
       34.000     134.352   24475.377    -515.179       0.767       0.000      -0.000
       34.000       0.000  208790.000       0.000       0.000       0.000
       34.000       0.000       0.000       0.000       0.000       1.000
       34.000       0.000       1.000       0.000
       35.000      26.120      26.272     175.341   25690.275      61.359    -483.092    383142.3  21295228.0   24475.973      59.794
       35.000 0.000000000       0.020     321.381      27.224     0.87500     0.82448     1.20026     0.06900     0.00000       1.061
       35.000      59.794      -1.206    9999.990      38.801      40.000      40.007       0.000      -0.000       0.000
       35.000   18747.781       0.087   15735.116   12311.293   21148.045     515.253      -0.069       0.000       0.003
       35.000     138.320   24475.971    -515.253       0.783       0.000      -0.000
       35.000       0.000  208790.000       0.000       0.000       0.000
       35.000       0.000       0.000       0.000       0.000       1.000
       35.000       0.000       1.000       0.000
       36.000      26.153      26.305     175.404   25690.863      61.389    -483.167    382659.2  21294714.0   24476.566      59.826
       36.000 0.000000000       0.020     319.614      27.224     0.87500     0.82448     1.20026     0.06900     0.00000       1.061
       36.000      59.826      -1.206    9999.990      38.801      40.000      40.007       0.000      -0.000       0.000
       36.000   18748.236       0.087   15735.498   12299.830   21155.402     515.327      -0.069       0.000       0.003
       36.000     142.262   24476.566    -515.327       0.799       0.000      -0.000
       36.000       0.000  208790.000       0.000       0.000       0.000
       36.000       0.000       0.000       0.000       0.000       1.000
       36.000       0.000       1.000       0.000
       37.000      26.186      26.339     175.468   25691.457      61.419    -483.240    382176.0  21294198.0   24477.168      59.858
       37.000 0.000000000       0.020     317.847      27.225     0.87500     0.82448     1.20026     0.06900     0.00000       1.061
       37.000      59.858      -1.207    9999.990      38.800      40.000      40.007       0.000      -0.000       0.000
       37.000   18748.699       0.090   15735.886   12288.345   21162.766     515.399      -0.069       0.000       0.003
       37.000     146.218   24477.170    -515.399       0.815       0.000      -0.000
       37.000       0.000  208790.000       0.000       0.000       0.000
       37.000       0.000       0.000       0.000       0.000       1.000
       37.000       0.000       1.000       0.000
       38.100      26.222      26.375     175.538   25692.109      61.452    -483.320    381644.5  21293632.0   24477.824      59.893
       38.100 0.000000000       0.021     315.903      27.226     0.87500     0.82448     1.20026     0.06900     0.00000       1.061
       38.100      59.893      -1.207    9999.990      38.800      40.000      40.007       0.000      -0.000       0.000
       38.100   18749.199       0.089   15736.307   12275.685   21170.869     515.478      -0.069       0.000       0.003
       38.100     150.574   24477.824    -515.478       0.834       0.000      -0.000
       38.100       0.000  208790.000       0.000       0.000       0.000
       38.100       0.000       0.000       0.000       0.000       1.000
       38.100       0.000       1.000       0.000
       39.100      26.255      26.408     175.601   25692.703      61.482    -483.392    381161.1  21293116.0   24478.422      59.925
       39.100 0.000000000       0.021     314.135      27.226     0.87500     0.82448     1.20026     0.06900     0.00000       1.061
       39.100      59.925      -1.207    9999.990      38.800      40.000      40.007       0.000      -0.000       0.000
       39.100   18749.658       0.089   15736.692   12264.152   21178.242     515.549      -0.069       0.000       0.003
       39.100     154.532   24478.424    -515.549       0.851       0.000      -0.000
       39.100       0.000  208790.000       0.000       0.000       0.000
       39.100       0.000       0.000       0.000       0.000       1.000
       39.100       0.000       1.000       0.000
       40.100      26.288      26.441     175.665   25693.293      61.512    -483.463    380677.6  21292600.0   24479.018      59.957
       40.100 0.000000000       0.022     312.366      27.227     0.87500     0.82448     1.20026     0.06900     0.00000       1.061
       40.100      59.957      -1.207    9999.990      38.800      40.000      40.007       0.000      -0.000       0.000
       40.100   18750.117       0.085   15737.073   12252.594   21185.619     515.619      -0.069       0.000       0.003
       40.100     158.490   24479.018    -515.619       0.868       0.000      -0.000
       40.100       0.000  208790.000       0.000       0.000       0.000
       40.100       0.000       0.000       0.000       0.000       1.000
       40.100       0.000       1.000       0.000
       41.100      26.321      26.474     175.728   25693.889      61.542    -483.533    380194.1  21292084.0   24479.619      59.989
       41.100 0.000000000       0.022     310.598      27.228     0.87500     0.82448     1.20026     0.06900     0.00000       1.061
       41.100      59.989      -1.207    9999.990      38.800      40.000      40.007       0.000      -0.000       0.000
       41.100   18750.574       0.087   15737.462   12241.005   21193.010     515.688      -0.069       0.000       0.003
       41.100     162.439   24479.619    -515.688       0.886       0.000      -0.000
       41.100       0.000  208790.000       0.000       0.000       0.000
       41.100       0.000       0.000       0.000       0.000       1.000
       41.100       0.000       1.000       0.000
       42.100      26.354      26.507     175.792   25694.479      61.572    -483.603    379710.7  21291568.0   24480.217      60.022
       42.100 0.000000000       0.023     308.830      27.228     0.87500     0.82448     1.20026     0.06900     0.00000       1.061
       42.100      60.021      -1.207    9999.990      38.800      40.000      40.007       0.000      -0.000       0.000
       42.100   18751.031       0.087   15737.848   12229.393   21200.400     515.756      -0.069       0.000       0.003
       42.100     166.400   24480.217    -515.756       0.905       0.000      -0.000
       42.100       0.000  208790.000       0.000       0.000       0.000
       42.100       0.000       0.000       0.000       0.000       1.000
       42.100       0.000       1.000       0.000
       43.100      26.387      26.540     175.856   25695.072      61.602    -483.672    379227.0  21291052.0   24480.816      60.054
       43.100 0.000000000       0.023     307.061      27.229     0.87500     0.82448     1.20026     0.06900     0.00000       1.061
       43.100      60.054      -1.207    9999.990      38.800      40.000      40.007       0.000      -0.000       0.000
       43.100   18751.490       0.091   15738.230   12217.757   21207.797     515.823      -0.069       0.000       0.003
       43.100     170.356   24480.816    -515.823       0.923       0.000      -0.000
       43.100       0.000  208790.000       0.000       0.000       0.000
       43.100       0.000       0.000       0.000       0.000       1.000
       43.100       0.000       1.000       0.000
       44.100      26.420      26.573     175.919   25695.668      61.633    -483.740    378743.2  21290536.0   24481.414      60.086
       44.100 0.000000000       0.024     305.291      27.230     0.87500     0.82448     1.20026     0.06900     0.00000       1.061
       44.100      60.086      -1.207    9999.990      38.799      40.000      40.007       0.000      -0.000       0.000
       44.100   18751.951       0.089   15738.613   12206.101   21215.199     515.889      -0.069       0.000       0.003
       44.100     174.308   24481.414    -515.889       0.942       0.000      -0.000
       44.100       0.000  208790.000       0.000       0.000       0.000
       44.100       0.000       0.000       0.000       0.000       1.000
       44.100       0.000       1.000       0.000
       45.100      26.453      26.606     175.983   25696.260      61.663    -483.808    378259.4  21290020.0   24482.012      60.119
       45.100 0.000000000       0.024     303.522      27.230     0.87500     0.82448     1.20026     0.06900     0.00000       1.061
       45.100      60.118      -1.208    9999.990      38.799      40.000      40.007       0.000      -0.000       0.000
       45.100   18752.408       0.086   15738.999   12194.414   21222.605     515.954      -0.069       0.000       0.003
       45.100     178.267   24482.012    -515.954       0.962       0.000      -0.000
       45.100       0.000  208790.000       0.000       0.000       0.000
       45.100       0.000       0.000       0.000       0.000       1.000
       45.100       0.000       1.000       0.000
       46.100      26.485      26.639     176.047   25696.850      61.693    -483.875    377775.6  21289506.0   24482.611      60.151
       46.100 0.000000000       0.025     301.752      27.231     0.87500     0.82448     1.20026     0.06900     0.00000       1.061
       46.100      60.151      -1.208    9999.990      38.799      40.000      40.007       0.000      -0.000       0.000
       46.100   18752.863       0.087   15739.383   12182.700   21230.020     516.019      -0.069       0.000       0.003
       46.100     182.225   24482.607    -516.019       0.981       0.000      -0.000
       46.100       0.000  208790.000       0.000       0.000       0.000
       46.100       0.000       0.000       0.000       0.000       1.000
       46.100       0.000       1.000       0.000
       47.100      26.518      26.672     176.111   25697.443      61.724    -483.941    377291.8  21288990.0   24483.207      60.183
       47.100 0.000000000       0.025     299.983      27.232     0.87500     0.82448     1.20026     0.06900     0.00000       1.061
       47.100      60.183      -1.208    9999.990      38.799      40.000      40.007       0.000      -0.000       0.000
       47.100   18753.322       0.086   15739.770   12170.963   21237.438     516.082      -0.069       0.000       0.003
       47.100     186.175   24483.207    -516.082       1.002       0.000      -0.000
       47.100       0.000  208790.000       0.000       0.000       0.000
       47.100       0.000       0.000       0.000       0.000       1.000
       47.100       0.000       1.000       0.000
       48.100      26.551      26.705     176.175   25698.039      61.754    -484.006    376807.8  21288472.0   24483.811      60.216
       48.100 0.000000000       0.026     298.212      27.232     0.87500     0.82448     1.20026     0.06900     0.00000       1.061
       48.100      60.216      -1.208    9999.990      38.799      40.000      40.007       0.000      -0.000       0.000
       48.100   18753.785       0.089   15740.154   12159.205   21244.865     516.145      -0.069       0.000       0.003
       48.100     190.136   24483.809    -516.145       1.022       0.000      -0.000
       48.100       0.000  208790.000       0.000       0.000       0.000
       48.100       0.000       0.000       0.000       0.000       1.000
       48.100       0.000       1.000       0.000
       49.100      26.584      26.738     176.239   25698.633      61.785    -484.071    376323.7  21287956.0   24484.410      60.249
       49.100 0.000000000       0.026     296.442      27.233     0.87500     0.82448     1.20026     0.06900     0.00000       1.061
       49.100      60.248      -1.208    9999.990      38.799      40.000      40.007       0.000      -0.000       0.000
       49.100   18754.244       0.087   15740.538   12147.422   21252.293     516.206      -0.069       0.000       0.003
       49.100     194.101   24484.408    -516.206       1.046       0.000      -0.000
       49.100       0.000  208790.000       0.000       0.000       0.000
       49.100       0.000       0.000       0.000       0.000       1.000
       49.100       0.000       1.000       0.000
       50.100      26.616      26.771     176.302   25699.225      61.816    -484.134    375839.6  21287440.0   24485.010      60.281
       50.100 0.000000000       0.027     294.671      27.234     0.87500     0.82448     1.20026     0.06900     0.00000       1.061
       50.100      60.281      -1.208    9999.990      38.799      40.000      40.007       0.000      -0.000       0.000
       50.100   18754.703       0.089   15740.926   12135.608   21259.730     516.267      -0.069       0.000       0.003
       50.100     198.053   24485.008    -516.267       1.071       0.000      -0.000
       50.100       0.000  208790.000       0.000       0.000       0.000
       50.100       0.000       0.000       0.000       0.000       1.000
       50.100       0.000       1.000       0.000
       51.100      26.649      26.804     176.367   25699.818      61.846    -484.197    375355.4  21286924.0   24485.607      60.314
       51.100 0.000000000       0.027     292.900      27.234     0.87500     0.82448     1.20026     0.06900     0.00000       1.061
       51.100      60.314      -1.208    9999.990      38.799      40.000      40.007       0.000      -0.000       0.000
       51.100   18755.158       0.088   15741.308   12123.770   21267.170     516.326      -0.069       0.000       0.003
       51.100     202.009   24485.602    -516.326       1.096       0.000      -0.000
       51.100       0.000  208790.000       0.000       0.000       0.000
       51.100       0.000       0.000       0.000       0.000       1.000
       51.100       0.000       1.000       0.000
       52.100      26.682      26.836     176.431   25700.410      61.877    -484.260    374871.3  21286408.0   24486.203      60.347
       52.100 0.000000000       0.028     291.129      27.235     0.87500     0.82448     1.20026     0.06900     0.00000       1.061
       52.100      60.346      -1.208    9999.990      38.799      40.000      40.007       0.000      -0.000       0.000
       52.100   18755.621       0.089   15741.695   12111.907   21274.615     516.385      -0.069       0.000       0.003
       52.100     205.971   24486.205    -516.385       1.122       0.000      -0.000
       52.100       0.000  208790.000       0.000       0.000       0.000
       52.100       0.000       0.000       0.000       0.000       1.000
       52.100       0.000       1.000       0.000
       53.100      26.714      26.869     176.495   25701.004      61.908    -484.321    374387.0  21285892.0   24486.803      60.379
       53.100 0.000000000       0.029     289.358      27.236     0.87500     0.82448     1.20026     0.06900     0.00000       1.061
       53.100      60.379      -1.208    9999.990      38.798      40.000      40.007       0.000      -0.000       0.000
       53.100   18756.078       0.089   15742.082   12100.022   21282.066     516.443      -0.069       0.000       0.003
       53.100     209.933   24486.805    -516.443       1.148       0.000      -0.000
       53.100       0.000  208790.000       0.000       0.000       0.000
       53.100       0.000       0.000       0.000       0.000       1.000
       53.100       0.000       1.000       0.000
       54.100      26.747      26.902     176.559   25701.600      61.938    -484.382    373902.6  21285374.0   24487.406      60.412
       54.100 0.000000000       0.029     287.586      27.236     0.87500     0.82448     1.20026     0.06900     0.00000       1.061
       54.100      60.412      -1.209    9999.990      38.798      40.000      40.007       0.000      -0.000       0.000
       54.100   18756.537       0.090   15742.468   12088.113   21289.523     516.499      -0.069       0.000       0.003
       54.100     213.894   24487.404    -516.499       1.176       0.000      -0.000
       54.100       0.000  208790.000       0.000       0.000       0.000
       54.100       0.000       0.000       0.000       0.000       1.000
       54.100       0.000       1.000       0.000
       55.100      26.779      26.934     176.623   25702.193      61.969    -484.442    373418.1  21284858.0   24488.002      60.445
       55.100 0.000000000       0.030     285.814      27.237     0.87500     0.82448     1.20026     0.06900     0.00000       1.061
       55.100      60.445      -1.209    9999.990      38.798      40.000      40.007       0.000      -0.000       0.000
       55.100   18756.996       0.086   15742.853   12076.172   21296.984     516.555      -0.069       0.000       0.003
       55.100     217.841   24488.004    -516.555       1.203       0.000      -0.000
       55.100       0.000  208790.000       0.000       0.000       0.000
       55.100       0.000       0.000       0.000       0.000       1.000
       55.100       0.000       1.000       0.000
       56.100      26.812      26.967     176.687   25702.787      62.000    -484.501    372933.7  21284342.0   24488.602      60.478
       56.100 0.000000000       0.031     284.042      27.238     0.87500     0.82448     1.20026     0.06900     0.00000       1.061
       56.100      60.478      -1.209    9999.990      38.798      40.000      40.007       0.000      -0.000       0.000
       56.100   18757.455       0.088   15743.236   12064.207   21304.453     516.610      -0.069       0.000       0.003
       56.100     221.805   24488.602    -516.610       1.232       0.000      -0.000
       56.100       0.000  208790.000       0.000       0.000       0.000
       56.100       0.000       0.000       0.000       0.000       1.000
       56.100       0.000       1.000       0.000
       57.100      26.844      27.000     176.752   25703.379      62.031    -484.559    372449.2  21283826.0   24489.203      60.511
       57.100 0.000000000       0.032     282.270      27.238     0.87500     0.82448     1.20026     0.06900     0.00000       1.061
       57.100      60.511      -1.209    9999.990      38.798      40.000      40.007       0.000      -0.000       0.000
       57.100   18757.914       0.090   15743.623   12052.219   21311.924     516.664      -0.069       0.000       0.003
       57.100     225.761   24489.201    -516.664       1.261       0.000      -0.000
       57.100       0.000  208790.000       0.000       0.000       0.000
       57.100       0.000       0.000       0.000       0.000       1.000
       57.100       0.000       1.000       0.000
       58.100      26.877      27.032     176.816   25703.975      62.062    -484.616    371964.8  21283308.0   24489.807      60.544
       58.100 0.000000000       0.032     280.498      27.239     0.87500     0.82448     1.20026     0.06900     0.00000       1.061
       58.100      60.544      -1.209    9999.990      38.798      40.000      40.007       0.000      -0.000       0.000
       58.100   18758.375       0.091   15744.010   12040.207   21319.402     516.716      -0.069       0.000       0.003
       58.100     229.720   24489.803    -516.716       1.291       0.000      -0.000
       58.100       0.000  208790.000       0.000       0.000       0.000
       58.100       0.000       0.000       0.000       0.000       1.000
       58.100       0.000       1.000       0.000
       59.100      26.909      27.065     176.880   25704.568      62.093    -484.673    371480.0  21282792.0   24490.404      60.577
       59.100 0.000000000       0.033     278.725      27.240     0.87500     0.82448     1.20026     0.06900     0.00000       1.061
       59.100      60.577      -1.209    9999.990      38.798      40.000      40.007       0.000      -0.000       0.000
       59.100   18758.838       0.089   15744.396   12028.168   21326.885     516.768      -0.069       0.000       0.003
       59.100     233.676   24490.406    -516.768       1.322       0.001      -0.000
       59.100       0.000  208790.000       0.000       0.000       0.000
       59.100       0.000       0.000       0.000       0.000       1.000
       59.100       0.000       1.000       0.000
       60.100      26.941      27.097     176.945   25705.162      62.124    -484.728    370995.2  21282274.0   24491.002      60.611
       60.100 0.000000000       0.034     276.952      27.240     0.87500     0.82448     1.20026     0.06900     0.00000       1.061
       60.100      60.610      -1.209    9999.990      38.798      40.000      40.007       0.000      -0.000       0.000
       60.100   18759.293       0.090   15744.778   12016.101   21334.371     516.819      -0.069       0.000       0.003
       60.100     237.640   24491.002    -516.819       1.353       0.001      -0.000
       60.100       0.000  208790.000       0.000       0.000       0.000
       60.100       0.000       0.000       0.000       0.000       1.000
       60.100       0.000       1.000       0.000
       61.100      26.974      27.130     177.009   25705.756      62.156    -484.783    370510.5  21281758.0   24491.602      60.644
       61.100 0.000000000       0.035     275.179      27.241     0.87500     0.82448     1.20026     0.06900     0.00000       1.061
       61.100      60.644      -1.209    9999.990      38.798      40.000      40.007       0.000      -0.000       0.000
       61.100   18759.754       0.089   15745.166   12004.011   21341.865     516.868      -0.069       0.000       0.003
       61.100     241.606   24491.602    -516.868       1.385       0.001      -0.000
       61.100       0.000  208790.000       0.000       0.000       0.000
       61.100       0.000       0.000       0.000       0.000       1.000
       61.100       0.000       1.000       0.000
       62.100      27.006      27.162     177.074   25706.350      62.187    -484.837    370025.7  21281242.0   24492.201      60.677
       62.100 0.000000000       0.035     273.406      27.242     0.87500     0.82448     1.20026     0.06900     0.00000       1.061
       62.100      60.677      -1.209    9999.990      38.798      40.000      40.007       0.000      -0.000       0.000
       62.100   18760.213       0.088   15745.550   11991.895   21349.361     516.917      -0.069       0.000       0.003
       62.100     245.561   24492.201    -516.917       1.418       0.001      -0.000
       62.100       0.000  208790.000       0.000       0.000       0.000
       62.100       0.000       0.000       0.000       0.000       1.000
       62.100       0.000       1.000       0.000
       63.100      27.038      27.194     177.138   25706.947      62.218    -484.890    369540.9  21280724.0   24492.805      60.711
       63.100 0.000000000       0.036     271.633      27.242     0.87500     0.82448     1.20026     0.06900     0.00000       1.061
       63.100      60.710      -1.209    9999.990      38.798      40.000      40.007       0.000      -0.000       0.000
       63.100   18760.674       0.095   15745.938   11979.756   21356.865     516.964      -0.069       0.000       0.003
       63.100     249.518   24492.803    -516.964       1.451       0.001      -0.000
       63.100       0.000  208790.000       0.000       0.000       0.000
       63.100       0.000       0.000       0.000       0.000       1.000
       63.100       0.000       1.000       0.000
       64.100      27.071      27.227     177.203   25707.541      62.249    -484.943    369056.1  21280208.0   24493.402      60.744
       64.100 0.000000000       0.037     269.859      27.243     0.87500     0.82448     1.20026     0.06900     0.00000       1.061
       64.100      60.744      -1.209    9999.990      38.797      40.000      40.007       0.000      -0.000       0.000
       64.100   18761.129       0.088   15746.323   11967.587   21364.369     517.011      -0.069       0.000       0.003
       64.100     253.483   24493.400    -517.011       1.486       0.001      -0.000
       64.100       0.000  208790.000       0.000       0.000       0.000
       64.100       0.000       0.000       0.000       0.000       1.000
       64.100       0.000       1.000       0.000
       65.100      27.103      27.259     177.267   25708.133      62.281    -484.994    368571.1  21279690.0   24494.002      60.777
       65.100 0.000000000       0.038     268.086      27.244     0.87500     0.82448     1.20026     0.06900     0.00000       1.061
       65.100      60.777      -1.210    9999.990      38.797      40.000      40.007       0.000      -0.000       0.000
       65.100   18761.592       0.090   15746.710   11955.394   21371.883     517.056      -0.069       0.000       0.003
       65.100     257.450   24494.004    -517.056       1.521       0.001      -0.000
       65.100       0.000  208790.000       0.000       0.000       0.000
       65.100       0.000       0.000       0.000       0.000       1.000
       65.100       0.000       1.000       0.000
       66.100      27.135      27.291     177.332   25708.729      62.312    -485.045    368086.0  21279174.0   24494.605      60.811
       66.100 0.000000000       0.039     266.311      27.244     0.87500     0.82448     1.20026     0.06900     0.00000       1.061
       66.100      60.811      -1.210    9999.990      38.797      40.000      40.007       0.000      -0.000       0.000
       66.100   18762.053       0.089   15747.096   11943.175   21379.402     517.100      -0.069       0.000       0.003
       66.100     261.403   24494.605    -517.100       1.557       0.001      -0.000
       66.100       0.000  208790.000       0.000       0.000       0.000
       66.100       0.000       0.000       0.000       0.000       1.000
       66.100       0.000       1.000       0.000
       67.100      27.167      27.324     177.397   25709.322      62.344    -485.094    367600.8  21278656.0   24495.205      60.845
       67.100 0.000000000       0.040     264.537      27.245     0.87500     0.82448     1.20026     0.06900     0.00000       1.061
       67.100      60.844      -1.210    9999.990      38.797      40.000      40.007       0.000       0.000       0.000
       67.100   18762.512       0.090   15747.479   11930.933   21386.922     517.143      -0.069       0.000       0.003
       67.100     265.369   24495.203    -517.143       1.594       0.001      -0.000
       67.100       0.000  208790.000       0.000       0.000       0.000
       67.100       0.000       0.000       0.000       0.000       1.000
       67.100       0.000       1.000       0.000
       68.100      27.199      27.356     177.461   25709.920      62.375    -485.143    367115.7  21278138.0   24495.809      60.878
       68.100 0.000000000       0.041     262.762      27.246     0.87500     0.82448     1.20026     0.06900     0.00000       1.061
       68.100      60.878      -1.210    9999.990      38.797      40.000      40.007       0.000      -0.000       0.000
       68.100   18762.973       0.089   15747.869   11918.668   21394.449     517.186      -0.069       0.000       0.003
       68.100     269.324   24495.807    -517.186       1.631       0.001      -0.000
       68.100       0.000  208790.000       0.000       0.000       0.000
       68.100       0.000       0.000       0.000       0.000       1.000
       68.100       0.000       1.000       0.000
       69.100      27.231      27.388     177.526   25710.514      62.407    -485.191    366630.6  21277622.0   24496.404      60.912
       69.100 0.000000000       0.042     260.988      27.246     0.87500     0.82448     1.20026     0.06900     0.00000       1.061
       69.100      60.912      -1.210    9999.990      38.797      40.000      40.007       0.000       0.000       0.000
       69.100   18763.430       0.090   15748.254   11906.371   21401.979     517.227      -0.069       0.000       0.003
       69.100     273.284   24496.404    -517.227       1.670       0.001      -0.000
       69.100       0.000  208790.000       0.000       0.000       0.000
       69.100       0.000       0.000       0.000       0.000       1.000
       69.100       0.000       1.000       0.000
       70.100      27.263      27.420     177.591   25711.109      62.439    -485.238    366145.4  21277104.0   24497.008      60.946
       70.100 0.000000000       0.043     259.213      27.247     0.87500     0.82448     1.20026     0.06900     0.00000       1.061
       70.100      60.945      -1.210    9999.990      38.797      40.000      40.007       0.000      -0.000       0.000
       70.100   18763.893       0.087   15748.642   11894.049   21409.516     517.267      -0.069      -0.000       0.003
       70.100     277.254   24497.008    -517.267       1.711       0.001      -0.000
       70.100       0.000  208790.000       0.000       0.000       0.000
       70.100       0.000       0.000       0.000       0.000       1.000
       70.100       0.000       1.000       0.000
       71.099      27.295      27.453     177.656   25711.703      62.470    -485.284    365660.2  21276588.0   24497.607      60.979
       71.099 0.000000000       0.044     257.439      27.248     0.87500     0.82448     1.20026     0.06900     0.00000       1.061
       71.099      60.979      -1.210    9999.990      38.797      40.000      40.007       0.000      -0.000       0.000
       71.099   18764.354       0.091   15749.025   11881.702   21417.057     517.305      -0.069      -0.000       0.003
       71.099     281.216   24497.607    -517.305       1.757       0.001      -0.000
       71.099       0.000  208790.000       0.000       0.000       0.000
       71.099       0.000       0.000       0.000       0.000       1.000
       71.099       0.000       1.000       0.000
       72.099      27.327      27.485     177.721   25712.297      62.502    -485.329    365175.1  21276070.0   24498.207      61.013
       72.099 0.000000000       0.045     255.664      27.248     0.87500     0.82448     1.20026     0.06900     0.00000       1.061
       72.099      61.013      -1.210    9999.990      38.797      40.000      40.007       0.000      -0.000       0.000
       72.099   18764.812       0.094   15749.412   11869.330   21424.602     517.343      -0.069      -0.000       0.003
       72.099     285.173   24498.207    -517.343       1.804       0.001      -0.000
       72.099       0.000  208790.000       0.000       0.000       0.000
       72.099       0.000       0.000       0.000       0.000       1.000
       72.099       0.000       1.000       0.000
       73.099      27.359      27.517     177.786   25712.895      62.534    -485.373    364689.6  21275552.0   24498.812      61.047
       73.099 0.000000000       0.046     253.889      27.249     0.87500     0.82448     1.20026     0.06900     0.00000       1.061
       73.099      61.047      -1.210    9999.990      38.797      40.000      40.007       0.000      -0.000       0.000
       73.099   18765.275       0.090   15749.800   11856.936   21432.152     517.379      -0.069       0.000       0.003
       73.099     289.131   24498.811    -517.379       1.852       0.001      -0.000
       73.099       0.000  208790.000       0.000       0.000       0.000
       73.099       0.000       0.000       0.000       0.000       1.000
       73.099       0.000       1.000       0.000
       74.099      27.391      27.549     177.851   25713.486      62.566    -485.415    364204.1  21275036.0   24499.410      61.081
       74.099 0.000000000       0.048     252.113      27.250     0.87500     0.82448     1.20026     0.06900     0.00000       1.061
       74.099      61.081      -1.210    9999.990      38.797      40.000      40.007       0.000      -0.000       0.000
       74.099   18765.732       0.091   15750.185   11844.509   21439.705     517.415      -0.069       0.000       0.003
       74.099     293.099   24499.410    -517.415       1.901       0.001      -0.000
       74.099       0.000  208790.000       0.000       0.000       0.000
       74.099       0.000       0.000       0.000       0.000       1.000
       74.099       0.000       1.000       0.000
       75.099      27.423      27.581     177.916   25714.082      62.598    -485.457    363718.6  21274518.0   24500.010      61.115
       75.099 0.000000000       0.049     250.337      27.250     0.87500     0.82448     1.20026     0.06900     0.00000       1.061
       75.099      61.115      -1.210    9999.990      38.797      40.000      40.007       0.000      -0.000       0.000
       75.099   18766.191       0.092   15750.573   11832.059   21447.264     517.449      -0.069       0.000       0.003
       75.099     297.067   24500.010    -517.449       1.952       0.001      -0.000
       75.099       0.000  208790.000       0.000       0.000       0.000
       75.099       0.000       0.000       0.000       0.000       1.000
       75.099       0.000       1.000       0.000
       76.099      27.455      27.613     177.981   25714.678      62.630    -485.498    363233.1  21274000.0   24500.611      61.149
       76.099 0.000000000       0.050     248.561      27.251     0.87500     0.82448     1.20026     0.06900     0.00000       1.061
       76.099      61.149      -1.210    9999.990      38.797      40.000      40.007       0.000      -0.000       0.000
       76.099   18766.654       0.092   15750.959   11819.584   21454.828     517.481      -0.069       0.000       0.003
       76.099     301.024   24500.613    -517.481       2.004       0.001      -0.000
       76.099       0.000  208790.000       0.000       0.000       0.000
       76.099       0.000       0.000       0.000       0.000       1.000
       76.099       0.000       1.000       0.000
       77.099      27.487      27.645     178.046   25715.273      62.662    -485.538    362747.6  21273482.0   24501.213      61.184
       77.099 0.000000000       0.051     246.786      27.252     0.87500     0.82448     1.20026     0.06900     0.00000       1.061
       77.099      61.183      -1.210    9999.990      38.797      40.000      40.007       0.000      -0.000       0.000
       77.099   18767.113       0.091   15751.344   11807.084   21462.395     517.513      -0.069      -0.000       0.003
       77.099     304.989   24501.211    -517.513       2.057       0.001      -0.000
       77.099       0.000  208790.000       0.000       0.000       0.000
       77.099       0.000       0.000       0.000       0.000       1.000
       77.099       0.000       1.000       0.000
       78.099      27.519      27.677     178.111   25715.867      62.694    -485.577    362262.1  21272966.0   24501.814      61.218
       78.099 0.000000000       0.053     245.010      27.252     0.87500     0.82448     1.20026     0.06900     0.00000       1.061
       78.099      61.218      -1.210    9999.990      38.797      40.000      40.007       0.000      -0.000       0.000
       78.099   18767.572       0.091   15751.729   11794.559   21469.965     517.543      -0.069       0.000       0.003
       78.099     308.955   24501.811    -517.543       2.112       0.001      -0.000
       78.099       0.000  208790.000       0.000       0.000       0.000
       78.099       0.000       0.000       0.000       0.000       1.000
       78.099       0.000       1.000       0.000
       79.099      27.550      27.708     178.176   25716.461      62.726    -485.615    361776.5  21272448.0   24502.414      61.252
       79.099 0.000000000       0.054     243.234      27.253     0.87500     0.82448     1.20026     0.06900     0.00000       1.061
       79.099      61.252      -1.210    9999.990      38.797      40.000      40.007       0.000      -0.000       0.000
       79.099   18768.033       0.091   15752.115   11782.002   21477.541     517.572      -0.069       0.000       0.003
       79.099     312.912   24502.412    -517.572       2.168       0.001      -0.000
       79.099       0.000  208790.000       0.000       0.000       0.000
       79.099       0.000       0.000       0.000       0.000       1.000
       79.099       0.000       1.000       0.000
       80.099      27.582      27.740     178.242   25717.059      62.758    -485.651    361291.0  21271930.0   24503.018      61.286
       80.099 0.000000000       0.056     241.458      27.254     0.87500     0.82448     1.20026     0.06900     0.00000       1.061
       80.099      61.286      -1.210    9999.990      38.797      40.000      40.007       0.000      -0.000       0.000
       80.099   18768.494       0.093   15752.504   11769.423   21485.125     517.600      -0.069      -0.000       0.003
       80.099     316.882   24503.016    -517.600       2.225       0.001      -0.000
       80.099       0.000  208790.000       0.000       0.000       0.000
       80.099       0.000       0.000       0.000       0.000       1.000
       80.099       0.000       1.000       0.000
       81.099      27.614      27.772     178.307   25717.656      62.791    -485.687    360805.4  21271412.0   24503.621      61.321
       81.099 0.000000000       0.057     239.684      27.254     0.87500     0.82448     1.20026     0.06900     0.00000       1.061
       81.099      61.320      -1.210    9999.990      38.796      40.000      40.007       0.000      -0.000       0.000
       81.099   18768.957       0.094   15752.893   11756.817   21492.713     517.627      -0.069       0.000       0.003
       81.099     320.847   24503.619    -517.627       2.285       0.001      -0.000
       81.099       0.000  208790.000       0.000       0.000       0.000
       81.099       0.000       0.000       0.000       0.000       1.000
       81.099       0.000       1.000       0.000
       82.099      27.645      27.804     178.372   25718.246      62.823    -485.721    360319.9  21270896.0   24504.217      61.355
       82.099 0.000000000       0.059     238.001      27.255     0.87500     0.82448     1.20026     0.06900     0.00000       1.061
       82.099      61.355      -1.210    9999.990      38.796      40.000      40.007       0.000       0.000       0.000
       82.099   18769.416       0.093   15753.275   11744.187   21500.297     517.652      -0.069       0.000       0.003
       82.099     324.805   24504.217    -517.652       2.345       0.001      -0.000
       82.099       0.000  208790.000       0.000       0.000       0.000
       82.099       0.000       0.000       0.000       0.000       1.000
       82.099       0.000       1.000       0.000
       83.099      27.677      27.836     178.438   25718.844      62.855    -485.755    359834.0  21270378.0   24504.818      61.390
       83.099 0.000000000       0.060     236.436      27.256     0.87500     0.82448     1.20026     0.06900     0.00000       1.061
       83.099      61.389      -1.210    9999.990      38.796      40.000      40.007       0.000       0.000       0.000
       83.099   18769.875       0.089   15753.664   11731.531   21507.891     517.676      -0.069       0.000       0.003
       83.099     328.772   24504.818    -517.676       2.407       0.001      -0.000
       83.099       0.000  208790.000       0.000       0.000       0.000
       83.099       0.000       0.000       0.000       0.000       1.000
       83.099       0.000       1.000       0.000
       84.099      27.709      27.867     178.503   25719.426      62.888    -485.787    359348.2  21269860.0   24505.406      61.424
       84.099 0.000000000       0.062     234.968      27.256     0.87500     0.82448     1.20026     0.06900     0.00000       1.061
       84.099      61.424      -1.211    9999.990      38.796      40.000      40.007       0.000      -0.000       0.000
       84.099   18770.326       0.092   15754.040   11718.840   21515.477     517.698      -0.069      -0.000       0.003
       84.099     332.738   24505.406    -517.698       2.471       0.001      -0.000
       84.099       0.000  208790.000       0.000       0.000       0.000
       84.099       0.000       0.000       0.000       0.000       1.000
       84.099       0.000       1.000       0.000
       85.099      27.740      27.899     178.569   25720.008      62.920    -485.818    358862.2  21269342.0   24505.996      61.459
       85.099 0.000000000       0.063     233.583      27.257     0.87500     0.82448     1.20026     0.06900     0.00000       1.061
       85.099      61.459      -1.211    9999.990      38.796      40.000      40.007       0.000      -0.000       0.000
       85.099   18770.779       0.091   15754.420   11706.124   21523.068     517.720      -0.069      -0.000       0.003
       85.099     336.700   24505.996    -517.720       2.537       0.001      -0.000
       85.099       0.000  208790.000       0.000       0.000       0.000
       85.099       0.000       0.000       0.000       0.000       1.000
       85.099       0.000       1.000       0.000
       86.099      27.772      27.931     178.634   25720.586      62.953    -485.848    358376.3  21268824.0   24506.580      61.493
       86.099 0.000000000       0.065     232.271      27.258     0.87500     0.82448     1.20026     0.06900     0.00000       1.061
       86.099      61.493      -1.211    9999.990      38.796      40.000      40.007       0.000       0.000       0.000
       86.099   18771.225       0.094   15754.795   11693.382   21530.658     517.740      -0.069       0.000       0.003
       86.099     340.661   24506.578    -517.740       2.604       0.001      -0.000
       86.099       0.000  208790.000       0.000       0.000       0.000
       86.099       0.000       0.000       0.000       0.000       1.000
       86.099       0.000       1.000       0.000
       87.099      27.803      27.962     178.700   25721.168      62.985    -485.877    357890.4  21268306.0   24507.168      61.528
       87.099 0.000000000       0.067     231.022      27.258     0.87500     0.82448     1.20026     0.06900     0.00000       1.061
       87.099      61.528      -1.211    9999.990      38.796      40.000      40.007       0.000       0.000       0.000
       87.099   18771.674       0.094   15755.171   11680.615   21538.254     517.758      -0.069      -0.000       0.003
       87.099     344.624   24507.166    -517.758       2.673       0.001      -0.000
       87.099       0.000  208790.000       0.000       0.000       0.000
       87.099       0.000       0.000       0.000       0.000       1.000
       87.099       0.000       1.000       0.000
       88.099      27.835      27.994     178.765   25721.750      63.018    -485.904    357404.5  21267788.0   24507.756      61.563
       88.099 0.000000000       0.069     229.830      27.259     0.87500     0.82448     1.20026     0.06900     0.00000       1.061
       88.099      61.563      -1.211    9999.990      38.796      40.000      40.007       0.000      -0.000       0.000
       88.099   18772.125       0.092   15755.548   11667.822   21545.855     517.776      -0.069      -0.000       0.003
       88.099     348.591   24507.752    -517.776       2.744       0.001      -0.000
       88.099       0.000  208790.000       0.000       0.000       0.000
       88.099       0.000       0.000       0.000       0.000       1.000
       88.099       0.000       1.000       0.000
       89.099      27.866      28.025     178.831   25722.326      63.051    -485.931    356918.5  21267270.0   24508.340      61.598
       89.099 0.000000000       0.070     228.688      27.260     0.87500     0.82448     1.20026     0.06900     0.00000       1.061
       89.099      61.598      -1.211    9999.990      38.796      40.000      40.007       0.000       0.000       0.000
       89.099   18772.576       0.088   15755.927   11654.999   21553.459     517.792      -0.069      -0.000       0.003
       89.099     352.558   24508.344    -517.792       2.817       0.001      -0.000
       89.099       0.000  208790.000       0.000       0.000       0.000
       89.099       0.000       0.000       0.000       0.000       1.000
       89.099       0.000       1.000       0.000
       90.099      27.897      28.057     178.897   25722.908      63.084    -485.956    356432.6  21266752.0   24508.926      61.633
       90.099 0.000000000       0.072     227.591      27.260     0.87500     0.82448     1.20026     0.06900     0.00000       1.061
       90.099      61.632      -1.211    9999.990      38.796      40.000      40.007       0.000      -0.000       0.000
       90.099   18773.023       0.096   15756.305   11642.150   21561.068     517.806      -0.069       0.000       0.003
       90.099     356.524   24508.928    -517.806       2.891       0.001      -0.000
       90.099       0.000  208790.000       0.000       0.000       0.000
       90.099       0.000       0.000       0.000       0.000       1.000
       90.099       0.000       1.000       0.000
       91.099      27.929      28.088     178.963   25723.490      63.116    -485.980    355946.6  21266234.0   24509.516      61.668
       91.099 0.000000000       0.074     226.536      27.261     0.87500     0.82448     1.20026     0.06900     0.00000       1.061
       91.099      61.667      -1.211    9999.990      38.796      40.000      40.007       0.000       0.000       0.000
       91.099   18773.473       0.092   15756.681   11629.279   21568.682     517.819      -0.069       0.000       0.003
       91.099     360.490   24509.514    -517.819       2.968       0.001      -0.000
       91.099       0.000  208790.000       0.000       0.000       0.000
       91.099       0.000       0.000       0.000       0.000       1.000
       91.099       0.000       1.000       0.000
       92.099      27.960      28.120     179.028   25724.066      63.149    -486.003    355460.6  21265718.0   24510.096      61.703
       92.099 0.000000000       0.076     225.519      27.262     0.87500     0.82448     1.20026     0.06900     0.00000       1.061
       92.099      61.702      -1.211    9999.990      38.796      40.000      40.007       0.000       0.000       0.000
       92.099   18773.918       0.093   15757.054   11616.379   21576.293     517.831      -0.069       0.000       0.003
       92.099     364.456   24510.094    -517.831       3.045       0.001      -0.000
       92.099       0.000  208790.000       0.000       0.000       0.000
       92.099       0.000       0.000       0.000       0.000       1.000
       92.099       0.000       1.000       0.000
       93.099      27.991      28.151     179.094   25724.646      63.182    -486.025    354974.6  21265200.0   24510.684      61.738
       93.099 0.000000000       0.078     224.537      27.262     0.87500     0.82448     1.20026     0.06900     0.00000       1.061
       93.099      61.737      -1.211    9999.990      38.796      40.000      40.007       0.000      -0.000       0.000
       93.099   18774.371       0.093   15757.435   11603.454   21583.914     517.841      -0.069      -0.000       0.003
       93.099     368.427   24510.688    -517.841       3.125       0.001      -0.000
       93.099       0.000  208790.000       0.000       0.000       0.000
       93.099       0.000       0.000       0.000       0.000       1.000
       93.099       0.000       1.000       0.000
       94.099      28.023      28.182     179.160   25725.229      63.215    -486.045    354488.6  21264682.0   24511.270      61.773
       94.099 0.000000000       0.080     223.588      27.263     0.87500     0.82448     1.20026     0.06900     0.00000       1.061
       94.099      61.773      -1.211    9999.990      38.796      40.000      40.007       0.000      -0.000       0.000
       94.099   18774.818       0.093   15757.812   11590.501   21591.537     517.850      -0.069      -0.000       0.003
       94.099     372.388   24511.271    -517.850       3.207       0.001      -0.000
       94.099       0.000  208790.000       0.000       0.000       0.000
       94.099       0.000       0.000       0.000       0.000       1.000
       94.099       0.000       1.000       0.000
       95.099      28.054      28.214     179.226   25725.807      63.248    -486.064    354002.6  21264164.0   24511.857      61.808
       95.099 0.000000000       0.082     222.669      27.264     0.87500     0.82448     1.20026     0.06900     0.00000       1.061
       95.099      61.808      -1.211    9999.990      38.796      40.000      40.007       0.000       0.000       0.000
       95.099   18775.266       0.095   15758.188   11577.523   21599.164     517.857      -0.069      -0.000       0.003
       95.099     376.359   24511.855    -517.857       3.291       0.001      -0.000
       95.099       0.000  208790.000       0.000       0.000       0.000
       95.099       0.000       0.000       0.000       0.000       1.000
       95.099       0.000       1.000       0.000
       96.099      28.085      28.245     179.292   25726.389      63.281    -486.082    353516.6  21263646.0   24512.443      61.843
       96.099 0.000000000       0.084     221.778      27.264     0.87500     0.82448     1.20026     0.06900     0.00000       1.061
       96.099      61.843      -1.211    9999.990      38.796      40.000      40.007       0.000       0.000       0.000
       96.099   18775.717       0.093   15758.564   11564.520   21606.795     517.863      -0.069      -0.000       0.003
       96.099     380.323   24512.443    -517.863       3.377       0.001      -0.000
       96.099       0.000  208790.000       0.000       0.000       0.000
       96.099       0.000       0.000       0.000       0.000       1.000
       96.099       0.000       1.000       0.000
       97.099      28.116      28.276     179.358   25726.967      63.314    -486.098    353030.6  21263128.0   24513.029      61.878
       97.099 0.000000000       0.087     220.913      27.265     0.87500     0.82448     1.20026     0.06900     0.00000       1.061
       97.099      61.878      -1.211    9999.990      38.796      40.000      40.007       0.000       0.000       0.000
       97.099   18776.164       0.094   15758.941   11551.493   21614.426     517.867      -0.069      -0.000       0.003
       97.099     384.290   24513.029    -517.867       3.465       0.001      -0.000
       97.099       0.000  208790.000       0.000       0.000       0.000
       97.099       0.000       0.000       0.000       0.000       1.000
       97.099       0.000       1.000       0.000
       98.099      28.147      28.308     179.424   25727.549      63.348    -486.113    352544.5  21262610.0   24513.611      61.914
       98.099 0.000000000       0.089     220.073      27.266     0.87500     0.82448     1.20026     0.06900     0.00000       1.061
       98.099      61.914      -1.211    9999.990      38.796      40.000      40.007       0.000       0.000       0.000
       98.099   18776.613       0.091   15759.317   11538.437   21622.062     517.870      -0.069       0.000       0.003
       98.099     388.255   24513.615    -517.870       3.555       0.001      -0.000
       98.099       0.000  208790.000       0.000       0.000       0.000
       98.099       0.000       0.000       0.000       0.000       1.000
       98.099       0.000       1.000       0.000
       99.099      28.178      28.339     179.490   25728.129      63.381    -486.127    352058.5  21262092.0   24514.203      61.949
       99.099 0.000000000       0.091     219.256      27.266     0.87500     0.82448     1.20026     0.06900     0.00000       1.061
       99.099      61.949      -1.210    9999.990      38.796      40.000      40.007       0.000       0.000       0.000
       99.099   18777.064       0.092   15759.695   11525.351   21629.707     517.871      -0.069      -0.000       0.003
       99.099     392.227   24514.203    -517.871       3.648       0.001      -0.000
       99.099       0.000  208790.000       0.000       0.000       0.000
       99.099       0.000       0.000       0.000       0.000       0.000
       99.099       0.000       1.000       0.000
      100.099      28.209      28.370     179.556   25728.711      63.414    -486.139    351572.4  21261574.0   24514.789      61.985
      100.099 0.000000000       0.094     218.462      27.267     0.87500     0.82448     1.20026     0.06900     0.00000       1.061
      100.099      61.984      -1.210    9999.990      38.796      40.000      40.007       0.000       0.000       0.000
      100.099   18777.514       0.096   15760.074   11512.242   21637.354     517.871      -0.069       0.000       0.003
      100.099     396.192   24514.791    -517.871       3.743       0.001      -0.000
      100.099       0.000  208790.000       0.000       0.000       0.000
      100.099       0.000       0.000       0.000       0.000       0.000
      100.099       0.000       1.000       0.000
      101.099      28.240      28.401     179.622   25729.287      63.448    -486.150    351086.3  21261056.0   24515.371      62.020
      101.099 0.000000000       0.096     217.688      27.267     0.87500     0.82448     1.20026     0.06900     0.00000       1.061
      101.099      62.020      -1.210    9999.990      38.797      40.000      40.007       0.000       0.000       0.000
      101.099   18777.961       0.095   15760.447   11499.105   21644.998     517.869      -0.069      -0.000       0.003
      101.099     400.157   24515.373    -517.869       3.841       0.001      -0.000
      101.099       0.000  208790.000       0.000       0.000       0.000
      101.099       0.000       0.000       0.000       0.000       0.000
      101.099       0.000       1.000       0.000
      102.099      28.271      28.432     179.689   25729.869      63.481    -486.159    350600.2  21260538.0   24515.961      62.056
      102.099 0.000000000       0.099     216.934      27.268     0.87500     0.82448     1.20026     0.06900     0.00000       1.061
      102.099      62.055      -1.210    9999.990      38.797      40.000      40.007       0.000      -0.000       0.000
      102.099   18778.410       0.095   15760.824   11485.947   21652.648     517.865      -0.069      -0.000       0.003
      102.099     404.120   24515.959    -517.865       3.941       0.002      -0.000
      102.099       0.000  208790.000       0.000       0.000       0.000
      102.099       0.000       0.000       0.000       0.000       0.000
      102.099       0.000       1.000       0.000
      103.099      28.302      28.463     179.755   25730.447      63.514    -486.167    350114.1  21260022.0   24516.545      62.091
      103.099 0.000000000       0.101     216.199      27.269     0.87500     0.82448     1.20026     0.06900     0.00000       1.061
      103.099      62.091      -1.210    9999.990      38.797      40.000      40.007       0.000       0.000       0.000
      103.099   18778.857       0.093   15761.199   11472.757   21660.301     517.860      -0.069      -0.000       0.003
      103.099     408.097   24516.543    -517.860       4.044       0.002      -0.000
      103.099       0.000  208790.000       0.000       0.000       0.000
      103.099       0.000       0.000       0.000       0.000       0.000
      103.099       0.000       1.000       0.000
      104.099      28.333      28.494     179.821   25731.027      63.548    -486.174    349628.0  21259504.0   24517.135      62.127
      104.099 0.000000000       0.104     215.482      27.269     0.87500     0.82448     1.20026     0.06900     0.00000       1.061
      104.099      62.127      -1.210    9999.990      38.797      40.000      40.007       0.000       0.000       0.000
      104.099   18779.309       0.093   15761.579   11459.540   21667.963     517.853      -0.069      -0.000       0.003
      104.099     412.064   24517.133    -517.853       4.149       0.002      -0.000
      104.099       0.000  208790.000       0.000       0.000       0.000
      104.099       0.000       0.000       0.000       0.000       0.000
      104.099       0.000       1.000       0.000
      105.099      28.364      28.525     179.888   25731.607      63.582    -486.179    349141.8  21258986.0   24517.721      62.163
      105.099 0.000000000       0.106     214.783      27.270     0.87500     0.82448     1.20026     0.06900     0.00000       1.061
      105.099      62.162      -1.210    9999.990      38.797      40.000      40.007       0.000       0.000       0.000
      105.099   18779.756       0.095   15761.956   11446.298   21675.623     517.845      -0.069      -0.000       0.003
      105.099     416.036   24517.717    -517.845       4.257       0.002      -0.000
      105.099       0.000  208790.000       0.000       0.000       0.000
      105.099       0.000       0.000       0.000       0.000       0.000
      105.099       0.000       1.000       0.000
      106.099      28.395      28.556     179.954   25732.178      63.615    -486.182    348655.7  21258468.0   24518.295      62.198
      106.099 0.000000000       0.109     214.100      27.271     0.87500     0.82448     1.20026     0.06900     0.00000       1.061
      106.099      62.198      -1.210    9999.990      38.797      40.000      40.007       0.000       0.000       0.000
      106.099   18780.199       0.094   15762.328   11433.025   21683.279     517.834      -0.069      -0.000       0.003
      106.099     419.999   24518.297    -517.834       4.368       0.002      -0.000
      106.099       0.000  208790.000       0.000       0.000       0.000
      106.099       0.000       0.000       0.000       0.000       0.000
      106.099       0.000       1.000       0.000
      107.099      28.426      28.587    -179.979   25732.744      63.649    -486.184    348169.5  21257950.0   24518.867      62.234
      107.099 0.000000000       0.112     213.432      27.271     0.87500     0.82448     1.20026     0.06900     0.00000       1.061
      107.099      62.234      -1.210    9999.990      38.797      40.000      40.007       0.000       0.000       0.000
      107.099   18780.637       0.094   15762.694   11419.728   21690.932     517.822      -0.069      -0.000       0.003
      107.099     423.968   24518.867    -517.822       4.482       0.002      -0.000
      107.099       0.000  208790.000       0.000       0.000       0.000
      107.099       0.000       0.000       0.000       0.000       0.000
      107.099       0.000       1.000       0.000
      108.099      28.456      28.618    -179.913   25733.309      63.683    -486.185    347683.3  21257432.0   24519.439      62.270
      108.099 0.000000000       0.115     212.780      27.272     0.87500     0.82448     1.20026     0.06900     0.00000       1.061
      108.099      62.270      -1.210    9999.990      38.797      40.000      40.007       0.000       0.000       0.000
      108.099   18781.072       0.093   15763.062   11406.399   21698.590     517.809      -0.069      -0.000       0.003
      108.099     427.940   24519.438    -517.809       4.599       0.002      -0.000
      108.099       0.000  208790.000       0.000       0.000       0.000
      108.099       0.000       0.000       0.000       0.000       0.000
      108.099       0.000       1.000       0.000
      109.099      28.487      28.649    -179.846   25733.873      63.716    -486.183    347197.1  21256914.0   24520.010      62.306
      109.099 0.000000000       0.118     212.143      27.273     0.87500     0.82448     1.20026     0.06900     0.00000       1.061
      109.099      62.306      -1.210    9999.990      38.797      40.000      40.007       0.000       0.000       0.000
      109.099   18781.512       0.093   15763.428   11393.042   21706.252     517.793      -0.069      -0.000       0.003
      109.099     431.905   24520.010    -517.793       4.718       0.002      -0.000
      109.099       0.000  208790.000       0.000       0.000       0.000
      109.099       0.000       0.000       0.000       0.000       0.000
      109.099       0.000       1.000       0.000
      110.099      28.518      28.680    -179.780   25734.438      63.750    -486.181    346710.9  21256396.0   24520.578      62.342
      110.099 0.000000000       0.121     211.519      27.273     0.87500     0.82448     1.20026     0.06900     0.00000       1.061
      110.099      62.342      -1.210    9999.990      38.797      40.000      40.007       0.000       0.000       0.000
      110.099   18781.949       0.092   15763.794   11379.661   21713.914     517.776      -0.069       0.000       0.003
      110.099     435.875   24520.580    -517.776       4.841       0.002      -0.000
      110.099       0.000  208790.000       0.000       0.000       0.000
      110.099       0.000       0.000       0.000       0.000       0.000
      110.099       0.000       1.000       0.000
      111.099      28.549      28.710    -179.713   25735.002      63.784    -486.176    346224.7  21255878.0   24521.150      62.378
      111.099 0.000000000       0.124     210.909      27.274     0.87500     0.82448     1.20026     0.06900     0.00000       1.061
      111.099      62.378      -1.210    9999.990      38.797      40.000      40.007       0.000       0.000       0.000
      111.099   18782.385       0.096   15764.162   11366.253   21721.580     517.757      -0.069      -0.000       0.003
      111.099     439.843   24521.150    -517.757       4.967       0.002      -0.000
      111.099       0.000  208790.000       0.000       0.000       0.000
      111.099       0.000       0.000       0.000       0.000       0.000
      111.099       0.000       1.000       0.000
      112.099      28.579      28.741    -179.647   25735.566      63.818    -486.170    345738.5  21255360.0   24521.721      62.414
      112.099 0.000000000       0.127     210.312      27.275     0.87500     0.82448     1.20026     0.06900     0.00000       1.061
      112.099      62.414      -1.210    9999.990      38.797      40.000      40.007       0.000      -0.000       0.000
      112.099   18782.824       0.098   15764.529   11352.822   21729.248     517.736      -0.069      -0.000       0.003
      112.099     443.817   24521.723    -517.736       5.096       0.002      -0.000
      112.099       0.000  208790.000       0.000       0.000       0.000
      112.099       0.000       0.000       0.000       0.000       0.000
      112.099       0.000       1.000       0.000
      113.099      28.610      28.772    -179.580   25736.131      63.852    -486.162    345252.2  21254844.0   24522.295      62.451
      113.099 0.000000000       0.131     209.728      27.275     0.87500     0.82448     1.20026     0.06900     0.00000       1.061
      113.099      62.450      -1.210    9999.990      38.797      40.000      40.007       0.000       0.000       0.000
      113.099   18783.266       0.092   15764.896   11339.361   21736.922     517.713      -0.069      -0.000       0.003
      113.099     447.780   24522.295    -517.713       5.230       0.002      -0.000
      113.099       0.000  208790.000       0.000       0.000       0.000
      113.099       0.000       0.000       0.000       0.000       0.000
      113.099       0.000       1.000       0.000
      114.099      28.640      28.802    -179.513   25736.693      63.886    -486.153    344765.9  21254326.0   24522.861      62.487
      114.099 0.000000000       0.134     209.157      27.276     0.87500     0.82448     1.20026     0.06900     0.00000       1.061
      114.099      62.487      -1.210    9999.990      38.797      40.000      40.007       0.000       0.000       0.000
      114.099   18783.695       0.093   15765.262   11325.870   21744.594     517.688      -0.069      -0.000       0.003
      114.099     451.757   24522.861    -517.688       5.368       0.002      -0.000
      114.099       0.000  208790.000       0.000       0.000       0.000
      114.099       0.000       0.000       0.000       0.000       0.000
      114.099       0.000       1.000       0.000
      115.099      28.671      28.833    -179.446   25737.260      63.920    -486.142    344279.7  21253808.0   24523.434      62.523
      115.099 0.000000000       0.138     208.597      27.276     0.87500     0.82448     1.20026     0.06900     0.00000       1.061
      115.099      62.523      -1.210    9999.990      38.797      40.000      40.007       0.000       0.000       0.000
      115.099   18784.133       0.095   15765.631   11312.356   21752.273     517.661      -0.069      -0.000       0.003
      115.099     455.726   24523.434    -517.661       5.510       0.002      -0.000
      115.099       0.000  208790.000       0.000       0.000       0.000
      115.099       0.000       0.000       0.000       0.000       0.000
      115.099       0.000       1.000       0.000
      116.099      28.701      28.864    -179.379   25737.826      63.954    -486.128    343793.6  21253290.0   24524.008      62.559
      116.099 0.000000000       0.141     208.048      27.277     0.87500     0.82448     1.20026     0.06900     0.00000       1.061
      116.099      62.559      -1.209    9999.990      38.797      40.000      40.007       0.000       0.000       0.000
      116.099   18784.576       0.095   15765.996   11298.816   21759.955     517.633      -0.069      -0.000       0.003
      116.099     459.696   24524.008    -517.633       5.655       0.002      -0.000
      116.099       0.000  208790.000       0.000       0.000       0.000
      116.099       0.000       0.000       0.000       0.000       0.000
      116.099       0.000       1.000       0.000
      117.099      28.732      28.894    -179.312   25738.391      63.989    -486.113    343307.6  21252772.0   24524.578      62.596
      117.099 0.000000000       0.145     207.511      27.278     0.87500     0.82448     1.20026     0.06900     0.00000       1.061
      117.099      62.596      -1.209    9999.990      38.798      40.000      40.007       0.000       0.000       0.000
      117.099   18785.012       0.097   15766.365   11285.249   21767.641     517.602      -0.069      -0.000       0.003
      117.099     463.668   24524.578    -517.602       5.804       0.002      -0.000
      117.099       0.000  208790.000       0.000       0.000       0.000
      117.099       0.000       0.000       0.000       0.000       0.000
      117.099       0.000       1.000       0.000
      118.099      28.762      28.925    -179.246   25738.953      64.023    -486.097    342821.6  21252254.0   24525.146      62.632
      118.099 0.000000000       0.149     206.985      27.278     0.87500     0.82448     1.20026     0.06900     0.00000       1.061
      118.099      62.632      -1.209    9999.990      38.798      40.000      40.007       0.000       0.000       0.000
      118.099   18785.445       0.096   15766.730   11271.653   21775.324     517.569      -0.069      -0.000       0.003
      118.099     467.636   24525.145    -517.569       5.957       0.002      -0.000
      118.099       0.000  208790.000       0.000       0.000       0.000
      118.099       0.000       0.000       0.000       0.000       0.000
      118.099       0.000       1.000       0.000
      119.099      28.793      28.955    -179.179   25739.516      64.057    -486.078    342335.6  21251738.0   24525.717      62.669
      119.099 0.000000001       0.153     206.470      27.279     0.87500     0.82448     1.20026     0.06900     0.00000       1.061
      119.099      62.669      -1.209    9999.990      38.798      40.000      40.007       0.000       0.000       0.000
      119.099   18785.885       0.096   15767.097   11258.030   21783.014     517.534      -0.069      -0.000       0.003
      119.099     471.607   24525.717    -517.534       6.114       0.002      -0.000
      119.099       0.000  208790.000       0.000       0.000       0.000
      119.099       0.000       0.000       0.000       0.000       0.000
      119.099       0.000       1.000       0.000
      120.099      28.823      28.986    -179.112   25740.068      64.092    -486.057    341849.5  21251220.0   24526.277      62.705
      120.099 0.000000001       0.157     205.964      27.280     0.87500     0.82448     1.20026     0.06900     0.00000       1.061
      120.099      62.705      -1.209    9999.990      38.798      40.000      40.007       0.000       0.000       0.000
      120.099   18786.314       0.097   15767.455   11244.375   21790.695     517.497      -0.069      -0.000       0.003
      120.099     475.580   24526.277    -517.497       6.275       0.002      -0.000
      120.099       0.000  208790.000       0.000       0.000       0.000
      120.099       0.000       0.000       0.000       0.000       0.000
      120.099       0.000       1.000       0.000
      121.099      28.853      29.016    -179.044   25740.617      64.126    -486.035    341363.4  21250702.0   24526.830      62.742
      121.099 0.000000001       0.161     205.469      27.280     0.87500     0.82448     1.20026     0.06900     0.00000       1.061
      121.099      62.742      -1.209    9999.990      38.798      40.000      40.007       0.000       0.000       0.000
      121.099   18786.738       0.093   15767.812   11230.694   21798.375     517.458      -0.069      -0.000       0.003
      121.099     479.551   24526.830    -517.458       6.440       0.002      -0.000
      121.099       0.000  208790.000       0.000       0.000       0.000
      121.099       0.000       0.000       0.000       0.000       0.000
      121.099       0.000       1.000       0.000
      122.099      28.883      29.046    -178.977   25741.168      64.161    -486.010    340877.4  21250184.0   24527.389      62.779
      122.099 0.000000001       0.165     204.983      27.281     0.87500     0.82448     1.20026     0.06900     0.00000       1.061
      122.099      62.779      -1.209    9999.990      38.798      40.000      40.007       0.000       0.000       0.000
      122.099   18787.164       0.097   15768.168   11216.986   21806.059     517.416      -0.069      -0.000       0.003
      122.099     483.526   24527.385    -517.416       6.610       0.003      -0.000
      122.099       0.000  208790.000       0.000       0.000       0.000
      122.099       0.000       0.000       0.000       0.000       0.000
      122.099       0.000       1.000       0.000
      123.099      28.914      29.077    -178.910   25741.713      64.195    -485.983    340391.2  21249668.0   24527.938      62.816
      123.099 0.000000001       0.170     204.507      27.281     0.87500     0.82448     1.20026     0.06900     0.00000       1.061
      123.099      62.815      -1.209    9999.990      38.798      40.000      40.007       0.000       0.000       0.000
      123.099   18787.586       0.094   15768.523   11203.251   21813.740     517.373      -0.069      -0.000       0.003
      123.099     487.496   24527.938    -517.373       6.783       0.003      -0.000
      123.099       0.000  208790.000       0.000       0.000       0.000
      123.099       0.000       0.000       0.000       0.000       0.000
      123.099       0.000       1.000       0.000
      124.099      28.944      29.107    -178.843   25742.264      64.230    -485.955    339905.2  21249150.0   24528.492      62.852
      124.099 0.000000001       0.174     204.040      27.282     0.87500     0.82448     1.20026     0.06900     0.00000       1.061
      124.099      62.852      -1.209    9999.990      38.798      40.000      40.007       0.000       0.000       0.000
      124.099   18788.012       0.096   15768.883   11189.487   21821.430     517.327      -0.069      -0.000       0.003
      124.099     491.468   24528.494    -517.327       6.962       0.003      -0.000
      124.099       0.000  208790.000       0.000       0.000       0.000
      124.099       0.000       0.000       0.000       0.000       0.000
      124.099       0.000       1.000       0.000
      125.099      28.974      29.137    -178.776   25742.812      64.265    -485.924    339419.4  21248632.0   24529.051      62.889
      125.099 0.000000001       0.179     203.582      27.283     0.87500     0.82448     1.20026     0.06900     0.00000       1.061
      125.099      62.889      -1.208    9999.990      38.799      40.000      40.007       0.000       0.000       0.000
      125.099   18788.438       0.095   15769.241   11175.696   21829.121     517.278      -0.069      -0.000       0.003
      125.099     495.438   24529.051    -517.278       7.145       0.003      -0.000
      125.099       0.000  208790.000       0.000       0.000       0.000
      125.099       0.000       0.000       0.000       0.000       0.000
      125.099       0.000       1.000       0.000
      126.099      29.004      29.168    -178.708   25743.361      64.299    -485.891    338933.6  21248116.0   24529.605      62.926
      126.099 0.000000001       0.183     203.134      27.283     0.87500     0.82448     1.20026     0.06900     0.00000       1.061
      126.099      62.926      -1.208    9999.990      38.799      40.000      40.007       0.000       0.000       0.000
      126.099   18788.861       0.095   15769.596   11161.881   21836.812     517.228      -0.069      -0.000       0.003
      126.099     499.411   24529.604    -517.228       7.332       0.003      -0.000
      126.099       0.000  208790.000       0.000       0.000       0.000
      126.099       0.000       0.000       0.000       0.000       0.000
      126.099       0.000       1.000       0.000
      127.099      29.034      29.198    -178.641   25743.908      64.334    -485.855    338447.7  21247598.0   24530.158      62.963
      127.099 0.000000001       0.188     202.693      27.284     0.87500     0.82448     1.20026     0.06900     0.00000       1.061
      127.099      62.963      -1.208    9999.990      38.799      40.000      40.007       0.000       0.000       0.000
      127.099   18789.285       0.095   15769.952   11148.039   21844.506     517.175      -0.069      -0.000       0.003
      127.099     503.381   24530.158    -517.175       7.524       0.003      -0.000
      127.099       0.000  208790.000       0.000       0.000       0.000
      127.099       0.000       0.000       0.000       0.000       0.000
      127.099       0.000       1.000       0.000
      128.099      29.064      29.228    -178.574   25744.453      64.369    -485.818    337961.8  21247082.0   24530.711      63.000
      128.099 0.000000001       0.193     202.262      27.285     0.87500     0.82448     1.20026     0.06900     0.00000       1.061
      128.099      63.000      -1.208    9999.990      38.799      40.000      40.007       0.000       0.000       0.000
      128.099   18789.711       0.096   15770.307   11134.169   21852.199     517.119      -0.069      -0.000       0.003
      128.099     507.356   24530.713    -517.119       7.722       0.003      -0.000
      128.099       0.000  208790.000       0.000       0.000       0.000
      128.099       0.000       0.000       0.000       0.000       0.000
      128.099       0.000       1.000       0.000
      129.099      29.094      29.258    -178.506   25745.004      64.404    -485.778    337476.0  21246564.0   24531.266      63.037
      129.099 0.000000001       0.198     201.838      27.285     0.87500     0.82448     1.20026     0.06900     0.00000       1.061
      129.099      63.037      -1.208    9999.990      38.799      40.000      40.007       0.000       0.000       0.000
      129.099   18790.135       0.094   15770.664   11120.271   21859.900     517.062      -0.069      -0.000       0.003
      129.099     511.330   24531.266    -517.062       7.924       0.003      -0.000
      129.099       0.000  208790.000       0.000       0.000       0.000
      129.099       0.000       0.000       0.000       0.000       0.000
      129.099       0.000       1.000       0.000
      130.099      29.124      29.288    -178.439   25745.543      64.439    -485.736    336990.2  21246046.0   24531.812      63.074
      130.099 0.000000001       0.203     201.423      27.286     0.87500     0.82448     1.20026     0.06900     0.00000       1.061
      130.099      63.074      -1.208    9999.990      38.799      40.000      40.007       0.000       0.000       0.000
      130.099   18790.553       0.096   15771.016   11106.343   21867.596     517.001      -0.069      -0.000       0.003
      130.099     515.306   24531.812    -517.001       8.132       0.003      -0.000
      130.099       0.000  208790.000       0.000       0.000       0.000
      130.099       0.000       0.000       0.000       0.000       0.000
      130.099       0.000       1.000       0.000
      131.099      29.154      29.318    -178.371   25746.074      64.474    -485.692    336504.6  21245530.0   24532.350      63.112
      131.099 0.000000001       0.209     201.016      27.286     0.87500     0.82448     1.20026     0.06900     0.00000       1.061
      131.099      63.111      -1.207    9999.990      38.800      40.000      40.007       0.000       0.000       0.000
      131.099   18790.969       0.097   15771.362   11092.386   21875.283     516.938      -0.069      -0.000       0.003
      131.099     519.277   24532.354    -516.938       8.345       0.003      -0.000
      131.099       0.000  208790.000       0.000       0.000       0.000
      131.099       0.000       0.000       0.000       0.000       0.000
      131.099       0.000       1.000       0.000
      132.099      29.184      29.348    -178.304   25746.607      64.509    -485.645    336018.9  21245014.0   24532.891      63.149
      132.099 0.000000001       0.214     200.616      27.287     0.87500     0.82448     1.20026     0.06900     0.00000       1.061
      132.099      63.149      -1.207    9999.990      38.800      40.000      40.007       0.000       0.000       0.000
      132.099   18791.379       0.100   15771.705   11078.402   21882.975     516.873      -0.069      -0.000       0.003
      132.099     523.248   24532.889    -516.873       8.563       0.003      -0.000
      132.099       0.000  208790.000       0.000       0.000       0.000
      132.099       0.000       0.000       0.000       0.000       0.000
      132.099       0.000       1.000       0.000
      133.099      29.214      29.378    -178.236   25747.139      64.544    -485.596    335533.2  21244496.0   24533.430      63.186
      133.099 0.000000001       0.220     200.224      27.288     0.87500     0.82448     1.20026     0.06900     0.00000       1.061
      133.099      63.186      -1.207    9999.990      38.800      40.000      40.007       0.000       0.000       0.000
      133.099   18791.793       0.095   15772.054   11064.394   21890.666     516.805      -0.069      -0.000       0.003
      133.099     527.222   24533.430    -516.805       8.787       0.003      -0.000
      133.099       0.000  208790.000       0.000       0.000       0.000
      133.099       0.000       0.000       0.000       0.000       0.000
      133.099       0.000       1.000       0.000
      134.099      29.244      29.408    -178.168   25747.672      64.579    -485.544    335047.6  21243980.0   24533.969      63.224
      134.099 0.000000001       0.225     199.840      27.288     0.87500     0.82448     1.20026     0.06900     0.00000       1.061
      134.099      63.223      -1.207    9999.990      38.800      40.000      40.007       0.000       0.000       0.000
      134.099   18792.207       0.098   15772.399   11050.351   21898.363     516.734      -0.069      -0.000       0.003
      134.099     531.195   24533.969    -516.734       9.020       0.003      -0.000
      134.099       0.000  208790.000       0.000       0.000       0.000
      134.099       0.000       0.000       0.000       0.000       0.000
      134.099       0.000       1.000       0.000
      135.099      29.274      29.438    -178.101   25748.205      64.614    -485.489    334562.1  21243462.0   24534.510      63.261
      135.099 0.000000001       0.232     199.463      27.289     0.87500     0.82448     1.20026     0.06900     0.00000       1.061
      135.099      63.261      -1.207    9999.990      38.800      40.000      40.007       0.000       0.000       0.000
      135.099   18792.617       0.097   15772.748   11036.285   21906.062     516.660      -0.069      -0.000       0.003
      135.099     535.175   24534.506    -516.660       9.262       0.004      -0.000
      135.099       0.000  208790.000       0.000       0.000       0.000
      135.099       0.000       0.000       0.000       0.000       0.000
      135.099       0.000       1.000       0.000
      136.099      29.303      29.468    -178.033   25748.738      64.650    -485.432    334076.7  21242946.0   24535.047      63.299
      136.099 0.000000001       0.238     199.093      27.289     0.87500     0.82448     1.20026     0.06900     0.00000       1.061
      136.099      63.298      -1.206    9999.990      38.800      40.000      40.007       0.000       0.000       0.000
      136.099   18793.029       0.099   15773.095   11022.191   21913.762     516.584      -0.069      -0.000       0.003
      136.099     539.145   24535.045    -516.584       9.511       0.004      -0.000
      136.099       0.000  208790.000       0.000       0.000       0.000
      136.099       0.000       0.000       0.000       0.000       0.000
      136.099       0.000       1.000       0.000
      137.099      29.333      29.498    -177.965   25749.270      64.685    -485.373    333591.3  21242430.0   24535.586      63.336
      137.099 0.000000001       0.244     198.731      27.290     0.87500     0.82448     1.20026     0.06900     0.00000       1.061
      137.099      63.336      -1.206    9999.990      38.801      40.000      40.007       0.000       0.000       0.000
      137.099   18793.443       0.101   15773.439   11008.073   21921.463     516.504      -0.069      -0.000       0.003
      137.099     543.120   24535.584    -516.504       9.765       0.004      -0.000
      137.099       0.000  208790.000       0.000       0.000       0.000
      137.099       0.000       0.000       0.000       0.000       0.000
      137.099       0.000       1.000       0.000
      138.099      29.363      29.527    -177.897   25749.787      64.720    -485.310    333105.9  21241914.0   24536.111      63.374
      138.099 0.000000001       0.251     198.375      27.291     0.87500     0.82448     1.20026     0.06900     0.00000       1.061
      138.099      63.373      -1.206    9999.990      38.801      40.000      40.007       0.000       0.000       0.000
      138.099   18793.848       0.099   15773.777   10993.923   21929.152     516.422      -0.069      -0.000       0.003
      138.099     547.096   24536.111    -516.422      10.027       0.004      -0.000
      138.099       0.000  208790.000       0.000       0.000       0.000
      138.099       0.000       0.000       0.000       0.000       0.000
      138.099       0.000       1.000       0.000
      139.099      29.392      29.557    -177.829   25750.309      64.756    -485.245    332620.7  21241396.0   24536.637      63.411
      139.099 0.000000001       0.257     198.027      27.291     0.87500     0.82448     1.20026     0.06900     0.00000       1.061
      139.099      63.411      -1.206    9999.990      38.801      40.000      40.007       0.000       0.000       0.000
      139.099   18794.248       0.095   15774.115   10979.741   21936.846     516.336      -0.069      -0.000       0.003
      139.099     551.068   24536.635    -516.336      10.295       0.004      -0.000
      139.099       0.000  208790.000       0.000       0.000       0.000
      139.099       0.000       0.000       0.000       0.000       0.000
      139.099       0.000       1.000       0.000
      140.099      29.422      29.587    -177.761   25750.822      64.791    -485.176    332135.5  21240880.0   24537.160      63.449
      140.099 0.000000001       0.264     197.685      27.292     0.87500     0.82448     1.20026     0.06900     0.00000       1.061
      140.099      63.449      -1.206    9999.990      38.801      40.000      40.007       0.000       0.000       0.000
      140.099   18794.648       0.099   15774.451   10965.532   21944.539     516.248      -0.069      -0.000       0.003
      140.099     555.039   24537.158    -516.248      10.571       0.004      -0.000
      140.099       0.000  208790.000       0.000       0.000       0.000
      140.099       0.000       0.000       0.000       0.000       0.000
      140.099       0.000       1.000       0.000
      141.099      29.451      29.616    -177.693   25751.338      64.827    -485.105    331650.3  21240364.0   24537.680      63.487
      141.099 0.000000001       0.271     197.350      27.292     0.87500     0.82448     1.20026     0.06900     0.00000       1.061
      141.099      63.487      -1.205    9999.990      38.802      40.000      40.007       0.000       0.000       0.000
      141.099   18795.049       0.099   15774.783   10951.297   21952.230     516.156      -0.069      -0.000       0.003
      141.099     559.020   24537.678    -516.156      10.854       0.004      -0.000
      141.099       0.000  208790.000       0.000       0.000       0.000
      141.099       0.000       0.000       0.000       0.000       0.000
      141.099       0.000       1.000       0.000
      142.099      29.481      29.646    -177.625   25751.852      64.862    -485.031    331165.2  21239848.0   24538.203      63.525
      142.099 0.000000001       0.279     197.021      27.293     0.87500     0.82448     1.20026     0.06900     0.00000       1.061
      142.099      63.524      -1.205    9999.990      38.802      40.000      40.007       0.000       0.000       0.000
      142.099   18795.449       0.095   15775.120   10937.037   21959.924     516.062      -0.069      -0.000       0.003
      142.099     562.998   24538.201    -516.062      11.144       0.004      -0.000
      142.099       0.000  208790.000       0.000       0.000       0.000
      142.099       0.000       0.000       0.000       0.000       0.000
      142.099       0.000       1.000       0.000
      143.100      29.510      29.676    -177.557   25752.369      64.898    -484.953    330680.3  21239332.0   24538.725      63.562
      143.100 0.000000001       0.286     196.699      27.293     0.87500     0.82448     1.20026     0.06900     0.00000       1.061
      143.100      63.562      -1.205    9999.990      38.802      40.000      40.007       0.000       0.000       0.000
      143.100   18795.848       0.096   15775.457   10922.751   21967.619     515.963      -0.069      -0.000       0.003
      143.100     566.967   24538.723    -515.963      11.441       0.004      -0.000
      143.100       0.000  208790.000       0.000       0.000       0.000
      143.100       0.000       0.000       0.000       0.000       0.000
      143.100       0.000       1.000       0.000
      144.100      29.540      29.705    -177.489   25752.883      64.934    -484.873    330195.3  21238816.0   24539.244      63.600
      144.100 0.000000001       0.294     196.384      27.294     0.87500     0.82448     1.20026     0.06900     0.00000       1.061
      144.100      63.600      -1.205    9999.990      38.802      40.000      40.007       0.000       0.000       0.000
      144.100   18796.250       0.097   15775.793   10908.432   21975.318     515.862      -0.069      -0.000       0.003
      144.100     570.945   24539.248    -515.862      11.746       0.005      -0.000
      144.100       0.000  208790.000       0.000       0.000       0.000
      144.100       0.000       0.000       0.000       0.000       0.000
      144.100       0.000       1.000       0.000
      145.100      29.569      29.735    -177.421   25753.383      64.970    -484.789    329710.4  21238300.0   24539.750      63.638
      145.100 0.000000001       0.301     196.074      27.295     0.87500     0.82448     1.20026     0.06900     0.00000       1.061
      145.100      63.638      -1.204    9999.990      38.803      40.000      40.007       0.000       0.000       0.000
      145.100   18796.635       0.096   15776.116   10894.081   21983.002     515.757      -0.069      -0.000       0.003
      145.100     574.925   24539.750    -515.757      12.059       0.005      -0.000
      145.100       0.000  208790.000       0.000       0.000       0.000
      145.100       0.000       0.000       0.000       0.000       0.000
      145.100       0.000       1.000       0.000
      146.100      29.599      29.764    -177.353   25753.883      65.005    -484.702    329225.8  21237784.0   24540.258      63.676
      146.100 0.000000001       0.309     195.771      27.295     0.87500     0.82448     1.20026     0.06900     0.00000       1.061
      146.100      63.676      -1.204    9999.990      38.803      40.000      40.007       0.000       0.000       0.000
      146.100   18797.021       0.098   15776.442   10879.703   21990.689     515.649      -0.069      -0.000       0.003
      146.100     578.893   24540.256    -515.649      12.381       0.005      -0.000
      146.100       0.000  208790.000       0.000       0.000       0.000
      146.100       0.000       0.000       0.000       0.000       0.000
      146.100       0.000       1.000       0.000
      147.100      29.628      29.794    -177.285   25754.381      65.041    -484.612    328741.1  21237270.0   24540.764      63.715
      147.100 0.000000001       0.318     195.474      27.296     0.87500     0.82448     1.20026     0.06900     0.00000       1.061
      147.100      63.714      -1.204    9999.990      38.803      40.000      40.007       0.000       0.000       0.000
      147.100   18797.412       0.099   15776.771   10865.299   21998.377     515.537      -0.069      -0.000       0.003
      147.100     582.876   24540.766    -515.537      12.710       0.005      -0.000
      147.100       0.000  208790.000       0.000       0.000       0.000
      147.100       0.000       0.000       0.000       0.000       0.000
      147.100       0.000       1.000       0.000
      148.100      29.657      29.823    -177.216   25754.881      65.077    -484.518    328256.5  21236754.0   24541.271      63.753
      148.100 0.000000001       0.326     195.184      27.296     0.87500     0.82448     1.20026     0.06900     0.00000       1.061
      148.100      63.753      -1.203    9999.990      38.803      40.000      40.007       0.000       0.000       0.000
      148.100   18797.801       0.096   15777.091   10850.870   22006.064     515.422      -0.069      -0.000       0.003
      148.100     586.851   24541.270    -515.422      13.048       0.005      -0.000
      148.100       0.000  208790.000       0.000       0.000       0.000
      148.100       0.000       0.000       0.000       0.000       0.000
      148.100       0.000       1.000       0.000
      149.100      29.687      29.852    -177.148   25755.379      65.113    -484.421    327772.1  21236238.0   24541.773      63.791
      149.100 0.000000001       0.335     194.899      27.297     0.87500     0.82448     1.20026     0.06900     0.00000       1.061
      149.100      63.791      -1.203    9999.990      38.804      40.000      40.007       0.000       0.000       0.000
      149.100   18798.184       0.096   15777.415   10836.409   22013.754     515.303      -0.069      -0.000       0.003
      149.100     590.824   24541.771    -515.303      13.395       0.005      -0.000
      149.100       0.000  208790.000       0.000       0.000       0.000
      149.100       0.000       0.000       0.000       0.000       0.000
      149.100       0.000       1.000       0.000
      150.100      29.716      29.882    -177.080   25755.871      65.149    -484.320    327287.6  21235724.0   24542.271      63.829
      150.100 0.000000001       0.344     194.619      27.297     0.87500     0.82448     1.20026     0.06900     0.00000       1.061
      150.100      63.829      -1.203    9999.990      38.804      40.000      40.007       0.000       0.000       0.000
      150.100   18798.566       0.097   15777.735   10821.917   22021.441     515.180      -0.069      -0.000       0.003
      150.100     594.803   24542.271    -515.180      13.751       0.005      -0.000
      150.100       0.000  208790.000       0.000       0.000       0.000
      150.100       0.000       0.000       0.000       0.000       0.000
      150.100       0.000       1.000       0.000
      151.000      29.742      29.908    -177.018   25756.309      65.182    -484.227    326851.8  21235260.0   24542.717      63.864
      151.000 0.000000001       0.352     194.373      27.298     0.87500     0.82448     1.20026     0.06900     0.00000       1.061
      151.000      63.864      -1.203    9999.990      38.804      40.000      40.007       0.000       0.000       0.000
      151.000   18798.908       0.099   15778.024   10808.853   22028.355     515.066      -0.069      -0.000       0.003
      151.000     598.381   24542.717    -515.066      14.079       0.005      -0.000
      151.000       0.000  208790.000       0.000       0.000       0.000
      151.000       0.000       0.000       0.000       0.000       0.000
      151.000       0.000       1.000       0.000
      152.000      29.771      29.937    -176.950   25756.793      65.218    -484.119    326367.7  21234744.0   24543.207      63.902
      152.000 0.000000001       0.361     194.105      27.298     0.87500     0.82448     1.20026     0.06900     0.00000       1.061
      152.000      63.902      -1.202    9999.990      38.805      40.000      40.007       0.000       0.000       0.000
      152.000   18799.283       0.098   15778.338   10794.309   22036.033     514.936      -0.069      -0.000       0.003
      152.000     602.359   24543.207    -514.936      14.453       0.006      -0.000
      152.000       0.000  208790.000       0.000       0.000       0.000
      152.000       0.000       0.000       0.000       0.000       0.000
      152.000       0.000       1.000       0.000
      153.000      29.800      29.967    -176.881   25757.273      65.254    -484.007    325883.6  21234230.0   24543.695      63.941
      153.000 0.000000001       0.371     193.843      27.299     0.87500     0.82448     1.20026     0.06900     0.00000       1.061
      153.000      63.940      -1.202    9999.990      38.805      40.000      40.007       0.000       0.000       0.000
      153.000   18799.656       0.097   15778.649   10779.737   22043.711     514.802      -0.069      -0.000       0.003
      153.000     606.337   24543.691    -514.802      14.836       0.006      -0.000
      153.000       0.000  208790.000       0.000       0.000       0.000
      153.000       0.000       0.000       0.000       0.000       0.000
      153.000       0.000       1.000       0.000
      154.000      29.829      29.996    -176.812   25757.758      65.290    -483.892    325399.7  21233714.0   24544.186      63.979
      154.000 0.000000001       0.381     193.586      27.300     0.87500     0.82448     1.20026     0.06900     0.00000       1.061
      154.000      63.979      -1.202    9999.990      38.805      40.000      40.007       0.000       0.000       0.000
      154.000   18800.033       0.097   15778.966   10765.138   22051.395     514.663      -0.069      -0.000       0.003
      154.000     610.318   24544.186    -514.663      15.229       0.006      -0.000
      154.000       0.000  208790.000       0.000       0.000       0.000
      154.000       0.000       0.000       0.000       0.000       0.000
      154.000       0.000       1.000       0.000
      155.000      29.858      30.025    -176.744   25758.232      65.327    -483.772    324915.8  21233200.0   24544.668      64.018
      155.000 0.000000001       0.391     193.335      27.300     0.87500     0.82448     1.20026     0.06900     0.00000       1.061
      155.000      64.017      -1.201    9999.990      38.806      40.000      40.007       0.000       0.000       0.000
      155.000   18800.404       0.098   15779.279   10750.507   22059.072     514.521      -0.069      -0.000       0.003
      155.000     614.291   24544.670    -514.521      15.634       0.006      -0.000
      155.000       0.000  208790.000       0.000       0.000       0.000
      155.000       0.000       0.000       0.000       0.000       0.000
      155.000       0.000       1.000       0.000
      156.000      29.887      30.054    -176.675   25758.697      65.363    -483.649    324432.1  21232686.0   24545.141      64.056
      156.000 0.000000001       0.402     193.089      27.301     0.87500     0.82448     1.20026     0.06900     0.00000       1.061
      156.000      64.056      -1.201    9999.990      38.806      40.000      40.007       0.000       0.000       0.000
      156.000   18800.766       0.098   15779.578   10735.848   22066.738     514.374      -0.069      -0.000       0.003
      156.000     618.273   24545.139    -514.374      16.064       0.006      -0.000
      156.000       0.000  208790.000       0.000       0.000       0.000
      156.000       0.000       0.000       0.000       0.000       0.000
      156.000       0.000       1.000       0.000
      157.000      29.916      30.083    -176.606   25759.166      65.399    -483.521    323948.5  21232172.0   24545.611      64.095
      157.000 0.000000001       0.413     192.849      27.301     0.87500     0.82448     1.20026     0.06900     0.00000       1.061
      157.000      64.095      -1.200    9999.990      38.806      40.000      40.007       0.000       0.000       0.000
      157.000   18801.125       0.099   15779.880   10721.160   22074.404     514.223      -0.069      -0.000       0.003
      157.000     622.251   24545.609    -514.223      16.504       0.006      -0.000
      157.000       0.000  208790.000       0.000       0.000       0.000
      157.000       0.000       0.000       0.000       0.000       0.000
      157.000       0.000       1.000       0.000
      158.000      29.945      30.112    -176.538   25759.629      65.436    -483.389    323465.1  21231658.0   24546.084      64.134
      158.000 0.000000001       0.424     192.614      27.302     0.87500     0.82448     1.20026     0.06900     0.00000       1.061
      158.000      64.133      -1.200    9999.990      38.807      40.000      40.007       0.000       0.000       0.000
      158.000   18801.490       0.099   15780.186   10706.447   22082.074     514.067      -0.069      -0.000       0.003
      158.000     626.225   24546.084    -514.067      16.957       0.007      -0.000
      158.000       0.000  208790.000       0.000       0.000       0.000
      158.000       0.000       0.000       0.000       0.000       0.000
      158.000       0.000       1.000       0.000
      159.001      29.974      30.141    -176.469   25760.094      65.472    -483.252    322981.7  21231144.0   24546.555      64.172
      159.001 0.000000001       0.435     192.385      27.302     0.87500     0.82448     1.20026     0.06900     0.00000       1.061
      159.001      64.172      -1.200    9999.990      38.807      40.000      40.007       0.000       0.000       0.000
      159.001   18801.850       0.100   15780.488   10691.700   22089.744     513.907      -0.069      -0.000       0.003
      159.001     630.205   24546.555    -513.907      17.421       0.007      -0.000
      159.001       0.000  208790.000       0.000       0.000       0.000
      159.001       0.000       0.000       0.000       0.000       0.000
      159.001       0.000       1.000       0.000
      160.001      30.003      30.170    -176.400   25760.543      65.509    -483.111    322498.5  21230630.0   24547.014      64.211
      160.001 0.000000001       0.447     192.161      27.303     0.87500     0.82448     1.20026     0.06900     0.00000       1.061
      160.001      64.211      -1.199    9999.990      38.808      40.000      40.007       0.000       0.000       0.000
      160.001   18802.199       0.099   15780.779   10676.923   22097.402     513.742      -0.069      -0.000       0.003
      160.001     634.184   24547.010    -513.742      17.898       0.007      -0.000
      160.001       0.000  208790.000       0.000       0.000       0.000
      160.001       0.000       0.000       0.000       0.000       0.000
      160.001       0.000       1.000       0.000
      161.001      30.032      30.199    -176.331   25760.994      65.546    -482.965    322015.4  21230116.0   24547.471      64.250
      161.001 0.000000002       0.460     191.942      27.303     0.87500     0.82448     1.20026     0.06900     0.00000       1.061
      161.001      64.250      -1.199    9999.990      38.808      40.000      40.007       0.000       0.000       0.000
      161.001   18802.549       0.099   15781.076   10662.119   22105.062     513.572      -0.069      -0.000       0.003
      161.001     638.162   24547.469    -513.572      18.387       0.007      -0.000
      161.001       0.000  208790.000       0.000       0.000       0.000
      161.001       0.000       0.000       0.000       0.000       0.000
      161.001       0.000       1.000       0.000
      162.001      30.061      30.228    -176.262   25761.443      65.582    -482.815    321532.6  21229602.0   24547.922      64.289
      162.001 0.000000002       0.472     191.728      27.304     0.87500     0.82448     1.20026     0.06900     0.00000       1.061
      162.001      64.289      -1.198    9999.990      38.809      40.000      40.007       0.000       0.000       0.000
      162.001   18802.900       0.099   15781.366   10647.290   22112.717     513.397      -0.069      -0.000       0.003
      162.001     642.141   24547.924    -513.397      18.889       0.007      -0.000
      162.001       0.000  208790.000       0.000       0.000       0.000
      162.001       0.000       0.000       0.000       0.000       0.000
      162.001       0.000       1.000       0.000
      163.001      30.089      30.256    -176.193   25761.887      65.619    -482.659    321049.8  21229088.0   24548.377      64.328
      163.001 0.000000002       0.485     191.519      27.304     0.87500     0.82448     1.20026     0.06900     0.00000       1.061
      163.001      64.328      -1.198    9999.990      38.809      40.000      40.007       0.000       0.000       0.000
      163.001   18803.246       0.097   15781.658   10632.431   22120.371     513.217      -0.069      -0.000       0.003
      163.001     646.120   24548.377    -513.217      19.404       0.007      -0.000
      163.001       0.000  208790.000       0.000       0.000       0.000
      163.001       0.000       0.000       0.000       0.000       0.000
      163.001       0.000       1.000       0.000
      164.001      30.118      30.285    -176.124   25762.320      65.656    -482.498    320567.2  21228576.0   24548.816      64.367
      164.001 0.000000002       0.498     191.316      27.305     0.87500     0.82448     1.20026     0.06900     0.00000       1.061
      164.001      64.367      -1.197    9999.990      38.809      40.000      40.007       0.000       0.000       0.000
      164.001   18803.582       0.097   15781.938   10617.534   22128.016     513.031      -0.069      -0.000       0.003
      164.001     650.097   24548.814    -513.031      19.933       0.008      -0.000
      164.001       0.000  208790.000       0.000       0.000       0.000
      164.001       0.000       0.000       0.000       0.000       0.000
      164.001       0.000       1.000       0.000
      165.001      30.147      30.314    -176.055   25762.756      65.693    -482.333    320084.8  21228062.0   24549.258      64.406
      165.001 0.000000002       0.512     191.117      27.305     0.87500     0.82448     1.20026     0.06900     0.00000       1.061
      165.001      64.406      -1.197    9999.990      38.810      40.000      40.007       0.000       0.000       0.000
      165.001   18803.918       0.099   15782.222   10602.615   22135.662     512.841      -0.069      -0.000       0.003
      165.001     654.076   24549.254    -512.841      20.476       0.008      -0.000
      165.001       0.000  208790.000       0.000       0.000       0.000
      165.001       0.000       0.000       0.000       0.000       0.000
      165.001       0.000       1.000       0.000
      166.001      30.175      30.343    -175.986   25763.186      65.730    -482.162    319602.5  21227550.0   24549.693      64.446
      166.001 0.000000002       0.526     190.923      27.306     0.87500     0.82448     1.20026     0.06900     0.00000       1.061
      166.001      64.445      -1.197    9999.990      38.810      40.000      40.007       0.000       0.000       0.000
      166.001   18804.258       0.100   15782.504   10587.667   22143.307     512.645      -0.069      -0.000       0.003
      166.001     658.058   24549.693    -512.645      21.033       0.008      -0.000
      166.001       0.000  208790.000       0.000       0.000       0.000
      166.001       0.000       0.000       0.000       0.000       0.000
      166.001       0.000       1.000       0.000
      167.001      30.204      30.371    -175.917   25763.605      65.767    -481.985    319120.5  21227038.0   24550.121      64.485
      167.001 0.000000002       0.540     190.735      27.306     0.87500     0.82448     1.20026     0.06900     0.00000       1.061
      167.001      64.485      -1.196    9999.990      38.811      40.000      40.007       0.000       0.000       0.000
      167.001   18804.586       0.100   15782.777   10572.688   22150.939     512.443      -0.069      -0.000       0.003
      167.001     662.036   24550.121    -512.443      21.605       0.008      -0.000
      167.001       0.000  208790.000       0.000       0.000       0.000
      167.001       0.000       0.000       0.000       0.000       0.000
      167.001       0.000       1.000       0.000
      168.001      30.232      30.400    -175.848   25764.021      65.804    -481.803    318638.6  21226526.0   24550.545      64.524
      168.001 0.000000002       0.555     190.551      27.307     0.87500     0.82448     1.20026     0.06900     0.00000       1.061
      168.001      64.524      -1.196    9999.990      38.811      40.000      40.007       0.000       0.000       0.000
      168.001   18804.904       0.100   15783.048   10557.682   22158.568     512.236      -0.069      -0.000       0.003
      168.001     666.018   24550.541    -512.236      22.191       0.009      -0.000
      168.001       0.000  208790.000       0.000       0.000       0.000
      168.001       0.000       0.000       0.000       0.000       0.000
      168.001       0.000       1.000       0.000
      169.001      30.261      30.428    -175.778   25764.436      65.841    -481.616    318156.8  21226014.0   24550.967      64.563
      169.001 0.000000002       0.570     190.372      27.307     0.87500     0.82448     1.20026     0.06900     0.00000       1.061
      169.001      64.563      -1.195    9999.990      38.812      40.000      40.007       0.000       0.000       0.000
      169.001   18805.230       0.100   15783.320   10542.643   22166.201     512.023      -0.069      -0.000       0.003
      169.001     670.000   24550.965    -512.023      22.793       0.009      -0.001
      169.001       0.000  208790.000       0.000       0.000       0.000
      169.001       0.000       0.000       0.000       0.000       0.000
      169.001       0.000       1.000       0.000
      170.001      30.289      30.457    -175.709   25764.840      65.878    -481.423    317675.3  21225502.0   24551.375      64.603
      170.001 0.000000002       0.585     190.198      27.308     0.87500     0.82448     1.20026     0.06900     0.00000       1.061
      170.001      64.603      -1.194    9999.990      38.812      40.000      40.007       0.000       0.000       0.000
      170.001   18805.543       0.100   15783.582   10527.573   22173.818     511.803      -0.069      -0.000       0.003
      170.001     673.975   24551.373    -511.803      23.411       0.009      -0.001
      170.001       0.000  208790.000       0.000       0.000       0.000
      170.001       0.000       0.000       0.000       0.000       0.000
      170.001       0.000       1.000       0.000
      171.001      30.318      30.486    -175.640   25765.240      65.915    -481.223    317194.0  21224990.0   24551.783      64.642
      171.001 0.000000002       0.601     190.029      27.308     0.87500     0.82448     1.20026     0.06900     0.00000       1.061
      171.001      64.642      -1.194    9999.990      38.813      40.000      40.007       0.000       0.000       0.000
      171.001   18805.857       0.101   15783.848   10512.477   22181.439     511.578      -0.069      -0.000       0.003
      171.001     677.958   24551.785    -511.578      24.044       0.009      -0.001
      171.001       0.000  208790.000       0.000       0.000       0.000
      171.001       0.000       0.000       0.000       0.000       0.000
      171.001       0.000       1.000       0.000
      172.001      30.346      30.514    -175.570   25765.643      65.952    -481.018    316712.9  21224478.0   24552.191      64.682
      172.001 0.000000002       0.617     189.865      27.308     0.87500     0.82448     1.20026     0.06900     0.00000       1.061
      172.001      64.682      -1.193    9999.990      38.814      40.000      40.007       0.000       0.000       0.000
      172.001   18806.170       0.101   15784.107   10497.352   22189.057     511.347      -0.069      -0.000       0.003
      172.001     681.937   24552.191    -511.347      24.695       0.010      -0.001
      172.001       0.000  208790.000       0.000       0.000       0.000
      172.001       0.000       0.000       0.000       0.000       0.000
      172.001       0.000       1.000       0.000
      173.001      30.374      30.542    -175.501   25766.029      65.990    -480.807    316231.9  21223966.0   24552.586      64.721
      173.001 0.000000002       0.634     189.705      27.309     0.87500     0.82448     1.20026     0.06900     0.00000       1.061
      173.001      64.721      -1.193    9999.990      38.814      40.000      40.007       0.000       0.000       0.000
      173.001   18806.471       0.099   15784.362   10482.197   22196.662     511.109      -0.069      -0.000       0.003
      173.001     685.917   24552.586    -511.109      25.362       0.010      -0.001
      173.001       0.000  208790.000       0.000       0.000       0.000
      173.001       0.000       0.000       0.000       0.000       0.000
      173.001       0.000       1.000       0.000
      174.001      30.403      30.571    -175.432   25766.410      66.027    -480.589    315751.2  21223456.0   24552.973      64.761
      174.001 0.000000002       0.651     189.550      27.309     0.87500     0.82448     1.20026     0.06900     0.00000       1.061
      174.001      64.761      -1.192    9999.990      38.815      40.000      40.007       0.000       0.000       0.000
      174.001   18806.768       0.099   15784.609   10467.008   22204.262     510.865      -0.069      -0.000       0.003
      174.001     689.901   24552.971    -510.865      26.046       0.010      -0.001
      174.001       0.000  208790.000       0.000       0.000       0.000
      174.001       0.000       0.000       0.000       0.000       0.000
      174.001       0.000       1.000       0.000
      175.001      30.431      30.599    -175.362   25766.791      66.064    -480.365    315270.8  21222946.0   24553.361      64.801
      175.001 0.000000002       0.669     189.400      27.310     0.87500     0.82448     1.20026     0.06900     0.00000       1.061
      175.001      64.800      -1.192    9999.990      38.815      40.000      40.007       0.000       0.000       0.000
      175.001   18807.068       0.101   15784.857   10451.790   22211.863     510.614      -0.069      -0.000       0.003
      175.001     693.882   24553.361    -510.614      26.748       0.010      -0.001
      175.001       0.000  208790.000       0.000       0.000       0.000
      175.001       0.000       0.000       0.000       0.000       0.000
      175.001       0.000       1.000       0.000
      176.002      30.459      30.627    -175.292   25767.158      66.102    -480.135    314790.5  21222434.0   24553.734      64.840
      176.002 0.000000002       0.687     189.254      27.310     0.87500     0.82448     1.20026     0.06900     0.00000       1.061
      176.002      64.840      -1.191    9999.990      38.816      40.000      40.007       0.000       0.000       0.000
      176.002   18807.352       0.100   15785.098   10436.543   22219.451     510.357      -0.069      -0.000       0.003
      176.002     697.858   24553.732    -510.357      27.468       0.011      -0.001
      176.002       0.000  208790.000       0.000       0.000       0.000
      176.002       0.000       0.000       0.000       0.000       0.000
      176.002       0.000       1.000       0.000
      177.002      30.487      30.656    -175.223   25767.527      66.139    -479.897    314310.5  21221924.0   24554.113      64.880
      177.002 0.000000002       0.705     189.113      27.311     0.87500     0.82448     1.20026     0.06900     0.00000       1.061
      177.002      64.880      -1.190    9999.990      38.817      40.000      40.007       0.000       0.000       0.000
      177.002   18807.641       0.100   15785.340   10421.269   22227.041     510.092      -0.069      -0.000       0.003
      177.002     701.844   24554.109    -510.092      28.210       0.011      -0.001
      177.002       0.000  208790.000       0.000       0.000       0.000
      177.002       0.000       0.000       0.000       0.000       0.000
      177.002       0.000       1.000       0.000
      178.002      30.515      30.684    -175.153   25767.883      66.177    -479.653    313830.7  21221414.0   24554.473      64.920
      178.002 0.000000002       0.724     188.976      27.311     0.87500     0.82448     1.20026     0.06900     0.00000       1.061
      178.002      64.920      -1.190    9999.990      38.817      40.000      40.007       0.000       0.000       0.000
      178.002   18807.920       0.100   15785.572   10405.965   22234.615     509.820      -0.069      -0.000       0.003
      178.002     705.823   24554.473    -509.820      28.971       0.011      -0.001
      178.002       0.000  208790.000       0.000       0.000       0.000
      178.002       0.000       0.000       0.000       0.000       0.000
      178.002       0.000       1.000       0.000
      179.002      30.543      30.712    -175.083   25768.234      66.215    -479.401    313351.1  21220904.0   24554.832      64.960
      179.002 0.000000002       0.744     188.844      27.311     0.87500     0.82448     1.20026     0.06900     0.00000       1.061
      179.002      64.960      -1.189    9999.990      38.818      40.000      40.007       0.000       0.000       0.000
      179.002   18808.193       0.100   15785.801   10390.627   22242.189     509.541      -0.069      -0.000       0.003
      179.002     709.804   24554.830    -509.541      29.752       0.011      -0.001
      179.002       0.000  208790.000       0.000       0.000       0.000
      179.002       0.000       0.000       0.000       0.000       0.000
      179.002       0.000       1.000       0.000
      180.002      30.571      30.740    -175.014   25768.578      66.252    -479.143    312871.8  21220396.0   24555.180      65.000
      180.002 0.000000003       0.764     188.716      27.312     0.87500     0.82448     1.20026     0.06900     0.00000       1.061
      180.002      65.000      -1.188    9999.990      38.819      40.000      40.007       0.000       0.000       0.000
      180.002   18808.463       0.098   15786.023   10375.258   22249.754     509.255      -0.069      -0.000       0.003
      180.002     713.790   24555.178    -509.255      30.554       0.012      -0.001
      180.002       0.000  208790.000       0.000       0.000       0.000
      180.002       0.000       0.000       0.000       0.000       0.000
      180.002       0.000       1.000       0.000
      181.002      30.599      30.768    -174.944   25768.912      66.290    -478.876    312392.8  21219886.0   24555.523      65.040
      181.002 0.000000003       0.784     188.593      27.312     0.87500     0.82448     1.20026     0.06900     0.00000       1.061
      181.002      65.040      -1.188    9999.990      38.819      40.000      40.007       0.000       0.000       0.000
      181.002   18808.723       0.100   15786.242   10359.860   22257.312     508.961      -0.069      -0.000       0.003
      181.002     717.770   24555.518    -508.961      31.375       0.012      -0.001
      181.002       0.000  208790.000       0.000       0.000       0.000
      181.002       0.000       0.000       0.000       0.000       0.000
      181.002       0.000       1.000       0.000
      182.002      30.627      30.796    -174.874   25769.246      66.328    -478.603    311914.1  21219378.0   24555.863      65.080
      182.002 0.000000003       0.805     188.475      27.313     0.87500     0.82448     1.20026     0.06900     0.00000       1.061
      182.002      65.080      -1.187    9999.990      38.820      40.000      40.007       0.000       0.000       0.000
      182.002   18808.984       0.103   15786.464   10344.435   22264.867     508.659      -0.069      -0.000       0.003
      182.002     721.751   24555.861    -508.659      32.219       0.012      -0.001
      182.002       0.000  208790.000       0.000       0.000       0.000
      182.002       0.000       0.000       0.000       0.000       0.000
      182.002       0.000       1.000       0.000
      183.002      30.655      30.824    -174.804   25769.562      66.366    -478.321    311435.6  21218868.0   24556.189      65.120
      183.002 0.000000003       0.827     188.361      27.313     0.87500     0.82448     1.20026     0.06900     0.00000       1.061
      183.002      65.120      -1.186    9999.990      38.821      40.000      40.007       0.000       0.000       0.000
      183.002   18809.236       0.098   15786.673   10328.979   22272.408     508.349      -0.069      -0.000       0.003
      183.002     725.734   24556.189    -508.349      33.083       0.013      -0.001
      183.002       0.000  208790.000       0.000       0.000       0.000
      183.002       0.000       0.000       0.000       0.000       0.000
      183.002       0.000       1.000       0.000
      184.002      30.683      30.852    -174.734   25769.881      66.404    -478.031    310957.4  21218360.0   24556.514      65.160
      184.002 0.000000003       0.849     188.251      27.313     0.87500     0.82448     1.20026     0.06900     0.00000       1.061
      184.002      65.160      -1.185    9999.990      38.821      40.000      40.007       0.000       0.000       0.000
      184.002   18809.484       0.100   15786.882   10313.490   22279.949     508.031      -0.069      -0.000       0.003
      184.002     729.717   24556.514    -508.031      33.970       0.013      -0.001
      184.002       0.000  208790.000       0.000       0.000       0.000
      184.002       0.000       0.000       0.000       0.000       0.000
      184.002       0.000       1.000       0.000
      185.002      30.711      30.880    -174.664   25770.184      66.441    -477.733    310479.5  21217852.0   24556.824      65.201
      185.002 0.000000003       0.872     188.145      27.314     0.87500     0.82448     1.20026     0.06900     0.00000       1.061
      185.002      65.200      -1.185    9999.990      38.822      40.000      40.007       0.000       0.000       0.000
      185.002   18809.725       0.102   15787.077   10297.968   22287.477     507.704      -0.069      -0.000       0.003
      185.002     733.698   24556.824    -507.704      34.879       0.013      -0.001
      185.002       0.000  208790.000       0.000       0.000       0.000
      185.002       0.000       0.000       0.000       0.000       0.000
      185.002       0.000       1.000       0.000
      186.002      30.739      30.908    -174.594   25770.484      66.479    -477.427    310001.9  21217346.0   24557.129      65.241
      186.002 0.000000003       0.895     188.044      27.314     0.87500     0.82448     1.20026     0.06900     0.00000       1.061
      186.002      65.241      -1.184    9999.990      38.823      40.000      40.007       0.000       0.000       0.000
      186.002   18809.957       0.103   15787.272   10282.420   22294.998     507.369      -0.069      -0.000       0.003
      186.002     737.681   24557.127    -507.369      35.812       0.014      -0.001
      186.002       0.000  208790.000       0.000       0.000       0.000
      186.002       0.000       0.000       0.000       0.000       0.000
      186.002       0.000       1.000       0.000
      187.002      30.766      30.936    -174.524   25770.771      66.518    -477.113    309524.6  21216838.0   24557.424      65.281
      187.002 0.000000003       0.919     187.947      27.314     0.87500     0.82448     1.20026     0.06900     0.00000       1.061
      187.002      65.281      -1.183    9999.990      38.824      40.000      40.007       0.000       0.000       0.000
      187.002   18810.184       0.105   15787.464   10266.840   22302.512     507.025      -0.069      -0.000       0.003
      187.002     741.663   24557.422    -507.025      36.768       0.014      -0.001
      187.002       0.000  208790.000       0.000       0.000       0.000
      187.002       0.000       0.000       0.000       0.000       0.000
      187.002       0.000       1.000       0.000
      188.002      30.794      30.964    -174.454   25771.053      66.556    -476.789    309047.7  21216332.0   24557.713      65.322
      188.002 0.000000003       0.944     187.855      27.315     0.87500     0.82448     1.20026     0.06900     0.00000       1.061
      188.002      65.321      -1.182    9999.990      38.825      40.000      40.007       0.000       0.000       0.000
      188.002   18810.404       0.100   15787.648   10251.233   22310.014     506.673      -0.069      -0.000       0.003
      188.002     745.647   24557.711    -506.673      37.748       0.015      -0.001
      188.002       0.000  208790.000       0.000       0.000       0.000
      188.002       0.000       0.000       0.000       0.000       0.000
      188.002       0.000       1.000       0.000
      189.002      30.822      30.991    -174.384   25771.322      66.594    -476.457    308571.0  21215824.0   24557.988      65.362
      189.002 0.000000003       0.969     187.767      27.315     0.87500     0.82448     1.20026     0.06900     0.00000       1.061
      189.002      65.362      -1.181    9999.990      38.826      40.000      40.007       0.000       0.000       0.000
      189.002   18810.619       0.099   15787.825   10235.589   22317.510     506.311      -0.069      -0.000       0.003
      189.002     749.630   24557.988    -506.311      38.753       0.015      -0.001
      189.002       0.000  208790.000       0.000       0.000       0.000
      189.002       0.000       0.000       0.000       0.000       0.000
      189.002       0.000       1.000       0.000
      190.002      30.849      31.019    -174.314   25771.588      66.632    -476.115    308094.8  21215318.0   24558.262      65.403
      190.002 0.000000003       0.994     187.683      27.315     0.87500     0.82448     1.20026     0.06900     0.00000       1.061
      190.002      65.402      -1.180    9999.990      38.826      40.000      40.007       0.000       0.000       0.000
      190.002   18810.826       0.101   15788.001   10219.914   22324.998     505.939      -0.069      -0.000       0.003
      190.002     753.613   24558.260    -505.939      39.783       0.015      -0.001
      190.002       0.000  208790.000       0.000       0.000       0.000
      190.002       0.000       0.000       0.000       0.000       0.000
      190.002       0.000       1.000       0.000
      191.002      30.877      31.047    -174.243   25771.840      66.670    -475.764    307618.8  21214812.0   24558.520      65.443
      191.002 0.000000003       1.021     187.603      27.315     0.87500     0.82448     1.20026     0.06900     0.00000       1.061
      191.002      65.443      -1.180    9999.990      38.827      40.000      40.007       0.000       0.000       0.000
      191.002   18811.025       0.102   15788.164   10204.210   22332.473     505.559      -0.069      -0.000       0.003
      191.002     757.596   24558.518    -505.559      40.840       0.016      -0.001
      191.002       0.000  208790.000       0.000       0.000       0.000
      191.002       0.000       0.000       0.000       0.000       0.000
      191.002       0.000       1.000       0.000
      192.003      30.905      31.074    -174.173   25772.082      66.709    -475.403    307143.2  21214308.0   24558.766      65.484
      192.003 0.000000003       1.048     187.527      27.316     0.87500     0.82448     1.20026     0.06900     0.00000       1.061
      192.003      65.484      -1.179    9999.990      38.828      40.000      40.007       0.000       0.000       0.000
      192.003   18811.215       0.102   15788.323   10188.476   22339.938     505.168      -0.069      -0.000       0.003
      192.003     761.580   24558.766    -505.168      41.923       0.016      -0.001
      192.003       0.000  208790.000       0.000       0.000       0.000
      192.003       0.000       0.000       0.000       0.000       0.000
      192.003       0.000       1.000       0.000
      193.003      30.932      31.102    -174.103   25772.316      66.747    -475.033    306667.9  21213802.0   24559.008      65.525
      193.003 0.000000004       1.076     187.456      27.316     0.87500     0.82447     1.20026     0.06900     0.00000       1.061
      193.003      65.524      -1.178    9999.990      38.829      40.000      40.007       0.000       0.000       0.000
      193.003   18811.398       0.099   15788.479   10172.713   22347.395     504.767      -0.069      -0.000       0.003
      193.003     765.565   24559.006    -504.767      43.033       0.017      -0.001
      193.003       0.000  208790.000       0.000       0.000       0.000
      193.003       0.000       0.000       0.000       0.000       0.000
      193.003       0.000       1.000       0.000
      194.003      30.960      31.130    -174.032   25772.541      66.786    -474.652    306193.1  21213298.0   24559.238      65.565
      194.003 0.000000004       1.104     187.389      27.316     0.87500     0.82447     1.20026     0.06900     0.00000       1.061
      194.003      65.565      -1.177    9999.990      38.830      40.000      40.007       0.000       0.000       0.000
      194.003   18811.580       0.101   15788.626   10156.913   22354.842     504.356      -0.069      -0.000       0.003
      194.003     769.547   24559.238    -504.356      44.171       0.017      -0.001
      194.003       0.000  208790.000       0.000       0.000       0.000
      194.003       0.000       0.000       0.000       0.000       0.000
      194.003       0.000       1.000       0.000
      195.003      30.987      31.157    -173.962   25772.756      66.824    -474.261    305718.6  21212794.0   24559.459      65.606
      195.003 0.000000004       1.133     187.326      27.317     0.87500     0.82447     1.20026     0.06900     0.00000       1.061
      195.003      65.606      -1.176    9999.990      38.831      40.000      40.007       0.000       0.000       0.000
      195.003   18811.748       0.099   15788.769   10141.082   22362.281     503.935      -0.069      -0.000       0.003
      195.003     773.531   24559.461    -503.935      45.337       0.017      -0.001
      195.003       0.000  208790.000       0.000       0.000       0.000
      195.003       0.000       0.000       0.000       0.000       0.000
      195.003       0.000       1.000       0.000
      196.003      31.014      31.185    -173.892   25772.957      66.863    -473.860    305244.5  21212290.0   24559.672      65.647
      196.003 0.000000004       1.163     187.267      27.317     0.87500     0.82447     1.20026     0.06900     0.00000       1.061
      196.003      65.647      -1.175    9999.990      38.832      40.000      40.007       0.000       0.000       0.000
      196.003   18811.910       0.102   15788.902   10125.223   22369.707     503.503      -0.069      -0.000       0.003
      196.003     777.519   24559.670    -503.503      46.532       0.018      -0.001
      196.003       0.000  208790.000       0.000       0.000       0.000
      196.003       0.000       0.000       0.000       0.000       0.000
      196.003       0.000       1.000       0.000
      197.003      31.042      31.212    -173.821   25773.150      66.901    -473.448    304770.8  21211786.0   24559.869      65.688
      197.003 0.000000004       1.194     187.212      27.317     0.87500     0.82447     1.20026     0.06900     0.00000       1.061
      197.003      65.688      -1.174    9999.990      38.833      40.000      40.007       0.000       0.000       0.000
      197.003   18812.062       0.102   15789.029   10109.333   22377.119     503.059      -0.069      -0.000       0.003
      197.003     781.500   24559.869    -503.059      47.757       0.018      -0.001
      197.003       0.000  208790.000       0.000       0.000       0.000
      197.003       0.000       0.000       0.000       0.000       0.000
      197.003       0.000       1.000       0.000
      198.003      31.069      31.239    -173.750   25773.330      66.940    -473.024    304297.6  21211284.0   24560.055      65.729
      198.003 0.000000004       1.225     187.162      27.317     0.87500     0.82447     1.20026     0.06900     0.00000       1.061
      198.003      65.729      -1.173    9999.990      38.834      40.000      40.007       0.000       0.000       0.000
      198.003   18812.205       0.100   15789.148   10093.412   22384.520     502.605      -0.069      -0.000       0.003
      198.003     785.484   24560.055    -502.605      49.012       0.019      -0.001
      198.003       0.000  208790.000       0.000       0.000       0.000
      198.003       0.000       0.000       0.000       0.000       0.000
      198.003       0.000       1.000       0.000
      199.003      31.096      31.267    -173.680   25773.500      66.979    -472.590    303824.8  21210782.0   24560.232      65.770
      199.003 0.000000004       1.257     187.115      27.317     0.87500     0.82447     1.20026     0.06900     0.00000       1.061
      199.003      65.770      -1.172    9999.990      38.835      40.000      40.007       0.000       0.000       0.000
      199.003   18812.344       0.101   15789.259   10077.454   22391.912     502.139      -0.069      -0.000       0.003
      199.003     789.469   24560.232    -502.139      50.296       0.019      -0.001
      199.003       0.000  208790.000       0.000       0.000       0.000
      199.003       0.000       0.000       0.000       0.000       0.000
      199.003       0.000       1.000       0.000
      200.003      31.123      31.294    -173.609   25773.658      67.017    -472.144    303352.3  21210280.0   24560.396      65.811
      200.003 0.000000004       1.290     187.073      27.318     0.87500     0.82447     1.20026     0.06900     0.00000       1.061
      200.003      65.811      -1.170    9999.990      38.836      40.000      40.007       0.000       0.000       0.000
      200.003   18812.469       0.102   15789.366   10061.468   22399.293     501.661      -0.068      -0.000       0.003
      200.003     793.452   24560.396    -501.661      51.613       0.020      -0.001
      200.003       0.000  208790.000       0.000       0.000       0.000
      200.003       0.000       0.000       0.000       0.000       0.000
      200.003       0.000       1.000       0.000
      201.003      31.151      31.321    -173.538   25773.807      67.056    -471.686    302880.4  21209778.0   24560.553      65.852
      201.003 0.000000004       1.324     187.034      27.318     0.87500     0.82447     1.20026     0.06900     0.00000       1.061
      201.003      65.852      -1.169    9999.990      38.838      40.000      40.007       0.000       0.000       0.000
      201.003   18812.588       0.105   15789.465   10045.449   22406.662     501.172      -0.068      -0.000       0.003
      201.003     797.436   24560.551    -501.172      52.961       0.020      -0.001
      201.003       0.000  208790.000       0.000       0.000       0.000
      201.003       0.000       0.000       0.000       0.000       0.000
      201.003       0.000       1.000       0.000
      202.003      31.178      31.348    -173.468   25773.943      67.095    -471.216    302408.9  21209276.0   24560.695      65.893
      202.003 0.000000005       1.358     187.000      27.318     0.87500     0.82447     1.20026     0.06900     0.00000       1.061
      202.003      65.893      -1.168    9999.990      38.839      40.000      40.007       0.000       0.000       0.000
      202.003   18812.699       0.102   15789.556   10029.402   22414.018     500.670      -0.068      -0.000       0.003
      202.003     801.422   24560.695    -500.670      54.343       0.021      -0.001
      202.003       0.000  208790.000       0.000       0.000       0.000
      202.003       0.000       0.000       0.000       0.000       0.000
      202.003       0.000       1.000       0.000
      203.003      31.205      31.376    -173.397   25774.062      67.134    -470.734    301937.9  21208776.0   24560.820      65.935
      203.003 0.000000005       1.394     186.969      27.318     0.87500     0.82447     1.20026     0.06900     0.00000       1.061
      203.003      65.934      -1.167    9999.990      38.840      40.000      40.007       0.000       0.000       0.000
      203.003   18812.793       0.098   15789.637   10013.320   22421.355     500.156      -0.068      -0.000       0.003
      203.003     805.404   24560.818    -500.156      55.758       0.021      -0.001
      203.003       0.000  208790.000       0.000       0.000       0.000
      203.003       0.000       0.000       0.000       0.000       0.000
      203.003       0.000       1.000       0.000
      204.003      31.232      31.403    -173.326   25774.168      67.173    -470.239    301467.5  21208276.0   24560.934      65.976
      204.003 0.000000005       1.430     186.943      27.318     0.87500     0.82447     1.20026     0.06900     0.00000       1.061
      204.003      65.976      -1.166    9999.990      38.841      40.000      40.007       0.000       0.000       0.000
      204.003   18812.881       0.102   15789.711    9997.202   22428.684     499.628      -0.068      -0.000       0.003
      204.003     809.391   24560.934    -499.628      57.207       0.022      -0.001
      204.003       0.000  208790.000       0.000       0.000       0.000
      204.003       0.000       0.000       0.000       0.000       0.000
      204.003       0.000       1.000       0.000
      205.003      31.259      31.430    -173.255   25774.264      67.212    -469.731    300997.5  21207778.0   24561.035      66.017
      205.003 0.000000005       1.467     186.920      27.318     0.87500     0.82447     1.20026     0.06900     0.00000       1.061
      205.003      66.017      -1.164    9999.990      38.842      40.000      40.007       0.000       0.000       0.000
      205.003   18812.963       0.102   15789.771    9981.054   22435.996     499.088      -0.068      -0.000       0.003
      205.003     813.378   24561.035    -499.088      58.692       0.023      -0.001
      205.003       0.000  208790.000       0.000       0.000       0.000
      205.003       0.000       0.000       0.000       0.000       0.000
      205.003       0.000       1.000       0.000
      206.003      31.286      31.457    -173.184   25774.352      67.251    -469.210    300528.0  21207278.0   24561.129      66.059
      206.003 0.000000005       1.505     186.902      27.318     0.87500     0.82447     1.20026     0.06900     0.00000       1.061
      206.003      66.058      -1.163    9999.990      38.844      40.000      40.007       0.000       0.000       0.000
      206.003   18813.037       0.104   15789.832    9964.877   22443.303     498.534      -0.068      -0.000       0.003
      206.003     817.359   24561.131    -498.534      60.212       0.023      -0.001
      206.003       0.000  208790.000       0.000       0.000       0.000
      206.003       0.000       0.000       0.000       0.000       0.000
      206.003       0.000       1.000       0.000
      207.003      31.313      31.484    -173.113   25774.420      67.290    -468.675    300059.0  21206780.0   24561.205      66.100
      207.003 0.000000005       1.544     186.887      27.318     0.87500     0.82447     1.20026     0.06900     0.00000       1.061
      207.003      66.100      -1.162    9999.990      38.845      40.000      40.007       0.000       0.000       0.000
      207.003   18813.092       0.104   15789.880    9948.667   22450.586     497.967      -0.068      -0.000       0.003
      207.003     821.347   24561.203    -497.967      61.769       0.024      -0.001
      207.003       0.000  208790.000       0.000       0.000       0.000
      207.003       0.000       0.000       0.000       0.000       0.000
      207.003       0.000       1.000       0.000
      208.003      31.339      31.511    -173.042   25774.473      67.330    -468.127    299590.6  21206282.0   24561.262      66.142
      208.003 0.000000005       1.584     186.877      27.319     0.87500     0.82447     1.20026     0.06900     0.00000       1.061
      208.003      66.141      -1.160    9999.990      38.846      40.000      40.007       0.000       0.000       0.000
      208.003   18813.141       0.102   15789.913    9932.423   22457.855     497.385      -0.068      -0.000       0.003
      208.003     825.333   24561.262    -497.385      63.363       0.024      -0.001
      208.003       0.000  208790.000       0.000       0.000       0.000
      208.003       0.000       0.000       0.000       0.000       0.000
      208.003       0.000       1.000       0.000
      209.004      31.366      31.538    -172.971   25774.512      67.369    -467.564    299122.8  21205786.0   24561.309      66.183
      209.004 0.000000005       1.625     186.870      27.319     0.87500     0.82447     1.20026     0.06900     0.00000       1.061
      209.004      66.183      -1.159    9999.990      38.848      40.000      40.007       0.000       0.000       0.000
      209.004   18813.176       0.101   15789.942    9916.145   22465.111     496.789      -0.068      -0.000       0.003
      209.004     829.315   24561.309    -496.789      64.996       0.025      -0.001
      209.004       0.000  208790.000       0.000       0.000       0.000
      209.004       0.000       0.000       0.000       0.000       0.000
      209.004       0.000       1.000       0.000
      210.004      31.393      31.564    -172.900   25774.539      67.408    -466.987    298655.4  21205288.0   24561.348      66.225
      210.004 0.000000006       1.666     186.867      27.319     0.87500     0.82447     1.20026     0.06900     0.00000       1.061
      210.004      66.225      -1.158    9999.990      38.849      40.000      40.007       0.000       0.000       0.000
      210.004   18813.203       0.104   15789.968    9899.836   22472.355     496.178      -0.068      -0.000       0.003
      210.004     833.304   24561.346    -496.178      66.667       0.026      -0.001
      210.004       0.000  208790.000       0.000       0.000       0.000
      210.004       0.000       0.000       0.000       0.000       0.000
      210.004       0.000       1.000       0.000
      211.004      31.420      31.591    -172.829   25774.547      67.447    -466.395    298188.7  21204792.0   24561.359      66.267
      211.004 0.000000006       1.709     186.867      27.319     0.87500     0.82447     1.20026     0.06900     0.00000       1.061
      211.004      66.266      -1.156    9999.990      38.851      40.000      40.007       0.000       0.000       0.000
      211.004   18813.217       0.105   15789.973    9883.493   22479.576     495.553      -0.068      -0.000       0.003
      211.004     837.290   24561.359    -495.553      68.378       0.026      -0.002
      211.004       0.000  208790.000       0.000       0.000       0.000
      211.004       0.000       0.000       0.000       0.000       0.000
      211.004       0.000       1.000       0.000
      212.004      31.446      31.618    -172.758   25774.541      67.487    -465.788    297722.6  21204298.0   24561.357      66.308
      212.004 0.000000006       1.753     186.867      27.319     0.87500     0.82447     1.20026     0.06900     0.00000       1.061
      212.004      66.308      -1.155    9999.990      38.852      40.000      40.007       0.000       0.000       0.000
      212.004   18813.215       0.108   15789.973    9867.120   22486.781     494.912      -0.068      -0.000       0.003
      212.004     841.275   24561.357    -494.912      70.130       0.027      -0.002
      212.004       0.000  208790.000       0.000       0.000       0.000
      212.004       0.000       0.000       0.000       0.000       0.000
      212.004       0.000       1.000       0.000
      213.004      31.473      31.645    -172.687   25774.523      67.526    -465.165    297257.0  21203802.0   24561.348      66.350
      213.004 0.000000006       1.798     186.867      27.319     0.87500     0.82447     1.20026     0.06900     0.00000       1.061
      213.004      66.350      -1.153    9999.990      38.854      40.000      40.007       0.000       0.000       0.000
      213.004   18813.203       0.103   15789.966    9850.713   22493.975     494.256      -0.068      -0.000       0.003
      213.004     845.260   24561.344    -494.256      71.922       0.028      -0.002
      213.004       0.000  208790.000       0.000       0.000       0.000
      213.004       0.000       0.000       0.000       0.000       0.000
      213.004       0.000       1.000       0.000
      214.004      31.500      31.671    -172.615   25774.486      67.566    -464.527    296792.1  21203308.0   24561.316      66.392
      214.004 0.000000006       1.844     186.867      27.319     0.87500     0.82447     1.20026     0.06900     0.00000       1.061
      214.004      66.392      -1.151    9999.990      38.855      40.000      40.007       0.000       0.000       0.000
      214.004   18813.186       0.104   15789.944    9834.269   22501.150     493.583      -0.068      -0.000       0.003
      214.004     849.247   24561.316    -493.583      73.757       0.028      -0.002
      214.004       0.000  208790.000       0.000       0.000       0.000
      214.004       0.000       0.000       0.000       0.000       0.000
      214.004       0.000       1.000       0.000
      215.004      31.526      31.698    -172.544   25774.430      67.605    -463.872    296327.9  21202816.0   24561.266      66.434
      215.004 0.000000006       1.891     186.867      27.318     0.87500     0.82447     1.20025     0.06900     0.00000       1.061
      215.004      66.434      -1.150    9999.990      38.857      40.000      40.007       0.000       0.000       0.000
      215.004   18813.148       0.102   15789.912    9817.792   22508.305     492.894      -0.068      -0.000       0.003
      215.004     853.232   24561.268    -492.894      75.635       0.029      -0.002
      215.004       0.000  208790.000       0.000       0.000       0.000
      215.004       0.000       0.000       0.000       0.000       0.000
      215.004       0.000       1.000       0.000
      216.004      31.553      31.725    -172.473   25774.357      67.645    -463.201    295864.4  21202324.0   24561.199      66.476
      216.004 0.000000006       1.939     186.867      27.318     0.87500     0.82447     1.20025     0.06900     0.00000       1.061
      216.004      66.476      -1.148    9999.990      38.859      40.000      40.007       0.000       0.000       0.000
      216.004   18813.098       0.103   15789.865    9801.285   22515.441     492.188      -0.068      -0.000       0.003
      216.004     857.218   24561.199    -492.188      77.556       0.030      -0.002
      216.004       0.000  208790.000       0.000       0.000       0.000
      216.004       0.000       0.000       0.000       0.000       0.000
      216.004       0.000       1.000       0.000
      217.004      31.579      31.751    -172.401   25774.271      67.685    -462.514    295401.5  21201832.0   24561.117      66.518
      217.004 0.000000007       1.988     186.867      27.318     0.87500     0.82447     1.20025     0.06900     0.00000       1.061
      217.004      66.518      -1.147    9999.990      38.860      40.000      40.007       0.000       0.000       0.000
      217.004   18813.035       0.101   15789.811    9784.747   22522.559     491.466      -0.068      -0.000       0.003
      217.004     861.206   24561.115    -491.466      79.522       0.031      -0.002
      217.004       0.000  208790.000       0.000       0.000       0.000
      217.004       0.000       0.000       0.000       0.000       0.000
      217.004       0.000       1.000       0.000
      218.004      31.606      31.778    -172.330   25774.166      67.725    -461.808    294939.2  21201340.0   24561.020      66.560
      218.004 0.000000007       2.038     186.867      27.318     0.87500     0.82447     1.20025     0.06900     0.00000       1.061
      218.004      66.560      -1.145    9999.990      38.862      40.000      40.007       0.000       0.000       0.000
      218.004   18812.961       0.102   15789.749    9768.171   22529.662     490.725      -0.068      -0.000       0.003
      218.004     865.191   24561.020    -490.725      81.534       0.031      -0.002
      218.004       0.000  208790.000       0.000       0.000       0.000
      218.004       0.000       0.000       0.000       0.000       0.000
      218.004       0.000       1.000       0.000
      219.004      31.632      31.804    -172.258   25774.039      67.764    -461.085    294477.8  21200850.0   24560.902      66.602
      219.004 0.000000007       2.089     186.867      27.318     0.87500     0.82447     1.20025     0.06900     0.00000       1.061
      219.004      66.602      -1.143    9999.990      38.864      40.000      40.007       0.000       0.000       0.000
      219.004   18812.871       0.103   15789.668    9751.559   22536.744     489.967      -0.068      -0.000       0.003
      219.004     869.176   24560.898    -489.967      83.591       0.032      -0.002
      219.004       0.000  208790.000       0.000       0.000       0.000
      219.004       0.000       0.000       0.000       0.000       0.000
      219.004       0.000       1.000       0.000
      220.004      31.658      31.831    -172.187   25773.896      67.804    -460.344    294017.0  21200360.0   24560.762      66.644
      220.004 0.000000007       2.142     186.867      27.318     0.87500     0.82447     1.20025     0.06900     0.00000       1.061
      220.004      66.644      -1.141    9999.990      38.866      40.000      40.007       0.000       0.000       0.000
      220.004   18812.768       0.105   15789.580    9734.916   22543.805     489.191      -0.068      -0.001       0.003
      220.004     873.164   24560.762    -489.191      85.699       0.033      -0.002
      220.004       0.000  208790.000       0.000       0.000       0.000
      220.004       0.000       0.000       0.000       0.000       0.000
      220.004       0.000       1.000       0.000
      221.004      31.685      31.857    -172.115   25773.736      67.844    -459.585    293557.0  21199872.0   24560.609      66.686
      221.004 0.000000007       2.196     186.867      27.318     0.87500     0.82447     1.20025     0.06900     0.00000       1.061
      221.004      66.686      -1.139    9999.990      38.867      40.000      40.007       0.000       0.000       0.000
      221.004   18812.650       0.107   15789.480    9718.242   22550.848     488.396      -0.068      -0.000       0.003
      221.004     877.150   24560.609    -488.396      87.873       0.034      -0.002
      221.004       0.000  208790.000       0.000       0.000       0.000
      221.004       0.000       0.000       0.000       0.000       0.000
      221.004       0.000       1.000       0.000
      222.004      31.711      31.883    -172.043   25773.553      67.884    -458.807    293097.8  21199384.0   24560.436      66.729
      222.004 0.000000007       2.252     186.867      27.318     0.87500     0.82447     1.20025     0.06900     0.00000       1.061
      222.004      66.729      -1.138    9999.990      38.869      40.000      40.007       0.000       0.000       0.000
      222.004   18812.516       0.105   15789.366    9701.533   22557.867     487.582      -0.068      -0.000       0.003
      222.004     881.137   24560.432    -487.582      90.097       0.035      -0.002
      222.004       0.000  208790.000       0.000       0.000       0.000
      222.004       0.000       0.000       0.000       0.000       0.000
      222.004       0.000       1.000       0.000
      223.004      31.737      31.910    -171.972   25773.350      67.924    -458.009    292639.3  21198896.0   24560.234      66.771
      223.004 0.000000008       2.309     186.867      27.317     0.87500     0.82447     1.20025     0.06900     0.00000       1.061
      223.004      66.771      -1.136    9999.990      38.871      40.000      40.007       0.000       0.000       0.000
      223.004   18812.367       0.102   15789.235    9684.784   22564.865     486.748      -0.068      -0.000       0.003
      223.004     885.123   24560.234    -486.748      92.371       0.036      -0.002
      223.004       0.000  208790.000       0.000       0.000       0.000
      223.004       0.000       0.000       0.000       0.000       0.000
      223.004       0.000       1.000       0.000
      224.004      31.763      31.936    -171.900   25773.127      67.964    -457.191    292181.7  21198410.0   24560.020      66.814
      224.004 0.000000008       2.367     186.867      27.317     0.87500     0.82447     1.20025     0.06900     0.00000       1.061
      224.004      66.813      -1.134    9999.990      38.873      40.000      40.007       0.000       0.000       0.000
      224.004   18812.205       0.105   15789.096    9668.003   22571.846     485.894      -0.068      -0.000       0.003
      224.004     889.110   24560.021    -485.894      94.698       0.037      -0.002
      224.004       0.000  208790.000       0.000       0.000       0.000
      224.004       0.000       0.000       0.000       0.000       0.000
      224.004       0.000       1.000       0.000
      225.005      31.789      31.962    -171.828   25772.887      68.004    -456.353    291724.9  21197924.0   24559.779      66.856
      225.005 0.000000008       2.426     186.867      27.317     0.87500     0.82447     1.20025     0.06900     0.00000       1.061
      225.005      66.856      -1.132    9999.990      38.875      40.000      40.007       0.000       0.000       0.000
      225.005   18812.021       0.106   15788.939    9651.189   22578.799     485.020      -0.068      -0.000       0.003
      225.005     893.094   24559.779    -485.020      97.076       0.037      -0.002
      225.005       0.000  208790.000       0.000       0.000       0.000
      225.005       0.000       0.000       0.000       0.000       0.000
      225.005       0.000       1.000       0.000
      226.005      31.815      31.988    -171.756   25772.619      68.044    -455.494    291268.9  21197440.0   24559.521      66.898
      226.005 0.000000008       2.487     186.867      27.317     0.87500     0.82447     1.20025     0.06900     0.00000       1.061
      226.005      66.898      -1.130    9999.990      38.877      40.000      40.007       0.000       0.000       0.000
      226.005   18811.824       0.104   15788.772    9634.344   22585.729     484.124      -0.068      -0.000       0.003
      226.005     897.083   24559.521    -484.124      99.508       0.038      -0.002
      226.005       0.000  208790.000       0.000       0.000       0.000
      226.005       0.000       0.000       0.000       0.000       0.000
      226.005       0.000       1.000       0.000
      227.005      31.841      32.014    -171.684   25772.332      68.085    -454.615    290813.8  21196956.0   24559.242      66.941
      227.005 0.000000008       2.549     186.867      27.316     0.87500     0.82447     1.20025     0.06900     0.00000       1.061
      227.005      66.941      -1.127    9999.990      38.879      40.000      40.007       0.000       0.000       0.000
      227.005   18811.611       0.102   15788.591    9617.460   22592.639     483.208      -0.067      -0.000       0.003
      227.005     901.070   24559.242    -483.208     101.995       0.039      -0.002
      227.005       0.000  208790.000       0.000       0.000       0.000
      227.005       0.000       0.000       0.000       0.000       0.000
      227.005       0.000       1.000       0.000
      228.005      31.867      32.040    -171.613   25772.021      68.125    -453.713    290359.6  21196474.0   24558.938      66.984
      228.005 0.000000009       2.613     186.867      27.316     0.87500     0.82447     1.20025     0.06900     0.00000       1.061
      228.005      66.983      -1.125    9999.990      38.882      40.000      40.007       0.000       0.000       0.000
      228.005   18811.379       0.105   15788.395    9600.538   22599.523     482.269      -0.067      -0.000       0.003
      228.005     905.056   24558.938    -482.269     104.536       0.040      -0.002
      228.005       0.000  208790.000       0.000       0.000       0.000
      228.005       0.000       0.000       0.000       0.000       0.000
      228.005       0.000       1.000       0.000
      229.005      31.893      32.066    -171.541   25771.691      68.165    -452.789    289906.3  21195992.0   24558.609      67.026
      229.005 0.000000009       2.678     186.867      27.316     0.87500     0.82447     1.20025     0.06900     0.00000       1.061
      229.005      67.026      -1.123    9999.990      38.884      40.000      40.007       0.000       0.000       0.000
      229.005   18811.131       0.105   15788.179    9583.583   22606.383     481.308      -0.067      -0.000       0.003
      229.005     909.043   24558.609    -481.308     107.134       0.041      -0.002
      229.005       0.000  208790.000       0.000       0.000       0.000
      229.005       0.000       0.000       0.000       0.000       0.000
      229.005       0.000       1.000       0.000
      230.005      31.919      32.092    -171.469   25771.336      68.206    -451.843    289454.0  21195510.0   24558.262      67.069
      230.005 0.000000009       2.744     186.867      27.315     0.87500     0.82447     1.20025     0.06900     0.00000       1.061
      230.005      67.069      -1.121    9999.990      38.886      40.000      40.007       0.000       0.000       0.000
      230.005   18810.867       0.106   15787.957    9566.597   22613.223     480.325      -0.067      -0.000       0.003
      230.005     913.030   24558.264    -480.325     109.789       0.042      -0.002
      230.005       0.000  208790.000       0.000       0.000       0.000
      230.005       0.000       0.000       0.000       0.000       0.000
      230.005       0.000       1.000       0.000
      231.005      31.945      32.118    -171.397   25770.957      68.246    -450.874    289002.6  21195030.0   24557.893      67.112
      231.005 0.000000009       2.812     186.867      27.315     0.87500     0.82447     1.20025     0.06900     0.00000       1.061
      231.005      67.112      -1.118    9999.990      38.888      40.000      40.007       0.000       0.000       0.000
      231.005   18810.582       0.104   15787.714    9549.575   22620.031     479.318      -0.067      -0.000       0.003
      231.005     917.016   24557.889    -479.318     112.502       0.043      -0.002
      231.005       0.000  208790.000       0.000       0.000       0.000
      231.005       0.000       0.000       0.000       0.000       0.000
      231.005       0.000       1.000       0.000
      232.005      31.971      32.144    -171.325   25770.549      68.287    -449.881    288552.2  21194552.0   24557.484      67.155
      232.005 0.000000010       2.881     186.867      27.314     0.87500     0.82447     1.20025     0.06900     0.00000       1.061
      232.005      67.154      -1.116    9999.990      38.891      40.000      40.007       0.000       0.000       0.000
      232.005   18810.271       0.101   15787.454    9532.512   22626.811     478.288      -0.067      -0.001       0.003
      232.005     921.004   24557.484    -478.288     115.275       0.044      -0.003
      232.005       0.000  208790.000       0.000       0.000       0.000
      232.005       0.000       0.000       0.000       0.000       0.000
      232.005       0.000       1.000       0.000
      233.005      31.997      32.170    -171.252   25770.123      68.327    -448.865    288102.7  21194074.0   24557.064      67.198
      233.005 0.000000010       2.952     186.867      27.314     0.87500     0.82447     1.20025     0.06900     0.00000       1.061
      233.005      67.197      -1.114    9999.990      38.893      40.000      40.007       0.000       0.000       0.000
      233.005   18809.949       0.104   15787.181    9515.417   22633.570     477.233      -0.067      -0.001       0.003
      233.005     924.993   24557.061    -477.233     118.106       0.046      -0.003
      233.005       0.000  208790.000       0.000       0.000       0.000
      233.005       0.000       0.000       0.000       0.000       0.000
      233.005       0.000       1.000       0.000
      234.005      32.022      32.196    -171.180   25769.666      68.368    -447.824    287654.3  21193598.0   24556.615      67.240
      234.005 0.000000010       3.024     186.867      27.313     0.87500     0.82447     1.20025     0.06900     0.00000       1.061
      234.005      67.240      -1.111    9999.990      38.896      40.000      40.007       0.000       0.000       0.000
      234.005   18809.609       0.105   15786.890    9498.287   22640.299     476.154      -0.067      -0.000       0.003
      234.005     928.976   24556.615    -476.154     120.999       0.047      -0.003
      234.005       0.000  208790.000       0.000       0.000       0.000
      234.005       0.000       0.000       0.000       0.000       0.000
      234.005       0.000       1.000       0.000
      235.005      32.048      32.221    -171.108   25769.182      68.408    -446.758    287207.0  21193122.0   24556.135      67.283
      235.005 0.000000010       3.098     186.867      27.313     0.87499     0.82447     1.20025     0.06900     0.00000       1.061
      235.005      67.283      -1.108    9999.990      38.898      40.000      40.007       0.000       0.000       0.000
      235.005   18809.242       0.108   15786.580    9481.121   22646.996     475.049      -0.067      -0.001       0.003
      235.005     932.967   24556.135    -475.049     123.954       0.048      -0.003
      235.005       0.000  208790.000       0.000       0.000       0.000
      235.005       0.000       0.000       0.000       0.000       0.000
      235.005       0.000       1.000       0.000
      236.005      32.074      32.247    -171.036   25768.678      68.449    -445.666    286760.7  21192646.0   24555.641      67.327
      236.005 0.000000011       3.174     186.867      27.312     0.87499     0.82447     1.20025     0.06900     0.00000       1.061
      236.005      67.326      -1.106    9999.990      38.901      40.000      40.007       0.000       0.000       0.000
      236.005   18808.865       0.103   15786.259    9463.920   22653.676     473.919      -0.067      -0.000       0.003
      236.005     936.952   24555.639    -473.919     126.971       0.049      -0.003
      236.005       0.000  208790.000       0.000       0.000       0.000
      236.005       0.000       0.000       0.000       0.000       0.000
      236.005       0.000       1.000       0.000
      237.005      32.099      32.273    -170.963   25768.141      68.490    -444.548    286315.5  21192174.0   24555.105      67.370
      237.005 0.000000011       3.251     186.867      27.312     0.87499     0.82447     1.20025     0.06900     0.00000       1.061
      237.005      67.369      -1.103    9999.990      38.904      40.000      40.007       0.000       0.000       0.000
      237.005   18808.457       0.104   15785.915    9446.677   22660.318     472.763      -0.067      -0.000       0.003
      237.005     940.940   24555.104    -472.763     130.051       0.050      -0.003
      237.005       0.000  208790.000       0.000       0.000       0.000
      237.005       0.000       0.000       0.000       0.000       0.000
      237.005       0.000       1.000       0.000
      238.005      32.125      32.298    -170.891   25767.576      68.531    -443.404    285871.5  21191702.0   24554.545      67.413
      238.005 0.000000011       3.329     186.867      27.311     0.87499     0.82447     1.20025     0.06900     0.00000       1.061
      238.005      67.413      -1.100    9999.990      38.906      40.000      40.007       0.000       0.000       0.000
      238.005   18808.029       0.104   15785.552    9429.399   22666.930     471.580      -0.067      -0.000       0.003
      238.005     944.927   24554.543    -471.580     133.196       0.051      -0.003
      238.005       0.000  208790.000       0.000       0.000       0.000
      238.005       0.000       0.000       0.000       0.000       0.000
      238.005       0.000       1.000       0.000
      239.005      32.150      32.324    -170.819   25766.986      68.572    -442.233    285428.6  21191230.0   24553.961      67.456
      239.005 0.000000011       3.410     186.867      27.310     0.87499     0.82447     1.20025     0.06900     0.00000       1.061
      239.005      67.456      -1.098    9999.990      38.909      40.000      40.007       0.000       0.000       0.000
      239.005   18807.586       0.107   15785.175    9412.089   22673.516     470.369      -0.067      -0.001       0.003
      239.005     948.915   24553.961    -470.369     136.406       0.053      -0.003
      239.005       0.000  208790.000       0.000       0.000       0.000
      239.005       0.000       0.000       0.000       0.000       0.000
      239.005       0.000       1.000       0.000
      240.005      32.176      32.349    -170.746   25766.365      68.613    -441.034    284986.9  21190760.0   24553.346      67.499
      240.005 0.000000012       3.491     186.867      27.310     0.87499     0.82447     1.20025     0.06900     0.00000       1.061
      240.005      67.499      -1.095    9999.990      38.912      40.000      40.007       0.000       0.000       0.000
      240.005   18807.117       0.103   15784.776    9394.745   22680.066     469.131      -0.067      -0.001       0.003
      240.005     952.899   24553.346    -469.131     139.682       0.054      -0.003
      240.005       0.000  208790.000       0.000       0.000       0.000
      240.005       0.000       0.000       0.000       0.000       0.000
      240.005       0.000       1.000       0.000
      241.006      32.201      32.375    -170.674   25765.713      68.654    -439.807    284546.4  21190292.0   24552.699      67.543
      241.006 0.000000012       3.575     186.867      27.309     0.87499     0.82447     1.20025     0.06900     0.00000       1.061
      241.006      67.542      -1.092    9999.990      38.915      40.000      40.007       0.000       0.000       0.000
      241.006   18806.623       0.104   15784.358    9377.355   22686.590     467.865      -0.067      -0.000       0.003
      241.006     956.888   24552.699    -467.865     143.025       0.055      -0.003
      241.006       0.000  208790.000       0.000       0.000       0.000
      241.006       0.000       0.000       0.000       0.000       0.000
      241.006       0.000       1.000       0.000
      242.006      32.226      32.400    -170.601   25765.033      68.695    -438.552    284107.2  21189824.0   24552.023      67.586
      242.006 0.000000012       3.660     186.867      27.308     0.87499     0.82447     1.20025     0.06900     0.00000       1.061
      242.006      67.586      -1.089    9999.990      38.918      40.000      40.007       0.000       0.000       0.000
      242.006   18806.104       0.106   15783.920    9359.933   22693.078     466.569      -0.067      -0.000       0.003
      242.006     960.874   24552.020    -466.569     146.436       0.056      -0.003
      242.006       0.000  208790.000       0.000       0.000       0.000
      242.006       0.000       0.000       0.000       0.000       0.000
      242.006       0.000       1.000       0.000
      243.006      32.252      32.425    -170.529   25764.322      68.736    -437.267    283669.2  21189358.0   24551.316      67.629
      243.006 0.000000012       3.746     186.867      27.307     0.87499     0.82447     1.20025     0.06900     0.00000       1.061
      243.006      67.629      -1.086    9999.990      38.921      40.000      40.007       0.000       0.000       0.000
      243.006   18805.566       0.108   15783.463    9342.475   22699.535     465.245      -0.067      -0.000       0.003
      243.006     964.863   24551.312    -465.245     149.864       0.058      -0.003
      243.006       0.000  208790.000       0.000       0.000       0.000
      243.006       0.000       0.000       0.000       0.000       0.000
      243.006       0.000       1.000       0.000
      244.006      32.277      32.451    -170.456   25763.576      68.777    -435.954    283232.6  21188894.0   24550.576      67.673
      244.006 0.000000013       3.831     186.867      27.307     0.87499     0.82447     1.20025     0.06900     0.00000       1.061
      244.006      67.673      -1.083    9999.990      38.924      40.000      40.007       0.000       0.000       0.000
      244.006   18805.004       0.106   15782.988    9324.980   22705.955     463.891      -0.066      -0.000       0.003
      244.006     968.848   24550.578    -463.891     153.249       0.059      -0.003
      244.006       0.000  208790.000       0.000       0.000       0.000
      244.006       0.000       0.000       0.000       0.000       0.000
      244.006       0.000       1.000       0.000
      245.006      32.302      32.476    -170.384   25762.807      68.818    -434.612    282797.2  21188430.0   24549.811      67.716
      245.006 0.000000013       3.917     186.867      27.306     0.87499     0.82447     1.20025     0.06900     0.00000       1.061
      245.006      67.716      -1.079    9999.990      38.927      40.000      40.007       0.000       0.000       0.000
      245.006   18804.418       0.104   15782.492    9307.448   22712.346     462.509      -0.066      -0.001       0.003
      245.006     972.837   24549.811    -462.509     156.697       0.060      -0.003
      245.006       0.000  208790.000       0.000       0.000       0.000
      245.006       0.000       0.000       0.000       0.000       0.000
      245.006       0.000       1.000       0.000
      246.006      32.327      32.501    -170.311   25762.000      68.859    -433.240    282363.2  21187968.0   24549.008      67.760
      246.006 0.000000013       4.005     186.867      27.305     0.87499     0.82447     1.20025     0.06900     0.00000       1.061
      246.006      67.760      -1.076    9999.990      38.930      40.000      40.007       0.000       0.000       0.000
      246.006   18803.803       0.105   15781.974    9289.876   22718.703     461.096      -0.066      -0.000       0.003
      246.006     976.823   24549.006    -461.096     160.209       0.062      -0.004
      246.006       0.000  208790.000       0.000       0.000       0.000
      246.006       0.000       0.000       0.000       0.000       0.000
      246.006       0.000       1.000       0.000
      247.006      32.352      32.526    -170.238   25761.162      68.900    -431.839    281930.6  21187508.0   24548.178      67.804
      247.006 0.000000014       4.094     186.999      27.294     0.87499     0.82447     1.20025     0.06900     0.00000       1.061
      247.006      67.803      -1.073    9999.990      38.934      40.000      40.007       0.000       0.000       0.000
      247.006   18803.172       0.104   15781.438    9272.270   22725.025     459.654      -0.066      -0.001       0.003
      247.006     980.807   24548.178    -459.654     163.787       0.063      -0.004
      247.006       0.000  208790.000       0.000       0.000       0.000
      247.006       0.000       0.000       0.000       0.000       0.000
      247.006       0.000       1.000       0.000
      248.006      32.377      32.552    -170.165   25760.295      68.942    -430.407    281499.4  21187050.0   24547.312      67.847
      248.006 0.000000014       4.185     187.256      27.275     0.87499     0.82447     1.20025     0.06900     0.00000       1.061
      248.006      67.847      -1.070    9999.990      38.937      40.000      40.007       0.000       0.000       0.000
      248.006   18802.510       0.107   15780.882    9254.627   22731.312     458.182      -0.066      -0.001       0.003
      248.006     984.798   24547.314    -458.182     167.430       0.065      -0.004
      248.006       0.000  208790.000       0.000       0.000       0.000
      248.006       0.000       0.000       0.000       0.000       0.000
      248.006       0.000       1.000       0.000
      249.006      32.402      32.577    -170.093   25759.395      68.983    -428.944    281069.7  21186592.0   24546.418      67.891
      249.006 0.000000014       4.278     187.512      27.255     0.87499     0.82447     1.20025     0.06900     0.00000       1.061
      249.006      67.891      -1.066    9999.990      38.941      40.000      40.007       0.000       0.000       0.000
      249.006   18801.824       0.105   15780.300    9236.947   22737.564     456.678      -0.066      -0.000       0.003
      249.006     988.786   24546.414    -456.678     171.139       0.066      -0.004
      249.006       0.000  208790.000       0.000       0.000       0.000
      249.006       0.000       0.000       0.000       0.000       0.000
      249.006       0.000       1.000       0.000
      250.006      32.427      32.602    -170.020   25758.459      69.025    -427.450    280641.4  21186136.0   24545.484      67.935
      250.006 0.000000015       4.372     187.766      27.235     0.87499     0.82446     1.20025     0.06900     0.00000       1.061
      250.006      67.935      -1.062    9999.990      38.944      40.000      40.007       0.000       0.000       0.000
      250.006   18801.111       0.103   15779.701    9219.229   22743.779     455.142      -0.066      -0.001       0.003
      250.006     992.769   24545.484    -455.142     174.914       0.067      -0.004
      250.006       0.000  208790.000       0.000       0.000       0.000
      250.006       0.000       0.000       0.000       0.000       0.000
      250.006       0.000       1.000       0.000
      251.006      32.452      32.627    -169.947   25757.488      69.066    -425.924    280214.6  21185682.0   24544.521      67.979
      251.006 0.000000015       4.468     188.020      27.216     0.87499     0.82446     1.20025     0.06900     0.00000       1.061
      251.006      67.978      -1.059    9999.990      38.948      40.000      40.007       0.000       0.000       0.000
      251.006   18800.375       0.104   15779.077    9201.475   22749.959     453.575      -0.066      -0.001       0.003
      251.006     996.757   24544.520    -453.575     178.757       0.069      -0.004
      251.006       0.000  208790.000       0.000       0.000       0.000
      251.006       0.000       0.000       0.000       0.000       0.000
      251.006       0.000       1.000       0.000
      252.006      32.477      32.652    -169.874   25756.484      69.108    -424.366    279789.3  21185228.0   24543.520      68.022
      252.006 0.000000015       4.566     188.274      27.197     0.87499     0.82446     1.20025     0.06900     0.00000       1.061
      252.006      68.022      -1.055    9999.990      38.951      40.000      40.007       0.000       0.000       0.000
      252.006   18799.613       0.109   15778.433    9183.685   22756.100     451.975      -0.066      -0.000       0.003
      252.006    1000.745   24543.520    -451.975     182.668       0.070      -0.004
      252.006       0.000  208790.000       0.000       0.000       0.000
      252.006       0.000       0.000       0.000       0.000       0.000
      252.006       0.000       1.000       0.000
      253.006      32.502      32.677    -169.801   25755.443      69.149    -422.774    279365.7  21184778.0   24542.484      68.066
      253.006 0.000000015       4.665     188.526      27.177     0.87499     0.82446     1.20025     0.06900     0.00000       1.061
      253.006      68.066      -1.051    9999.990      38.955      40.000      40.007       0.000       0.000       0.000
      253.006   18798.820       0.103   15777.763    9165.854   22762.201     450.341      -0.066      -0.001       0.003
      253.006    1004.730   24542.482    -450.341     186.646       0.072      -0.004
      253.006       0.000  208790.000       0.000       0.000       0.000
      253.006       0.000       0.000       0.000       0.000       0.000
      253.006       0.000       1.000       0.000
      254.006      32.527      32.701    -169.728   25754.365      69.191    -421.149    278943.6  21184328.0   24541.410      68.110
      254.006 0.000000016       4.767     188.777      27.158     0.87499     0.82446     1.20025     0.06900     0.00000       1.061
      254.006      68.110      -1.048    9999.990      38.959      40.000      40.007       0.000       0.000       0.000
      254.006   18798.000       0.105   15777.071    9147.983   22768.266     448.674      -0.066      -0.001       0.003
      254.006    1008.718   24541.410    -448.674     190.694       0.074      -0.004
      254.006       0.000  208790.000       0.000       0.000       0.000
      254.006       0.000       0.000       0.000       0.000       0.000
      254.006       0.000       1.000       0.000
      255.006      32.551      32.726    -169.655   25753.256      69.233    -419.490    278523.2  21183880.0   24540.303      68.154
      255.006 0.000000016       4.869     189.027      27.139     0.87499     0.82446     1.20025     0.06900     0.00000       1.061
      255.006      68.154      -1.044    9999.990      38.963      40.000      40.007       0.000       0.000       0.000
      255.006   18797.154       0.105   15776.356    9130.076   22774.293     446.972      -0.066      -0.001       0.003
      255.006    1012.706   24540.303    -446.972     194.809       0.075      -0.004
      255.006       0.000  208790.000       0.000       0.000       0.000
      255.006       0.000       0.000       0.000       0.000       0.000
      255.006       0.000       1.000       0.000
      256.006      32.576      32.751    -169.582   25752.104      69.274    -417.796    278104.5  21183434.0   24539.156      68.199
      256.006 0.000000017       4.974     189.277      27.120     0.87499     0.82446     1.20025     0.06900     0.00000       1.061
      256.006      68.198      -1.040    9999.990      38.967      40.000      40.007       0.000       0.000       0.000
      256.006   18796.279       0.110   15775.617    9112.135   22780.275     445.236      -0.066      -0.001       0.003
      256.006    1016.691   24539.158    -445.236     198.994       0.077      -0.004
      256.006       0.000  208790.000       0.000       0.000       0.000
      256.006       0.000       0.000       0.000       0.000       0.000
      256.006       0.000       1.000       0.000
      257.006      32.601      32.776    -169.509   25750.912      69.316    -416.067    277687.5  21182990.0   24537.969      68.243
      257.006 0.000000017       5.080     189.525      27.101     0.87499     0.82446     1.20025     0.06900     0.00000       1.061
      257.006      68.242      -1.036    9999.990      38.971      40.000      40.007       0.000       0.000       0.000
      257.006   18795.371       0.104   15774.848    9094.153   22786.215     443.464      -0.066      -0.000       0.003
      257.006    1020.674   24537.967    -443.464     203.248       0.078      -0.005
      257.006       0.000  208790.000       0.000       0.000       0.000
      257.006       0.000       0.000       0.000       0.000       0.000
      257.006       0.000       1.000       0.000
      258.007      32.625      32.800    -169.435   25749.689      69.358    -414.303    277272.2  21182546.0   24536.752      68.287
      258.007 0.000000017       5.188     189.772      27.082     0.87499     0.82446     1.20025     0.06900     0.00000       1.061
      258.007      68.287      -1.031    9999.990      38.975      40.000      40.007       0.000       0.000       0.000
      258.007   18794.438       0.105   15774.063    9076.131   22792.123     441.657      -0.065      -0.001       0.003
      258.007    1024.662   24536.748    -441.657     207.573       0.080      -0.005
      258.007       0.000  208790.000       0.000       0.000       0.000
      258.007       0.000       0.000       0.000       0.000       0.000
      258.007       0.000       1.000       0.000
      259.007      32.650      32.825    -169.362   25748.420      69.400    -412.502    276858.7  21182106.0   24535.482      68.331
      259.007 0.000000018       5.298     190.018      27.063     0.87499     0.82446     1.20024     0.06900     0.00000       1.061
      259.007      68.331      -1.027    9999.990      38.979      40.000      40.007       0.000       0.000       0.000
      259.007   18793.473       0.107   15773.248    9058.070   22797.980     439.812      -0.065      -0.001       0.003
      259.007    1028.649   24535.484    -439.812     211.967       0.082      -0.005
      259.007       0.000  208790.000       0.000       0.000       0.000
      259.007       0.000       0.000       0.000       0.000       0.000
      259.007       0.000       1.000       0.000
      260.007      32.674      32.849    -169.289   25747.113      69.442    -410.664    276447.0  21181666.0   24534.180      68.375
      260.007 0.000000018       5.410     190.263      27.044     0.87499     0.82446     1.20024     0.06900     0.00000       1.061
      260.007      68.375      -1.023    9999.990      38.984      40.000      40.007       0.000       0.000       0.000
      260.007   18792.479       0.105   15772.407    9039.976   22803.795     437.931      -0.065      -0.001       0.003
      260.007    1032.634   24534.182    -437.931     216.432       0.083      -0.005
      260.007       0.000  208790.000       0.000       0.000       0.000
      260.007       0.000       0.000       0.000       0.000       0.000
      260.007       0.000       1.000       0.000
      261.007      32.699      32.874    -169.216   25745.764      69.484    -408.789    276037.2  21181230.0   24532.836      68.420
      261.007 0.000000018       5.523     190.507      27.025     0.87499     0.82446     1.20024     0.06900     0.00000       1.061
      261.007      68.420      -1.018    9999.990      38.988      40.000      40.007       0.000       0.000       0.000
      261.007   18791.447       0.105   15771.539    9021.841   22809.566     436.013      -0.065      -0.001       0.003
      261.007    1036.619   24532.834    -436.013     220.966       0.085      -0.005
      261.007       0.000  208790.000       0.000       0.000       0.000
      261.007       0.000       0.000       0.000       0.000       0.000
      261.007       0.000       1.000       0.000
      262.007      32.723      32.898    -169.142   25744.377      69.526    -406.876    275629.2  21180794.0   24531.455      68.464
      262.007 0.000000019       5.638     190.750      27.006     0.87499     0.82446     1.20024     0.06900     0.00000       1.061
      262.007      68.464      -1.014    9999.990      38.993      40.000      40.007       0.000       0.000       0.000
      262.007   18790.393       0.106   15770.649    9003.663   22815.299     434.056      -0.065      -0.001       0.003
      262.007    1040.606   24531.455    -434.056     225.572       0.087      -0.005
      262.007       0.000  208790.000       0.000       0.000       0.000
      262.007       0.000       0.000       0.000       0.000       0.000
      262.007       0.000       1.000       0.000
      263.007      32.747      32.923    -169.069   25742.949      69.568    -404.924    275223.2  21180362.0   24530.025      68.509
      263.007 0.000000019       5.755     190.992      26.987     0.87499     0.82446     1.20024     0.06900     0.00000       1.061
      263.007      68.508      -1.009    9999.990      38.997      40.000      40.007       0.000       0.000       0.000
      263.007   18789.299       0.106   15769.727    8985.451   22820.980     432.060      -0.065      -0.001       0.003
      263.007    1044.590   24530.023    -432.060     230.247       0.089      -0.005
      263.007       0.000  208790.000       0.000       0.000       0.000
      263.007       0.000       0.000       0.000       0.000       0.000
      263.007       0.000       1.000       0.000
      264.007      32.772      32.947    -168.996   25741.475      69.610    -402.934    274819.2  21179930.0   24528.557      68.553
      264.007 0.000000020       5.874     191.233      26.969     0.87499     0.82446     1.20024     0.06900     0.00000       1.061
      264.007      68.553      -1.005    9999.990      39.002      40.000      40.006       0.000       0.000       0.000
      264.007   18788.178       0.108   15768.777    8967.200   22826.617     430.025      -0.065      -0.001       0.003
      264.007    1048.575   24528.553    -430.025     234.992       0.091      -0.005
      264.007       0.000  208790.000       0.000       0.000       0.000
      264.007       0.000       0.000       0.000       0.000       0.000
      264.007       0.000       1.000       0.000
      265.007      32.796      32.971    -168.922   25739.957      69.652    -400.904    274417.2  21179502.0   24527.039      68.598
      265.007 0.000000020       5.994     191.472      26.950     0.87499     0.82446     1.20024     0.06900     0.00000       1.061
      265.007      68.597      -1.000    9999.990      39.007      40.000      40.006       0.000       0.000       0.000
      265.007   18787.020       0.106   15767.800    8948.908   22832.203     427.951      -0.065      -0.001       0.003
      265.007    1052.559   24527.039    -427.951     239.808       0.093      -0.005
      265.007       0.000  208790.000       0.000       0.000       0.000
      265.007       0.000       0.000       0.000       0.000       0.000
      265.007       0.000       1.000       0.000
      266.007      32.820      32.996    -168.849   25738.396      69.695    -398.834    274017.2  21179074.0   24525.482      68.642
      266.007 0.000000020       6.116     191.710      26.932     0.87499     0.82446     1.20024     0.06900     0.00000       1.061
      266.007      68.642      -0.995    9999.990      39.012      40.000      40.006       0.000       0.000       0.000
      266.007   18785.832       0.106   15766.799    8930.574   22837.752     425.836      -0.065      -0.001       0.003
      266.007    1056.545   24525.486    -425.836     244.695       0.094      -0.005
      266.007       0.000  208790.000       0.000       0.000       0.000
      266.007       0.000       0.000       0.000       0.000       0.000
      266.007       0.000       1.000       0.000
      267.007      32.844      33.020    -168.775   25736.793      69.737    -396.723    273619.3  21178650.0   24523.879      68.687
      267.007 0.000000021       6.240     191.947      26.914     0.87499     0.82446     1.20024     0.06900     0.00000       1.061
      267.007      68.687      -0.990    9999.990      39.017      40.000      40.006       0.000       0.000       0.000
      267.007   18784.604       0.107   15765.762    8912.203   22843.244     423.681      -0.065      -0.001       0.003
      267.007    1060.528   24523.879    -423.681     249.651       0.096      -0.006
      267.007       0.000  208790.000       0.000       0.000       0.000
      267.007       0.000       0.000       0.000       0.000       0.000
      267.007       0.000       1.000       0.000
      268.007      32.868      33.044    -168.701   25735.143      69.779    -394.572    273223.6  21178226.0   24522.232      68.732
      268.007 0.000000021       6.363     192.183      26.895     0.87499     0.82446     1.20024     0.06900     0.00000       1.061
      268.007      68.731      -0.985    9999.990      39.022      40.000      40.006       0.000       0.000       0.000
      268.007   18783.346       0.106   15764.702    8893.798   22848.689     421.484      -0.065      -0.001       0.003
      268.007    1064.515   24522.232    -421.484     254.556       0.098      -0.006
      268.007       0.000  208790.000       0.000       0.000       0.000
      268.007       0.000       0.000       0.000       0.000       0.000
      268.007       0.000       1.000       0.000
      269.007      32.892      33.068    -168.628   25733.449      69.822    -392.380    272830.0  21177806.0   24520.541      68.776
      269.007 0.000000022       6.486     192.418      26.877     0.87499     0.82446     1.20024     0.06900     0.00000       1.061
      269.007      68.776      -0.980    9999.990      39.027      40.000      40.006       0.000       0.000       0.000
      269.007   18782.055       0.106   15763.609    8875.350   22854.090     419.247      -0.064      -0.001       0.003
      269.007    1068.500   24520.541    -419.247     259.499       0.100      -0.006
      269.007       0.000  208790.000       0.000       0.000       0.000
      269.007       0.000       0.000       0.000       0.000       0.000
      269.007       0.000       1.000       0.000
      270.007      32.916      33.092    -168.554   25731.711      69.864    -390.147    272438.6  21177388.0   24518.807      68.821
      270.007 0.000000022       6.612     192.651      26.859     0.87499     0.82446     1.20024     0.06900     0.00000       1.061
      270.007      68.821      -0.974    9999.990      39.032      40.000      40.006       0.000       0.000       0.000
      270.007   18780.727       0.106   15762.490    8856.859   22859.439     416.970      -0.064      -0.001       0.003
      270.007    1072.484   24518.805    -416.970     264.504       0.102      -0.006
      270.007       0.000  208790.000       0.000       0.000       0.000
      270.007       0.000       0.000       0.000       0.000       0.000
      270.007       0.000       1.000       0.000
      271.007      32.940      33.116    -168.481   25729.926      69.907    -387.874    272049.5  21176972.0   24517.023      68.866
      271.007 0.000000022       6.738     192.882      26.841     0.87499     0.82446     1.20024     0.06900     0.00000       1.061
      271.007      68.866      -0.969    9999.990      39.037      40.000      40.006       0.000       0.000       0.000
      271.007   18779.363       0.106   15761.342    8838.333   22864.740     414.650      -0.064      -0.001       0.003
      271.007    1076.464   24517.021    -414.650     269.575       0.104      -0.006
      271.007       0.000  208790.000       0.000       0.000       0.000
      271.007       0.000       0.000       0.000       0.000       0.000
      271.007       0.000       1.000       0.000
      272.007      32.964      33.140    -168.407   25728.094      69.949    -385.559    271662.6  21176558.0   24515.193      68.911
      272.007 0.000000023       6.867     193.113      26.823     0.87499     0.82446     1.20024     0.06900     0.00000       1.061
      272.007      68.911      -0.964    9999.990      39.043      40.000      40.006       0.000       0.000       0.000
      272.007   18777.965       0.104   15760.164    8819.773   22869.988     412.289      -0.064      -0.001       0.003
      272.007    1080.451   24515.193    -412.289     274.708       0.106      -0.006
      272.007       0.000  208790.000       0.000       0.000       0.000
      272.007       0.000       0.000       0.000       0.000       0.000
      272.007       0.000       1.000       0.000
      273.007      32.988      33.164    -168.333   25726.215      69.992    -383.201    271278.1  21176148.0   24513.312      68.956
      273.007 0.000000023       6.996     193.342      26.805     0.87499     0.82446     1.20024     0.06900     0.00000       1.061
      273.007      68.956      -0.958    9999.990      39.048      40.000      40.006       0.000       0.000       0.000
      273.007   18776.525       0.108   15758.952    8801.164   22875.186     409.885      -0.064      -0.001       0.003
      273.007    1084.435   24513.312    -409.885     279.903       0.108      -0.006
      273.007       0.000  208790.000       0.000       0.000       0.000
      273.007       0.000       0.000       0.000       0.000       0.000
      273.007       0.000       1.000       0.000
      274.008      33.012      33.188    -168.259   25724.293      70.035    -380.801    270896.0  21175738.0   24511.396      69.001
      274.008 0.000000024       7.128     193.570      26.787     0.87499     0.82446     1.20024     0.06900     0.00000       1.061
      274.008      69.001      -0.952    9999.990      39.054      40.000      40.006       0.000       0.000       0.000
      274.008   18775.061       0.107   15757.718    8782.519   22880.340     407.439      -0.064      -0.001       0.003
      274.008    1088.416   24511.396    -407.439     285.161       0.110      -0.006
      274.008       0.000  208790.000       0.000       0.000       0.000
      274.008       0.000       0.000       0.000       0.000       0.000
      274.008       0.000       1.000       0.000
      275.008      33.036      33.212    -168.185   25722.320      70.077    -378.358    270516.3  21175332.0   24509.428      69.046
      275.008 0.000000024       7.261     193.796      26.769     0.87499     0.82446     1.20024     0.06900     0.00000       1.061
      275.008      69.046      -0.947    9999.990      39.060      40.000      40.006       0.000       0.000       0.000
      275.008   18773.559       0.107   15756.444    8763.837   22885.436     404.950      -0.064      -0.001       0.003
      275.008    1092.401   24509.428    -404.950     290.479       0.112      -0.006
      275.008       0.000  208790.000       0.000       0.000       0.000
      275.008       0.000       0.000       0.000       0.000       0.000
      275.008       0.000       1.000       0.000
      276.008      33.059      33.235    -168.111   25720.297      70.120    -375.871    270139.1  21174928.0   24507.402      69.091
      276.008 0.000000025       7.395     194.021      26.751     0.87499     0.82446     1.20024     0.06900     0.00000       1.061
      276.008      69.091      -0.941    9999.990      39.066      40.000      40.006       0.000       0.000       0.000
      276.008   18772.010       0.104   15755.140    8745.116   22890.475     402.416      -0.064      -0.001       0.003
      276.008    1096.384   24507.402    -402.416     295.858       0.114      -0.007
      276.008       0.000  208790.000       0.000       0.000       0.000
      276.008       0.000       0.000       0.000       0.000       0.000
      276.008       0.000       1.000       0.000
      277.008      33.083      33.259    -168.038   25718.229      70.163    -373.341    269764.3  21174526.0   24505.340      69.136
      277.008 0.000000025       7.531     194.244      26.734     0.87499     0.82446     1.20024     0.06900     0.00000       1.061
      277.008      69.136      -0.935    9999.990      39.071      40.000      40.006       0.000       0.000       0.000
      277.008   18770.432       0.109   15753.811    8726.352   22895.471     399.839      -0.064      -0.001       0.003
      277.008    1100.366   24505.338    -399.839     301.296       0.116      -0.007
      277.008       0.000  208790.000       0.000       0.000       0.000
      277.008       0.000       0.000       0.000       0.000       0.000
      277.008       0.000       1.000       0.000
      278.008      33.106      33.283    -167.964   25716.104      70.206    -370.766    269392.2  21174128.0   24503.213      69.181
      278.008 0.000000026       7.669     194.466      26.716     0.87499     0.82445     1.20024     0.06900     0.00000       1.061
      278.008      69.181      -0.929    9999.990      39.077      40.000      40.006       0.000       0.000       0.000
      278.008   18768.807       0.107   15752.442    8707.549   22900.400     397.217      -0.063      -0.001       0.003
      278.008    1104.347   24503.215    -397.217     306.792       0.118      -0.007
      278.008       0.000  208790.000       0.000       0.000       0.000
      278.008       0.000       0.000       0.000       0.000       0.000
      278.008       0.000       1.000       0.000
      279.008      33.130      33.306    -167.890   25713.934      70.249    -368.147    269022.6  21173732.0   24501.041      69.227
      279.008 0.000000026       7.807     194.686      26.699     0.87499     0.82445     1.20024     0.06900     0.00000       1.061
      279.008      69.226      -0.923    9999.990      39.084      40.000      40.006       0.000       0.000       0.000
      279.008   18767.145       0.110   15751.041    8688.711   22905.277     394.550      -0.063      -0.001       0.003
      279.008    1108.331   24501.041    -394.550     312.347       0.121      -0.007
      279.008       0.000  208790.000       0.000       0.000       0.000
      279.008       0.000       0.000       0.000       0.000       0.000
      279.008       0.000       1.000       0.000
      280.008      33.154      33.330    -167.816   25711.713      70.292    -365.482    268655.6  21173338.0   24498.822      69.272
      280.008 0.000000026       7.948     194.904      26.681     0.87499     0.82445     1.20024     0.06900     0.00000       1.061
      280.008      69.272      -0.916    9999.990      39.090      40.000      40.006       0.000       0.000       0.000
      280.008   18765.447       0.107   15749.611    8669.829   22910.104     391.838      -0.063      -0.001       0.003
      280.008    1112.313   24498.822    -391.838     317.956       0.123      -0.007
      280.008       0.000  208790.000       0.000       0.000       0.000
      280.008       0.000       0.000       0.000       0.000       0.000
      280.008       0.000       1.000       0.000
      281.008      33.177      33.353    -167.742   25709.439      70.335    -362.772    268291.3  21172948.0   24496.551      69.317
      281.008 0.000000027       8.089     195.122      26.664     0.87499     0.82445     1.20024     0.06900     0.00000       1.061
      281.008      69.317      -0.910    9999.990      39.096      40.000      40.006       0.000       0.000       0.000
      281.008   18763.711       0.107   15748.147    8650.907   22914.873     389.081      -0.063      -0.001       0.003
      281.008    1116.295   24496.551    -389.081     323.621       0.125      -0.007
      281.008       0.000  208790.000       0.000       0.000       0.000
      281.008       0.000       0.000       0.000       0.000       0.000
      281.008       0.000       1.000       0.000
      282.008      33.200      33.377    -167.667   25707.115      70.378    -360.016    267929.8  21172560.0   24494.227      69.363
      282.008 0.000000027       8.232     195.337      26.647     0.87499     0.82445     1.20024     0.06900     0.00000       1.061
      282.008      69.362      -0.904    9999.990      39.103      40.000      40.006       0.000       0.000       0.000
      282.008   18761.936       0.109   15746.650    8631.950   22919.586     386.277      -0.063      -0.001       0.003
      282.008    1120.274   24494.229    -386.277     329.339       0.127      -0.007
      282.008       0.000  208790.000       0.000       0.000       0.000
      282.008       0.000       0.000       0.000       0.000       0.000
      282.008       0.000       1.000       0.000
      283.008      33.224      33.400    -167.593   25704.734      70.421    -357.214    267571.0  21172176.0   24491.848      69.408
      283.008 0.000000028       8.376     195.551      26.630     0.87499     0.82445     1.20024     0.06900     0.00000       1.061
      283.008      69.408      -0.897    9999.990      39.109      40.000      40.006       0.000       0.000       0.000
      283.008   18760.115       0.106   15745.114    8612.952   22924.236     383.427      -0.063      -0.001       0.003
      283.008    1124.257   24491.848    -383.427     335.108       0.129      -0.007
      283.008       0.000  208790.000       0.000       0.000       0.000
      283.008       0.000       0.000       0.000       0.000       0.000
      283.008       0.000       1.000       0.000
      284.008      33.247      33.424    -167.519   25702.305      70.464    -354.366    267215.1  21171794.0   24489.418      69.454
      284.008 0.000000028       8.522     195.763      26.612     0.87499     0.82445     1.20024     0.06900     0.00000       1.061
      284.008      69.453      -0.890    9999.990      39.116      40.000      40.006       0.000       0.000       0.000
      284.008   18758.258       0.108   15743.549    8593.910   22928.836     380.530      -0.063      -0.001       0.003
      284.008    1128.236   24489.418    -380.530     340.929       0.132      -0.008
      284.008       0.000  208790.000       0.000       0.000       0.000
      284.008       0.000       0.000       0.000       0.000       0.000
      284.008       0.000       1.000       0.000
      285.008      33.270      33.447    -167.445   25699.822      70.507    -351.470    266862.0  21171414.0   24486.936      69.499
      285.008 0.000000029       8.669     195.973      26.596     0.87499     0.82445     1.20024     0.06900     0.00000       1.061
      285.008      69.499      -0.884    9999.990      39.123      40.000      40.006       0.000       0.000       0.000
      285.008   18756.359       0.109   15741.950    8574.834   22933.373     377.586      -0.063      -0.001       0.003
      285.008    1132.214   24486.936    -377.586     346.798       0.134      -0.008
      285.008       0.000  208790.000       0.000       0.000       0.000
      285.008       0.000       0.000       0.000       0.000       0.000
      285.008       0.000       1.000       0.000
      286.008      33.293      33.470    -167.371   25697.283      70.550    -348.528    266511.9  21171038.0   24484.396      69.545
      286.008 0.000000029       8.816     196.182      26.579     0.87499     0.82445     1.20023     0.06900     0.00000       1.061
      286.008      69.544      -0.877    9999.990      39.130      40.000      40.006       0.000       0.000       0.000
      286.008   18754.416       0.108   15740.315    8555.722   22937.850     374.595      -0.063      -0.001       0.003
      286.008    1136.196   24484.396    -374.595     352.714       0.136      -0.008
      286.008       0.000  208790.000       0.000       0.000       0.000
      286.008       0.000       0.000       0.000       0.000       0.000
      286.008       0.000       1.000       0.000
      287.008      33.317      33.493    -167.296   25694.695      70.594    -345.538    266164.7  21170664.0   24481.809      69.590
      287.008 0.000000030       8.965     196.389      26.562     0.87499     0.82445     1.20023     0.06900     0.00000       1.061
      287.008      69.590      -0.870    9999.990      39.137      40.000      40.006       0.000       0.000       0.000
      287.008   18752.438       0.108   15738.646    8536.562   22942.275     371.556      -0.062      -0.001       0.003
      287.008    1140.177   24481.807    -371.556     358.675       0.138      -0.008
      287.008       0.000  208790.000       0.000       0.000       0.000
      287.008       0.000       0.000       0.000       0.000       0.000
      287.008       0.000       1.000       0.000
      288.008      33.340      33.516    -167.222   25692.045      70.637    -342.500    265820.5  21170294.0   24479.160      69.636
      288.008 0.000000030       9.116     196.594      26.545     0.87499     0.82445     1.20023     0.06900     0.00000       1.061
      288.008      69.636      -0.862    9999.990      39.144      40.000      40.006       0.000       0.000       0.000
      288.008   18750.412       0.108   15736.941    8517.365   22946.633     368.469      -0.062      -0.001       0.003
      288.008    1144.157   24479.160    -368.469     364.680       0.141      -0.008
      288.008       0.000  208790.000       0.000       0.000       0.000
      288.008       0.000       0.000       0.000       0.000       0.000
      288.008       0.000       1.000       0.000
      289.008      33.363      33.540    -167.148   25689.342      70.680    -339.415    265479.4  21169928.0   24476.455      69.682
      289.008 0.000000031       9.267     196.797      26.528     0.87499     0.82445     1.20023     0.06900     0.00000       1.061
      289.008      69.682      -0.855    9999.990      39.151      40.000      40.006       0.000       0.000       0.000
      289.008   18748.346       0.110   15735.196    8498.134   22950.930     365.335      -0.062      -0.001       0.003
      289.008    1148.134   24476.455    -365.335     370.726       0.143      -0.008
      289.008       0.000  208790.000       0.000       0.000       0.000
      289.008       0.000       0.000       0.000       0.000       0.000
      289.008       0.000       1.000       0.000
      290.008      33.386      33.563    -167.073   25686.584      70.724    -336.281    265141.4  21169564.0   24473.697      69.727
      290.008 0.000000031       9.419     196.999      26.512     0.87499     0.82445     1.20023     0.06900     0.00000       1.061
      290.008      69.727      -0.848    9999.990      39.158      40.000      40.006       0.000       0.000       0.000
      290.008   18746.234       0.105   15733.419    8478.856   22955.166     362.151      -0.062      -0.001       0.003
      290.008    1152.113   24473.695    -362.151     376.811       0.145      -0.008
      290.008       0.000  208790.000       0.000       0.000       0.000
      290.008       0.000       0.000       0.000       0.000       0.000
      290.008       0.000       1.000       0.000
      291.009      33.409      33.586    -166.999   25683.771      70.767    -333.099    264806.6  21169202.0   24470.883      69.773
      291.009 0.000000032       9.572     197.198      26.495     0.87499     0.82445     1.20023     0.06900     0.00000       1.061
      291.009      69.773      -0.840    9999.990      39.166      40.000      40.006       0.000       0.000       0.000
      291.009   18744.082       0.108   15731.607    8459.541   22959.344     358.920      -0.062      -0.001       0.003
      291.009    1156.092   24470.883    -358.920     382.933       0.148      -0.008
      291.009       0.000  208790.000       0.000       0.000       0.000
      291.009       0.000       0.000       0.000       0.000       0.000
      291.009       0.000       1.000       0.000
      292.009      33.431      33.609    -166.924   25680.898      70.811    -329.869    264474.9  21168846.0   24468.010      69.819
      292.009 0.000000032       9.726     197.396      26.479     0.87499     0.82445     1.20023     0.06900     0.00000       1.061
      292.009      69.819      -0.833    9999.990      39.173      40.000      40.006       0.000       0.000       0.000
      292.009   18741.883       0.108   15729.758    8440.190   22963.453     355.639      -0.062      -0.001       0.003
      292.009    1160.070   24468.010    -355.639     389.090       0.150      -0.009
      292.009       0.000  208790.000       0.000       0.000       0.000
      292.009       0.000       0.000       0.000       0.000       0.000
      292.009       0.000       1.000       0.000
      293.009      33.454      33.631    -166.850   25677.975      70.854    -326.590    264146.5  21168492.0   24465.084      69.865
      293.009 0.000000033       9.880     197.592      26.463     0.87499     0.82445     1.20023     0.06900     0.00000       1.061
      293.009      69.865      -0.825    9999.990      39.181      40.000      40.006       0.000       0.000       0.000
      293.009   18739.643       0.108   15727.872    8420.799   22967.506     352.310      -0.062      -0.001       0.003
      293.009    1164.044   24465.080    -352.310     395.280       0.153      -0.009
      293.009       0.000  208790.000       0.000       0.000       0.000
      293.009       0.000       0.000       0.000       0.000       0.000
      293.009       0.000       1.000       0.000
      294.009      33.477      33.654    -166.775   25674.992      70.898    -323.262    263821.4  21168140.0   24462.100      69.911
      294.009 0.000000034      10.036     197.786      26.447     0.87499     0.82445     1.20023     0.06900     0.00000       1.061
      294.009      69.911      -0.817    9999.990      39.189      40.000      40.006       0.000       0.000       0.000
      294.009   18737.365       0.106   15725.948    8401.365   22971.496     348.932      -0.062      -0.001       0.003
      294.009    1168.024   24462.100    -348.932     401.499       0.155      -0.009
      294.009       0.000  208790.000       0.000       0.000       0.000
      294.009       0.000       0.000       0.000       0.000       0.000
      294.009       0.000       1.000       0.000
      295.009      33.500      33.677    -166.701   25671.953      70.942    -319.885    263499.7  21167792.0   24459.062      69.957
      295.009 0.000000034      10.192     197.978      26.430     0.87499     0.82445     1.20023     0.06900     0.00000       1.061
      295.009      69.957      -0.809    9999.990      39.197      40.000      40.006       0.000       0.000       0.000
      295.009   18735.041       0.109   15723.992    8381.898   22975.424     345.504      -0.062      -0.001       0.003
      295.009    1172.000   24459.062    -345.504     407.746       0.157      -0.009
      295.009       0.000  208790.000       0.000       0.000       0.000
      295.009       0.000       0.000       0.000       0.000       0.000
      295.009       0.000       1.000       0.000
      296.009      33.522      33.700    -166.626   25668.852      70.985    -316.459    263181.3  21167450.0   24455.957      70.003
      296.009 0.000000035      10.348     198.167      26.414     0.87499     0.82445     1.20023     0.06900     0.00000       1.061
      296.009      70.003      -0.801    9999.990      39.205      40.000      40.006       0.000       0.000       0.000
      296.009   18732.666       0.107   15721.991    8362.389   22979.279     342.027      -0.061      -0.001       0.003
      296.009    1175.979   24455.955    -342.027     413.976       0.160      -0.009
      296.009       0.000  208790.000       0.000       0.000       0.000
      296.009       0.000       0.000       0.000       0.000       0.000
      296.009       0.000       1.000       0.000
      297.009      33.545      33.722    -166.552   25665.697      71.029    -312.984    262866.5  21167108.0   24452.799      70.049
      297.009 0.000000035      10.502     198.355      26.398     0.87499     0.82445     1.20023     0.06900     0.00000       1.061
      297.009      70.049      -0.793    9999.990      39.213      40.000      40.006       0.000       0.000       0.000
      297.009   18730.252       0.108   15719.958    8342.839   22983.078     338.502      -0.061      -0.001       0.003
      297.009    1179.950   24452.799    -338.502     420.136       0.162      -0.009
      297.009       0.000  208790.000       0.000       0.000       0.000
      297.009       0.000       0.000       0.000       0.000       0.000
      297.009       0.000       1.000       0.000
      298.009      33.568      33.745    -166.477   25662.484      71.073    -309.462    262555.1  21166772.0   24449.588      70.095
      298.009 0.000000036      10.656     198.541      26.383     0.87499     0.82445     1.20023     0.06900     0.00000       1.061
      298.009      70.095      -0.785    9999.990      39.221      40.000      40.006       0.000       0.000       0.000
      298.009   18727.791       0.110   15717.889    8323.256   22986.812     334.929      -0.061      -0.001       0.003
      298.009    1183.926   24449.584    -334.929     426.315       0.165      -0.009
      298.009       0.000  208790.000       0.000       0.000       0.000
      298.009       0.000       0.000       0.000       0.000       0.000
      298.009       0.000       1.000       0.000
      299.009      33.590      33.768    -166.402   25659.219      71.117    -305.893    262247.2  21166438.0   24446.316      70.141
      299.009 0.000000036      10.811     198.724      26.367     0.87499     0.82444     1.20023     0.06900     0.00000       1.061
      299.009      70.141      -0.777    9999.990      39.230      40.000      40.006       0.000       0.000       0.000
      299.009   18725.295       0.108   15715.781    8303.636   22990.484     331.308      -0.061      -0.001       0.003
      299.009    1187.903   24446.318    -331.308     432.508       0.167      -0.010
      299.009       0.000  208790.000       0.000       0.000       0.000
      299.009       0.000       0.000       0.000       0.000       0.000
      299.009       0.000       1.000       0.000
      300.009      33.612      33.790    -166.328   25655.893      71.161    -302.275    261942.9  21166108.0   24442.988      70.188
      300.009 0.000000037      10.966     198.906      26.351     0.87499     0.82444     1.20023     0.06900     0.00000       1.061
      300.009      70.187      -0.768    9999.990      39.238      40.000      40.006       0.000       0.000       0.000
      300.009   18722.746       0.109   15713.638    8283.972   22994.090     327.639      -0.061      -0.001       0.003
      300.009    1191.876   24442.988    -327.639     438.711       0.169      -0.010
      300.009       0.000  208790.000       0.000       0.000       0.000
      300.009       0.000       0.000       0.000       0.000       0.000
      300.009       0.000       1.000       0.000
      301.009      33.635      33.813    -166.253   25652.506      71.205    -298.609    261642.3  21165782.0   24439.598      70.234
      301.009 0.000000037      11.121     199.085      26.336     0.87499     0.82444     1.20023     0.06900     0.00000       1.061
      301.009      70.234      -0.759    9999.990      39.247      40.000      40.006       0.000       0.000       0.000
      301.009   18720.152       0.107   15711.456    8264.274   22997.627     323.921      -0.061      -0.001       0.003
      301.009    1195.849   24439.598    -323.921     444.921       0.172      -0.010
      301.009       0.000  208790.000       0.000       0.000       0.000
      301.009       0.000       0.000       0.000       0.000       0.000
      301.009       0.000       1.000       0.000
      302.009      33.657      33.835    -166.178   25649.066      71.249    -294.896    261345.4  21165460.0   24436.158      70.280
      302.009 0.000000038      11.277     199.262      26.320     0.87499     0.82444     1.20023     0.06900     0.00000       1.061
      302.009      70.280      -0.751    9999.990      39.255      40.000      40.006       0.000       0.000       0.000
      302.009   18717.520       0.107   15709.239    8244.539   23001.105     320.156      -0.061      -0.001       0.003
      302.009    1199.822   24436.156    -320.156     451.137       0.174      -0.010
      302.009       0.000  208790.000       0.000       0.000       0.000
      302.009       0.000       0.000       0.000       0.000       0.000
      302.009       0.000       1.000       0.000
      303.009      33.680      33.857    -166.103   25645.566      71.293    -291.135    261052.2  21165142.0   24432.656      70.327
      303.009 0.000000038      11.432     199.437      26.305     0.87499     0.82444     1.20023     0.06900     0.00000       1.061
      303.009      70.326      -0.742    9999.990      39.264      40.000      40.006       0.000       0.000       0.000
      303.009   18714.842       0.109   15706.982    8224.762   23004.520     316.343      -0.061      -0.001       0.003
      303.009    1203.796   24432.654    -316.343     457.355       0.177      -0.010
      303.009       0.000  208790.000       0.000       0.000       0.000
      303.009       0.000       0.000       0.000       0.000       0.000
      303.009       0.000       1.000       0.000
      304.009      33.702      33.880    -166.028   25642.010      71.337    -287.327    260762.7  21164828.0   24429.096      70.373
      304.009 0.000000039      11.588     199.609      26.290     0.87499     0.82444     1.20023     0.06900     0.00000       1.061
      304.009      70.373      -0.733    9999.990      39.273      40.000      40.006       0.000       0.000       0.000
      304.009   18712.117       0.109   15704.689    8204.951   23007.863     312.483      -0.060      -0.001       0.003
      304.009    1207.769   24429.094    -312.483     463.571       0.179      -0.010
      304.009       0.000  208790.000       0.000       0.000       0.000
      304.009       0.000       0.000       0.000       0.000       0.000
      304.009       0.000       1.000       0.000
      305.009      33.724      33.902    -165.954   25638.396      71.381    -283.472    260477.2  21164516.0   24425.480      70.419
      305.009 0.000000039      11.743     199.780      26.275     0.87499     0.82444     1.20023     0.06900     0.00000       1.061
      305.009      70.419      -0.724    9999.990      39.282      40.000      40.006       0.000       0.000       0.000
      305.009   18709.350       0.109   15702.363    8185.104   23011.148     308.575      -0.060      -0.001       0.003
      305.009    1211.740   24425.479    -308.575     469.782       0.181      -0.010
      305.009       0.000  208790.000       0.000       0.000       0.000
      305.009       0.000       0.000       0.000       0.000       0.000
      305.009       0.000       1.000       0.000
      306.009      33.746      33.924    -165.879   25634.723      71.425    -279.569    260195.4  21164210.0   24421.803      70.466
      306.009 0.000000040      11.898     199.948      26.260     0.87499     0.82444     1.20023     0.06900     0.00000       1.061
      306.009      70.466      -0.715    9999.990      39.291      40.000      40.006       0.000       0.000       0.000
      306.009   18706.535       0.109   15699.994    8165.213   23014.363     304.620      -0.060      -0.001       0.003
      306.009    1215.708   24421.801    -304.620     475.985       0.184      -0.011
      306.009       0.000  208790.000       0.000       0.000       0.000
      306.009       0.000       0.000       0.000       0.000       0.000
      306.009       0.000       1.000       0.000
      307.010      33.768      33.946    -165.804   25630.992      71.469    -275.620    259917.6  21163908.0   24418.066      70.512
      307.010 0.000000040      12.053     200.113      26.245     0.87499     0.82444     1.20023     0.06900     0.00000       1.061
      307.010      70.512      -0.705    9999.990      39.301      40.000      40.006       0.000       0.000       0.000
      307.010   18703.682       0.109   15697.591    8145.294   23017.512     300.618      -0.060      -0.001       0.003
      307.010    1219.682   24418.068    -300.618     482.175       0.186      -0.011
      307.010       0.000  208790.000       0.000       0.000       0.000
      307.010       0.000       0.000       0.000       0.000       0.000
      307.010       0.000       1.000       0.000
      308.010      33.790      33.968    -165.729   25627.205      71.514    -271.624    259643.8  21163608.0   24414.279      70.559
      308.010 0.000000041      12.207     200.277      26.230     0.87498     0.82444     1.20022     0.06900     0.00000       1.061
      308.010      70.559      -0.696    9999.990      39.310      40.000      40.006       0.000       0.000       0.000
      308.010   18700.781       0.107   15695.150    8125.335   23020.600     296.569      -0.060      -0.001       0.003
      308.010    1223.654   24414.277    -296.569     488.349       0.189      -0.011
      308.010       0.000  208790.000       0.000       0.000       0.000
      308.010       0.000       0.000       0.000       0.000       0.000
      308.010       0.000       1.000       0.000
      309.010      33.812      33.990    -165.654   25623.359      71.558    -267.582    259374.0  21163314.0   24410.424      70.606
      309.010 0.000000041      12.361     200.438      26.215     0.87498     0.82444     1.20022     0.06900     0.00000       1.061
      309.010      70.605      -0.687    9999.990      39.319      40.000      40.006       0.000       0.000       0.000
      309.010   18697.832       0.108   15692.667    8105.336   23023.615     292.474      -0.060      -0.001       0.003
      309.010    1227.622   24410.422    -292.474     494.504       0.191      -0.011
      309.010       0.000  208790.000       0.000       0.000       0.000
      309.010       0.000       0.000       0.000       0.000       0.000
      309.010       0.000       1.000       0.000
      310.010      33.834      34.012    -165.579   25619.455      71.602    -263.495    259108.2  21163024.0   24406.520      70.652
      310.010 0.000000042      12.514     200.596      26.201     0.87498     0.82444     1.20022     0.06900     0.00000       1.061
      310.010      70.652      -0.677    9999.990      39.329      40.000      40.006       0.000       0.000       0.000
      310.010   18694.844       0.113   15690.155    8085.309   23026.568     288.333      -0.060      -0.001       0.003
      310.010    1231.590   24406.518    -288.333     500.637       0.193      -0.011
      310.010       0.000  208790.000       0.000       0.000       0.000
      310.010       0.000       0.000       0.000       0.000       0.000
      310.010       0.000       1.000       0.000
      311.010      33.856      34.034    -165.504   25615.494      71.647    -259.362    258846.6  21162736.0   24402.557      70.699
      311.010 0.000000043      12.667     200.752      26.186     0.87498     0.82444     1.20022     0.06900     0.00000       1.061
      311.010      70.699      -0.667    9999.990      39.339      40.000      40.006       0.000       0.000       0.000
      311.010   18691.809       0.109   15687.601    8065.238   23029.455     284.146      -0.060      -0.001       0.003
      311.010    1235.559   24402.553    -284.146     506.742       0.196      -0.011
      311.010       0.000  208790.000       0.000       0.000       0.000
      311.010       0.000       0.000       0.000       0.000       0.000
      311.010       0.000       1.000       0.000
      312.010      33.878      34.056    -165.428   25611.479      71.691    -255.184    258589.1  21162454.0   24398.533      70.746
      312.010 0.000000043      12.819     200.906      26.172     0.87498     0.82444     1.20022     0.06900     0.00000       1.061
      312.010      70.746      -0.657    9999.990      39.349      40.000      40.006       0.000       0.000       0.000
      312.010   18688.732       0.112   15685.013    8045.137   23032.279     279.914      -0.059      -0.001       0.003
      312.010    1239.527   24398.531    -279.914     512.818       0.198      -0.011
      312.010       0.000  208790.000       0.000       0.000       0.000
      312.010       0.000       0.000       0.000       0.000       0.000
      312.010       0.000       1.000       0.000
      313.010      33.900      34.078    -165.353   25607.402      71.735    -250.961    258335.8  21162176.0   24394.453      70.793
      313.010 0.000000044      12.970     201.057      26.158     0.87498     0.82444     1.20022     0.06900     0.00000       1.061
      313.010      70.792      -0.647    9999.990      39.359      40.000      40.006       0.000       0.000       0.000
      313.010   18685.609       0.107   15682.385    8025.003   23035.031     275.637      -0.059      -0.001       0.003
      313.010    1243.496   24394.449    -275.637     518.858       0.200      -0.012
      313.010       0.000  208790.000       0.000       0.000       0.000
      313.010       0.000       0.000       0.000       0.000       0.000
      313.010       0.000       1.000       0.000
      314.010      33.921      34.100    -165.278   25603.273      71.780    -246.694    258086.8  21161902.0   24390.318      70.839
      314.010 0.000000044      13.120     201.205      26.144     0.87498     0.82444     1.20022     0.06900     0.00000       1.061
      314.010      70.839      -0.637    9999.990      39.369      40.000      40.006       0.000       0.000       0.000
      314.010   18682.447       0.106   15679.723    8004.828   23037.723     271.317      -0.059      -0.001       0.003
      314.010    1247.461   24390.316    -271.317     524.860       0.203      -0.012
      314.010       0.000  208790.000       0.000       0.000       0.000
      314.010       0.000       0.000       0.000       0.000       0.000
      314.010       0.000       1.000       0.000
      315.010      33.943      34.121    -165.203   25599.086      71.825    -242.384    257842.0  21161634.0   24386.123      70.886
      315.010 0.000000045      13.269     201.351      26.130     0.87498     0.82444     1.20022     0.06900     0.00000       1.061
      315.010      70.886      -0.627    9999.990      39.379      40.000      40.006       0.000       0.000       0.000
      315.010   18679.238       0.109   15677.024    7984.623   23040.346     266.952      -0.059      -0.001       0.003
      315.010    1251.425   24386.123    -266.952     530.819       0.205      -0.012
      315.010       0.000  208790.000       0.000       0.000       0.000
      315.010       0.000       0.000       0.000       0.000       0.000
      315.010       0.000       1.000       0.000
      316.010      33.964      34.143    -165.128   25594.844      71.869    -238.031    257601.6  21161368.0   24381.873      70.933
      316.010 0.000000045      13.416     201.495      26.116     0.87498     0.82444     1.20022     0.06900     0.00000       1.061
      316.010      70.933      -0.617    9999.990      39.389      40.000      40.006       0.000       0.000       0.000
      316.010   18675.984       0.109   15674.291    7964.382   23042.906     262.544      -0.059      -0.001       0.003
      316.010    1255.393   24381.873    -262.544     536.731       0.207      -0.012
      316.010       0.000  208790.000       0.000       0.000       0.000
      316.010       0.000       0.000       0.000       0.000       0.000
      316.010       0.000       1.000       0.000
      317.010      33.986      34.165    -165.053   25590.543      71.914    -233.635    257365.5  21161108.0   24377.570      70.980
      317.010 0.000000046      13.563     201.636      26.102     0.87498     0.82444     1.20022     0.06900     0.00000       1.061
      317.010      70.980      -0.607    9999.990      39.399      40.000      40.006       0.000       0.000       0.000
      317.010   18672.689       0.109   15671.518    7944.104   23045.400     258.094      -0.059      -0.001       0.003
      317.010    1259.359   24377.568    -258.094     542.594       0.210      -0.012
      317.010       0.000  208790.000       0.000       0.000       0.000
      317.010       0.000       0.000       0.000       0.000       0.000
      317.010       0.000       1.000       0.000
      318.010      34.007      34.186    -164.977   25586.189      71.959    -229.198    257133.9  21160852.0   24373.207      71.027
      318.010 0.000000046      13.708     201.774      26.089     0.87498     0.82444     1.20022     0.06900     0.00000       1.061
      318.010      71.027      -0.596    9999.990      39.410      40.000      40.006       0.000       0.000       0.000
      318.010   18669.354       0.111   15668.709    7923.800   23047.828     253.602      -0.059      -0.001       0.003
      318.010    1263.324   24373.207    -253.602     548.400       0.212      -0.012
      318.010       0.000  208790.000       0.000       0.000       0.000
      318.010       0.000       0.000       0.000       0.000       0.000
      318.010       0.000       1.000       0.000
      319.010      34.029      34.208    -164.902   25581.781      72.003    -224.719    256906.7  21160600.0   24368.799      71.074
      319.010 0.000000047      13.852     201.909      26.075     0.87498     0.82444     1.20022     0.06900     0.00000       1.061
      319.010      71.074      -0.586    9999.990      39.420      40.000      40.006       0.000       0.000       0.000
      319.010   18665.980       0.108   15665.870    7903.455   23050.199     249.068      -0.059      -0.001       0.003
      319.010    1267.285   24368.799    -249.068     554.149       0.214      -0.012
      319.010       0.000  208790.000       0.000       0.000       0.000
      319.010       0.000       0.000       0.000       0.000       0.000
      319.010       0.000       1.000       0.000
      320.010      34.050      34.229    -164.827   25577.318      72.048    -220.201    256684.0  21160354.0   24364.326      71.121
      320.010 0.000000047      13.994     202.042      26.062     0.87498     0.82444     1.20022     0.06900     0.00000       1.061
      320.010      71.121      -0.575    9999.990      39.431      40.000      40.006       0.000       0.000       0.000
      320.010   18662.559       0.109   15662.994    7883.082   23052.498     244.494      -0.059      -0.001       0.003
      320.010    1271.245   24364.328    -244.494     559.835       0.216      -0.012
      320.010       0.000  208790.000       0.000       0.000       0.000
      320.010       0.000       0.000       0.000       0.000       0.000
      320.010       0.000       1.000       0.000
      321.010      34.072      34.250    -164.751   25572.801      72.093    -215.642    256465.9  21160110.0   24359.801      71.168
      321.010 0.000000048      14.134     202.172      26.049     0.87498     0.82443     1.20022     0.06900     0.00000       1.061
      321.010      71.168      -0.564    9999.990      39.442      40.000      40.006       0.000       0.000       0.000
      321.010   18659.094       0.109   15660.082    7862.677   23054.734     239.880      -0.058      -0.001       0.003
      321.010    1275.210   24359.801    -239.880     565.453       0.218      -0.013
      321.010       0.000  208790.000       0.000       0.000       0.000
      321.010       0.000       0.000       0.000       0.000       0.000
      321.010       0.000       1.000       0.000
      322.010      34.093      34.272    -164.676   25568.232      72.138    -211.045    256252.4  21159872.0   24355.229      71.216
      322.010 0.000000048      14.273     202.300      26.036     0.87498     0.82443     1.20022     0.06900     0.00000       1.061
      322.010      71.215      -0.553    9999.990      39.452      40.000      40.006       0.000       0.000       0.000
      322.010   18655.590       0.107   15657.136    7842.234   23056.910     235.227      -0.058      -0.001       0.003
      322.010    1279.173   24355.225    -235.227     570.998       0.220      -0.013
      322.010       0.000  208790.000       0.000       0.000       0.000
      322.010       0.000       0.000       0.000       0.000       0.000
      322.010       0.000       1.000       0.000
      323.010      34.114      34.293    -164.601   25563.604      72.183    -206.410    256043.5  21159640.0   24350.592      71.263
      323.010 0.000000049      14.410     202.424      26.023     0.87498     0.82443     1.20022     0.06900     0.00000       1.061
      323.010      71.263      -0.542    9999.990      39.463      40.000      40.006       0.000       0.000       0.000
      323.010   18652.043       0.110   15654.153    7821.768   23059.016     230.536      -0.058      -0.001       0.003
      323.010    1283.134   24350.590    -230.536     576.467       0.223      -0.013
      323.010       0.000  208790.000       0.000       0.000       0.000
      323.010       0.000       0.000       0.000       0.000       0.000
      323.010       0.000       1.000       0.000
      324.011      34.135      34.314    -164.525   25558.932      72.227    -201.737    255839.2  21159412.0   24345.916      71.310
      324.011 0.000000049      14.544     202.546      26.010     0.87498     0.82443     1.20022     0.06900     0.00000       1.061
      324.011      71.310      -0.531    9999.990      39.474      40.000      40.006       0.000       0.000       0.000
      324.011   18648.465       0.111   15651.144    7801.262   23061.068     225.808      -0.058      -0.001       0.003
      324.011    1287.092   24345.914    -225.808     581.859       0.225      -0.013
      324.011       0.000  208790.000       0.000       0.000       0.000
      324.011       0.000       0.000       0.000       0.000       0.000
      324.011       0.000       1.000       0.000
      325.011      34.156      34.335    -164.450   25554.203      72.272    -197.028    255639.6  21159188.0   24341.176      71.357
      325.011 0.000000050      14.677     202.665      25.997     0.87498     0.82443     1.20022     0.06900     0.00000       1.061
      325.011      71.357      -0.520    9999.990      39.485      40.000      40.006       0.000       0.000       0.000
      325.011   18644.840       0.110   15648.097    7780.730   23063.051     221.043      -0.058      -0.001       0.003
      325.011    1291.050   24341.180    -221.043     587.167       0.227      -0.013
      325.011       0.000  208790.000       0.000       0.000       0.000
      325.011       0.000       0.000       0.000       0.000       0.000
      325.011       0.000       1.000       0.000
      326.011      34.177      34.356    -164.374   25549.428      72.317    -192.284    255444.7  21158968.0   24336.396      71.405
      326.011 0.000000050      14.808     202.782      25.984     0.87498     0.82443     1.20022     0.06900     0.00000       1.061
      326.011      71.404      -0.509    9999.990      39.497      40.000      40.006       0.000       0.000       0.000
      326.011   18641.176       0.111   15645.018    7760.168   23064.977     216.242      -0.058      -0.001       0.003
      326.011    1295.010   24336.393    -216.242     592.387       0.229      -0.013
      326.011       0.000  208790.000       0.000       0.000       0.000
      326.011       0.000       0.000       0.000       0.000       0.000
      326.011       0.000       1.000       0.000
      327.011      34.198      34.377    -164.299   25544.596      72.363    -187.505    255254.6  21158754.0   24331.555      71.452
      327.011 0.000000050      14.936     202.895      25.972     0.87498     0.82443     1.20022     0.06900     0.00000       1.061
      327.011      71.452      -0.498    9999.990      39.508      40.000      40.006       0.000       0.000       0.000
      327.011   18637.471       0.110   15641.902    7739.572   23066.836     211.407      -0.058      -0.001       0.003
      327.011    1298.968   24331.553    -211.407     597.515       0.231      -0.013
      327.011       0.000  208790.000       0.000       0.000       0.000
      327.011       0.000       0.000       0.000       0.000       0.000
      327.011       0.000       1.000       0.000
      328.011      34.219      34.398    -164.223   25539.719      72.408    -182.693    255069.2  21158546.0   24326.672      71.499
      328.011 0.000000051      15.062     203.006      25.960     0.87498     0.82443     1.20022     0.06900     0.00000       1.061
      328.011      71.499      -0.486    9999.990      39.519      40.000      40.006       0.000       0.000       0.000
      328.011   18633.734       0.108   15638.759    7718.955   23068.637     206.538      -0.058      -0.001       0.003
      328.011    1302.927   24326.670    -206.538     602.548       0.233      -0.013
      328.011       0.000  208790.000       0.000       0.000       0.000
      328.011       0.000       0.000       0.000       0.000       0.000
      328.011       0.000       1.000       0.000
      329.011      34.240      34.419    -164.148   25534.791      72.453    -177.849    254888.7  21158342.0   24321.734      71.547
      329.011 0.000000051      15.185     203.113      25.948     0.87498     0.82443     1.20022     0.06900     0.00000       1.061
      329.011      71.614      -0.475    9999.990      39.531      40.000      40.006       0.062       0.105       0.000
      329.011   18629.945       0.108   15635.601    7698.296   23070.379     201.637      -0.058       0.620       0.524
      329.011    1306.883   24321.736    -201.637     607.481       0.235      -0.013
      329.011       0.000  208790.000       0.000       0.000       0.000
      329.011       0.000       0.000       0.000       0.000       0.000
      329.011       0.000       1.000       0.000
      330.011      34.261      34.440    -164.072   25529.822      72.498    -172.979    254713.0  21158142.0   24316.756      71.595
      330.011 0.000000052      15.306     203.218      25.936     0.87500     0.82449     1.20027     0.06900     0.00000       1.061
      330.011      75.451      -0.463    9999.990      39.387      40.000      40.007       5.777       6.005       0.000
      330.011   18625.781       0.060   15632.809    7677.415   23072.129     196.710      -0.072       3.315       2.792
      330.011    1310.836   24316.752    -196.710     612.329       0.236      -0.014
      330.011       0.000  208790.000       0.000       0.000       0.000
      330.011       0.000       0.000       0.000       0.000       0.000
      330.011       0.000       1.000       0.000
      331.011      34.282      34.461    -163.996   25524.812      72.545    -168.113    254542.2  21157948.0   24311.727      71.644
      331.011 0.000000052      15.424     203.320      25.924     0.87500     0.82448     1.20027     0.06900     0.00000       1.061
      331.011      79.148      -0.452    9999.990      38.958      40.000      40.007      11.491      11.720       0.000
      331.011   18621.932       0.010   15629.578    7656.097   23073.955     191.785      -0.071       3.418       2.884
      331.011    1314.792   24311.729    -191.785     617.051       0.238      -0.014
      331.011       0.000  208790.000       0.000       0.000       0.000
      331.011       0.000       0.000       0.000       0.000       0.000
      331.011       0.000       1.000       0.000
      332.011      34.302      34.482    -163.921   25519.768      72.593    -163.288    254376.3  21157758.0   24306.654      71.694
      332.011 0.000000053      15.539     203.419      25.912     0.87500     0.82448     1.20026     0.06900     0.00000       1.061
      332.011      82.796      -0.441    9999.990      38.238      40.000      40.007      17.206      17.428      -0.000
      332.011   18618.068      -0.040   15626.291    7634.335   23075.863     186.899      -0.070       3.484       2.945
      332.011    1318.747   24306.654    -186.899     621.661       0.240      -0.014
      332.011       0.000  208790.000       0.000       0.000       0.000
      332.011       0.000       0.000       0.000       0.000       0.000
      332.011       0.000       1.000       0.000
      333.011      34.323      34.503    -163.845   25514.676      72.641    -158.541    254215.2  21157574.0   24301.529      71.745
      333.011 0.000000053      15.651     203.515      25.900     0.87500     0.82448     1.20026     0.06900     0.00000       1.061
      333.011      86.375      -0.429    9999.990      37.218      40.000      40.007      22.921      23.133      -0.000
      333.011   18614.170      -0.087   15622.964    7612.118   23077.844     182.090      -0.069       3.576       3.029
      333.011    1322.701   24301.529    -182.090     626.161       0.242      -0.014
      333.011       0.000  208790.000       0.000       0.000       0.000
      333.011       0.000       0.000       0.000       0.000       0.000
      333.011       0.000       1.000       0.000
      334.011      34.344      34.523    -163.769   25509.553      72.691    -153.914    254058.8  21157394.0   24296.365      71.797
      334.011 0.000000053      15.761     203.608      25.889     0.87500     0.82447     1.20025     0.06900     0.00000       1.061
      334.011      89.861      -0.418    9999.990      35.884      40.000      40.007      28.635      28.836      -0.000
      334.011   18610.254      -0.128   15619.597    7589.444   23079.910     177.399      -0.068       3.697       3.136
      334.011    1326.653   24296.365    -177.399     630.547       0.244      -0.014
      334.011       0.000  208790.000       0.000       0.000       0.000
      334.011       0.000       0.000       0.000       0.000       0.000
      334.011       0.000       1.000       0.000
      335.011      34.364      34.544    -163.694   25504.391      72.742    -149.453    253906.9  21157218.0   24291.156      71.851
      335.011 0.000000054      15.868     203.699      25.878     0.87499     0.82446     1.20025     0.06900     0.00000       1.061
      335.011      93.226      -0.408    9999.990      34.222      40.000      40.007      34.350      34.535      -0.000
      335.011   18606.312      -0.172   15616.189    7566.305   23082.059     172.873      -0.066       3.847       3.268
      335.011    1330.603   24291.156    -172.873     634.824       0.245      -0.014
      335.011       0.000  208790.000       0.000       0.000       0.000
      335.011       0.000       0.000       0.000       0.000       0.000
      335.011       0.000       1.000       0.000
      336.011      34.385      34.564    -163.618   25499.195      72.794    -145.208    253759.4  21157046.0   24285.908      71.905
      336.011 0.000000054      15.972     203.787      25.867     0.87499     0.82446     1.20024     0.06900     0.00000       1.061
      336.011      96.439      -0.398    9999.990      32.212      40.000      40.006      40.065      40.232      -0.000
      336.011   18602.355      -0.208   15612.742    7542.696   23084.295     168.563      -0.064       4.024       3.424
      336.011    1334.552   24285.908    -168.563     638.997       0.247      -0.014
      336.011       0.000  208790.000       0.000       0.000       0.000
      336.011       0.000       0.000       0.000       0.000       0.000
      336.011       0.000       1.000       0.000
      337.011      34.405      34.585    -163.542   25493.969      72.847    -141.238    253616.0  21156880.0   24280.619      71.961
      337.011 0.000000055      16.074     203.873      25.855     0.87499     0.82444     1.20023     0.06900     0.00000       1.061
      337.011      99.470      -0.388    9999.990      29.838      40.000      40.006      45.779      45.926      -0.001
      337.011   18598.387      -0.235   15609.244    7518.615   23086.617     164.524      -0.061       4.228       3.601
      337.011    1338.504   24280.619    -164.524     643.066       0.248      -0.014
      337.011       0.000  208790.000       0.000       0.000       0.000
      337.011       0.000       0.000       0.000       0.000       0.000
      337.011       0.000       1.000       0.000
      338.011      34.425      34.605    -163.466   25488.709      72.901    -137.604    253476.4  21156718.0   24275.291      72.018
      338.011 0.000000055      16.174     203.956      25.845     0.87498     0.82443     1.20021     0.06900     0.00000       1.061
      338.011     102.280      -0.380    9999.990      27.084      40.000      40.006      51.494      51.618      -0.001
      338.011   18594.404      -0.258   15605.697    7494.064   23089.021     160.820      -0.057       4.453       3.796
      338.011    1342.455   24275.289    -160.820     647.041       0.250      -0.014
      338.011       0.000  208790.000       0.000       0.000       0.000
      338.011       0.000       0.000       0.000       0.000       0.000
      338.011       0.000       1.000       0.000
      339.011      34.446      34.625    -163.391   25483.418      72.956    -134.374    253340.3  21156558.0   24269.924      72.076
      339.011 0.000000055      16.271     204.037      25.834     0.87497     0.82441     1.20020     0.06900     0.00000       1.061
      339.011     104.830      -0.372    9999.990      23.942      40.000      40.005      57.208      57.308      -0.001
      339.011   18590.420      -0.272   15602.094    7469.050   23091.506     157.520      -0.053       4.693       4.004
      339.011    1346.403   24269.920    -157.520     650.929       0.251      -0.014
      339.011       0.000  208790.000       0.000       0.000       0.000
      339.011       0.000       0.000       0.000       0.000       0.000
      339.011       0.000       1.000       0.000
      340.012      34.466      34.646    -163.315   25478.096      73.013    -131.624    253207.2  21156402.0   24264.521      72.135
      340.012 0.000000056      16.367     204.117      25.823     0.87497     0.82439     1.20018     0.06900     0.00000       1.061
      340.012     107.080      -0.365    9999.990      20.412      40.000      40.005      62.923      62.998      -0.001
      340.012   18586.439      -0.278   15598.438    7443.600   23094.064     154.697      -0.047       4.937       4.216
      340.012    1350.348   24264.521    -154.697     654.742       0.253      -0.015
      340.012       0.000  208790.000       0.000       0.000       0.000
      340.012       0.000       0.000       0.000       0.000       0.000
      340.012       0.000       1.000       0.000
      341.012      34.486      34.666    -163.239   25472.744      73.070    -129.428    253076.7  21156248.0   24259.082      72.195
      341.012 0.000000056      16.461     204.194      25.812     0.87496     0.82436     1.20015     0.06900     0.00000       1.061
      341.012     108.986      -0.360    9999.990      16.511      40.000      40.004      68.638      68.690      -0.001
      341.012   18582.457      -0.271   15594.721    7417.742   23096.688     152.427      -0.040       5.173       4.419
      341.012    1354.292   24259.082    -152.427     658.495       0.254      -0.015
      341.012       0.000  208790.000       0.000       0.000       0.000
      341.012       0.000       0.000       0.000       0.000       0.000
      341.012       0.000       1.000       0.000
      342.012      34.506      34.686    -163.163   25467.367      73.128    -127.861    252948.0  21156096.0   24253.613      72.256
      342.012 0.000000056      16.552     204.271      25.802     0.87495     0.82433     1.20012     0.06900     0.00000       1.061
      342.012     110.508      -0.356    9999.990      12.275      40.000      40.003      74.352      74.384      -0.001
      342.012   18578.477      -0.254   15590.956    7391.520   23099.359     150.785      -0.033       5.381       4.599
      342.012    1358.242   24253.611    -150.785     662.152       0.256      -0.015
      342.012       0.000  208790.000       0.000       0.000       0.000
      342.012       0.000       0.000       0.000       0.000       0.000
      342.012       0.000       1.000       0.000
      343.012      34.526      34.706    -163.087   25461.957      73.186    -126.991    252820.6  21155946.0   24248.104      72.318
      343.012 0.000000057      16.643     204.347      25.791     0.87494     0.82430     1.20009     0.06900     0.00000       1.061
      343.012     111.596      -0.354    9999.990       7.821      40.000      40.002      80.000      80.014      -0.000
      343.012   18574.633      -0.207   15586.964    7365.000   23102.053     149.839      -0.024       4.875       4.178
      343.012    1362.186   24248.102    -149.839     665.747       0.257      -0.015
      343.012       0.000  208790.000       0.000       0.000       0.000
      343.012       0.000       0.000       0.000       0.000       0.000
      343.012       0.000       1.000       0.000
      344.012      34.546      34.726    -163.011   25456.520      73.245    -126.521    252693.8  21155796.0   24242.570      72.380
      344.012 0.000000057      16.733     204.423      25.780     0.87490     0.82420     1.19999     0.06900     0.00000       1.062
      344.012     111.654      -0.353    9999.990       7.830      40.000      40.000      80.000      80.004      -0.000
      344.012   18570.924      -0.119   15582.780    7338.332   23104.736     149.293       0.001      -0.045       0.053
      344.012    1366.130   24242.572    -149.293     669.334       0.259      -0.015
      344.012       0.000  208790.000       0.000       0.000       0.000
      344.012       0.000       0.000       0.000       0.000       0.000
      344.012       0.000       1.000       0.000
      345.012      34.566      34.746    -162.935   25451.051      73.304    -126.057    252567.5  21155648.0   24237.002      72.442
      345.012 0.000000057      16.824     204.498      25.770     0.87490     0.82420     1.19999     0.06900     0.00000       1.062
      345.012     111.717      -0.352    9999.990       7.832      40.000      40.000      80.000      80.004      -0.000
      345.012   18566.656      -0.120   15579.200    7311.608   23107.369     148.752       0.001      -0.045       0.054
      345.012    1370.073   24237.000    -148.752     672.954       0.260      -0.015
      345.012       0.000  208790.000       0.000       0.000       0.000
      345.012       0.000       0.000       0.000       0.000       0.000
      345.012       0.000       1.000       0.000
      346.012      34.586      34.766    -162.859   25445.549      73.364    -125.599    252441.6  21155500.0   24231.402      72.504
      346.012 0.000000058      16.915     204.573      25.759     0.87490     0.82420     1.19999     0.06900     0.00000       1.062
      346.012     111.779      -0.350    9999.990       7.833      40.000      40.000      80.000      80.004      -0.000
      346.012   18562.369      -0.118   15575.599    7284.829   23109.959     148.217       0.002      -0.045       0.054
      346.012    1374.012   24231.402    -148.217     676.578       0.261      -0.015
      346.012       0.000  208790.000       0.000       0.000       0.000
      346.012       0.000       0.000       0.000       0.000       0.000
      346.012       0.000       1.000       0.000
      347.012      34.605      34.785    -162.783   25440.016      73.423    -125.148    252316.2  21155352.0   24225.770      72.566
      347.012 0.000000058      17.005     204.648      25.748     0.87490     0.82420     1.19999     0.06900     0.00000       1.062
      347.012     111.841      -0.349    9999.990       7.835      40.000      40.000      80.000      80.004      -0.000
      347.012   18558.057      -0.120   15571.975    7257.996   23112.498     147.688       0.002      -0.045       0.054
      347.012    1377.957   24225.770    -147.688     680.204       0.263      -0.015
      347.012       0.000  208790.000       0.000       0.000       0.000
      347.012       0.000       0.000       0.000       0.000       0.000
      347.012       0.000       1.000       0.000
      348.012      34.625      34.805    -162.707   25434.451      73.482    -124.703    252191.2  21155204.0   24220.109      72.629
      348.012 0.000000058      17.096     204.723      25.737     0.87490     0.82420     1.19999     0.06900     0.00000       1.062
      348.012     111.904      -0.348    9999.990       7.836      40.000      40.000      80.000      80.004      -0.000
      348.012   18553.723      -0.120   15568.333    7231.109   23114.996     147.165       0.002      -0.045       0.054
      348.012    1381.897   24220.107    -147.165     683.834       0.264      -0.015
      348.012       0.000  208790.000       0.000       0.000       0.000
      348.012       0.000       0.000       0.000       0.000       0.000
      348.012       0.000       1.000       0.000
      349.012      34.644      34.825    -162.631   25428.857      73.542    -124.264    252066.7  21155056.0   24214.414      72.691
      349.012 0.000000059      17.187     204.797      25.727     0.87490     0.82420     1.19999     0.06900     0.00000       1.062
      349.012     111.966      -0.347    9999.990       7.838      40.000      40.000      80.000      80.004      -0.000
      349.012   18549.363      -0.117   15564.668    7204.168   23117.445     146.649       0.002      -0.045       0.054
      349.012    1385.838   24214.412    -146.649     687.467       0.266      -0.015
      349.012       0.000  208790.000       0.000       0.000       0.000
      349.012       0.000       0.000       0.000       0.000       0.000
      349.012       0.000       1.000       0.000
      350.012      34.664      34.844    -162.555   25423.229      73.602    -123.832    251942.6  21154910.0   24208.686      72.754
      350.012 0.000000059      17.278     204.871      25.716     0.87490     0.82419     1.19999     0.06900     0.00000       1.062
      350.012     112.029      -0.346    9999.990       7.839      40.000      40.000      80.000      80.004      -0.000
      350.012   18544.979      -0.118   15560.984    7177.174   23119.846     146.138       0.002      -0.045       0.054
      350.012    1389.775   24208.686    -146.138     691.103       0.267      -0.015
      350.012       0.000  208790.000       0.000       0.000       0.000
      350.012       0.000       0.000       0.000       0.000       0.000
      350.012       0.000       1.000       0.000
      351.012      34.683      34.864    -162.479   25417.568      73.662    -123.406    251819.0  21154764.0   24202.926      72.817
      351.012 0.000000059      17.369     204.945      25.705     0.87490     0.82419     1.19999     0.06900     0.00000       1.062
      351.012     112.092      -0.345    9999.990       7.841      40.000      40.000      80.000      80.004      -0.000
      351.012   18540.566      -0.118   15557.281    7150.124   23122.201     145.635       0.002      -0.045       0.054
      351.012    1393.711   24202.926    -145.635     694.742       0.268      -0.015
      351.012       0.000  208790.000       0.000       0.000       0.000
      351.012       0.000       0.000       0.000       0.000       0.000
      351.012       0.000       1.000       0.000
      352.012      34.703      34.883    -162.403   25411.877      73.721    -122.987    251695.8  21154620.0   24197.135      72.880
      352.012 0.000000060      17.460     205.019      25.694     0.87490     0.82419     1.19999     0.06900     0.00000       1.062
      352.012     112.154      -0.344    9999.990       7.842      40.000      40.000      80.000      80.004      -0.000
      352.012   18536.135      -0.118   15553.556    7123.021   23124.510     145.137       0.002      -0.045       0.054
      352.012    1397.649   24197.135    -145.137     698.383       0.270      -0.016
      352.012       0.000  208790.000       0.000       0.000       0.000
      352.012       0.000       0.000       0.000       0.000       0.000
      352.012       0.000       1.000       0.000
      353.012      34.722      34.902    -162.326   25406.160      73.781    -122.575    251573.0  21154474.0   24191.318      72.943
      353.012 0.000000060      17.551     205.092      25.684     0.87490     0.82419     1.19999     0.06900     0.00000       1.062
      353.012     112.217      -0.343    9999.990       7.844      40.000      40.000      80.000      80.004      -0.000
      353.012   18531.680      -0.118   15549.814    7095.866   23126.775     144.646       0.002      -0.045       0.054
      353.012    1401.586   24191.318    -144.646     702.027       0.271      -0.016
      353.012       0.000  208790.000       0.000       0.000       0.000
      353.012       0.000       0.000       0.000       0.000       0.000
      353.012       0.000       1.000       0.000
      354.012      34.741      34.922    -162.250   25400.406      73.842    -122.169    251450.6  21154330.0   24185.469      73.006
      354.012 0.000000060      17.642     205.165      25.673     0.87490     0.82419     1.19999     0.06900     0.00000       1.062
      354.012     112.281      -0.342    9999.990       7.845      40.000      40.000      80.000      80.004      -0.000
      354.012   18527.199      -0.118   15546.051    7068.657   23128.990     144.161       0.002      -0.045       0.054
      354.012    1405.521   24185.467    -144.161     705.677       0.273      -0.016
      354.012       0.000  208790.000       0.000       0.000       0.000
      354.012       0.000       0.000       0.000       0.000       0.000
      354.012       0.000       1.000       0.000
      355.012      34.760      34.941    -162.174   25394.627      73.902    -121.770    251328.6  21154186.0   24179.588      73.069
      355.012 0.000000061      17.733     205.238      25.662     0.87490     0.82419     1.19999     0.06900     0.00000       1.062
      355.012     112.344      -0.340    9999.990       7.846      40.000      40.000      80.000      80.004      -0.000
      355.012   18522.695      -0.119   15542.269    7041.394   23131.160     143.683       0.002      -0.045       0.054
      355.012    1409.454   24179.586    -143.683     709.328       0.274      -0.016
      355.012       0.000  208790.000       0.000       0.000       0.000
      355.012       0.000       0.000       0.000       0.000       0.000
      355.012       0.000       1.000       0.000
      356.013      34.779      34.960    -162.098   25388.811      73.962    -121.379    251207.0  21154042.0   24173.674      73.133
      356.013 0.000000061      17.825     205.310      25.651     0.87490     0.82419     1.19999     0.06900     0.00000       1.062
      356.013     112.407      -0.339    9999.990       7.848      40.000      40.000      80.000      80.004      -0.000
      356.013   18518.170      -0.118   15538.464    7014.079   23133.281     143.212       0.002      -0.045       0.054
      356.013    1413.385   24173.674    -143.212     712.985       0.275      -0.016
      356.013       0.000  208790.000       0.000       0.000       0.000
      356.013       0.000       0.000       0.000       0.000       0.000
      356.013       0.000       1.000       0.000
      357.013      34.798      34.979    -162.021   25382.965      74.023    -120.994    251085.8  21153900.0   24167.727      73.196
      357.013 0.000000061      17.916     205.383      25.640     0.87490     0.82419     1.19999     0.06900     0.00000       1.062
      357.013     112.471      -0.338    9999.990       7.849      40.000      40.000      80.000      80.004      -0.000
      357.013   18513.613      -0.120   15534.642    6986.709   23135.354     142.747       0.002      -0.045       0.054
      357.013    1417.317   24167.727    -142.747     716.643       0.277      -0.016
      357.013       0.000  208790.000       0.000       0.000       0.000
      357.013       0.000       0.000       0.000       0.000       0.000
      357.013       0.000       1.000       0.000
      358.013      34.817      34.998    -161.945   25377.090      74.083    -120.616    250965.0  21153756.0   24161.750      73.260
      358.013 0.000000062      18.008     205.455      25.630     0.87490     0.82419     1.19999     0.06900     0.00000       1.062
      358.013     112.534      -0.337    9999.990       7.850      40.000      40.000      80.000      80.004      -0.000
      358.013   18509.041      -0.119   15530.796    6959.287   23137.379     142.289       0.002      -0.045       0.054
      358.013    1421.249   24161.750    -142.289     720.307       0.278      -0.016
      358.013       0.000  208790.000       0.000       0.000       0.000
      358.013       0.000       0.000       0.000       0.000       0.000
      358.013       0.000       1.000       0.000
      359.013      34.836      35.017    -161.869   25371.182      74.144    -120.245    250844.5  21153614.0   24155.744      73.323
      359.013 0.000000062      18.099     205.527      25.619     0.87490     0.82419     1.19999     0.06900     0.00000       1.062
      359.013     112.598      -0.336    9999.990       7.851      40.000      40.000      80.000      80.004      -0.000
      359.013   18504.441      -0.118   15526.931    6931.813   23139.357     141.838       0.002      -0.045       0.054
      359.013    1425.180   24155.742    -141.838     723.973       0.280      -0.016
      359.013       0.000  208790.000       0.000       0.000       0.000
      359.013       0.000       0.000       0.000       0.000       0.000
      359.013       0.000       1.000       0.000
      360.013      34.855      35.035    -161.792   25365.234      74.205    -119.881    250724.5  21153474.0   24149.699      73.387
      360.013 0.000000062      18.191     205.598      25.608     0.87490     0.82419     1.19999     0.06900     0.00000       1.062
      360.013     112.662      -0.335    9999.990       7.853      40.000      40.000      80.000      80.004      -0.000
      360.013   18499.814      -0.119   15523.043    6904.283   23141.279     141.394       0.003      -0.045       0.054
      360.013    1429.109   24149.699    -141.394     727.643       0.281      -0.016
      360.013       0.000  208790.000       0.000       0.000       0.000
      360.013       0.000       0.000       0.000       0.000       0.000
      360.013       0.000       1.000       0.000
      361.013      34.873      35.054    -161.716   25359.262      74.266    -119.525    250604.8  21153332.0   24143.627      73.451
      361.013 0.000000063      18.283     205.670      25.597     0.87490     0.82419     1.19999     0.06900     0.00000       1.062
      361.013     112.726      -0.335    9999.990       7.854      40.000      40.000      80.000      80.004      -0.000
      361.013   18495.162      -0.119   15519.138    6876.707   23143.156     140.957       0.003      -0.045       0.054
      361.013    1433.036   24143.625    -140.957     731.318       0.283      -0.016
      361.013       0.000  208790.000       0.000       0.000       0.000
      361.013       0.000       0.000       0.000       0.000       0.000
      361.013       0.000       1.000       0.000
      362.013      34.892      35.073    -161.640   25353.254      74.327    -119.176    250485.4  21153192.0   24137.518      73.515
      362.013 0.000000063      18.375     205.741      25.586     0.87490     0.82419     1.19999     0.06900     0.00000       1.062
      362.013     112.790      -0.334    9999.990       7.855      40.000      40.000      80.000      80.004      -0.000
      362.013   18490.486      -0.117   15515.209    6849.079   23144.980     140.527       0.003      -0.045       0.054
      362.013    1436.959   24137.518    -140.527     734.996       0.284      -0.016
      362.013       0.000  208790.000       0.000       0.000       0.000
      362.013       0.000       0.000       0.000       0.000       0.000
      362.013       0.000       1.000       0.000
      363.013      34.910      35.091    -161.563   25347.219      74.388    -118.834    250366.4  21153050.0   24131.381      73.580
      363.013 0.000000063      18.467     205.812      25.575     0.87490     0.82419     1.19999     0.06900     0.00000       1.062
      363.013     112.854      -0.333    9999.990       7.856      40.000      40.000      80.000      80.004      -0.000
      363.013   18485.787      -0.117   15511.260    6821.396   23146.760     140.104       0.003      -0.045       0.054
      363.013    1440.889   24131.381    -140.104     738.680       0.285      -0.016
      363.013       0.000  208790.000       0.000       0.000       0.000
      363.013       0.000       0.000       0.000       0.000       0.000
      363.013       0.000       1.000       0.000
      364.013      34.929      35.110    -161.487   25341.150      74.449    -118.499    250247.7  21152910.0   24125.211      73.644
      364.013 0.000000064      18.559     205.883      25.564     0.87490     0.82419     1.19999     0.06900     0.00000       1.062
      364.013     112.919      -0.332    9999.990       7.858      40.000      40.000      80.000      80.004      -0.000
      364.013   18481.062      -0.117   15507.292    6793.662   23148.488     139.688       0.003      -0.045       0.054
      364.013    1444.815   24125.211    -139.688     742.368       0.287      -0.016
      364.013       0.000  208790.000       0.000       0.000       0.000
      364.013       0.000       0.000       0.000       0.000       0.000
      364.013       0.000       1.000       0.000
      365.013      34.947      35.128    -161.410   25335.047      74.511    -118.172    250129.3  21152772.0   24119.008      73.708
      365.013 0.000000064      18.652     205.954      25.553     0.87490     0.82419     1.19999     0.06900     0.00000       1.062
      365.013     112.983      -0.331    9999.990       7.859      40.000      40.000      80.000      80.004      -0.000
      365.013   18476.314      -0.117   15503.301    6765.877   23150.162     139.279       0.003      -0.045       0.054
      365.013    1448.740   24119.008    -139.279     746.060       0.288      -0.017
      365.013       0.000  208790.000       0.000       0.000       0.000
      365.013       0.000       0.000       0.000       0.000       0.000
      365.013       0.000       1.000       0.000
      366.013      34.966      35.146    -161.334   25328.916      74.572    -117.853    250011.3  21152632.0   24112.775      73.773
      366.013 0.000000064      18.744     206.024      25.542     0.87490     0.82419     1.19999     0.06900     0.00000       1.062
      366.013     113.048      -0.330    9999.990       7.860      40.000      40.000      80.000      80.004      -0.000
      366.013   18471.537      -0.118   15499.295    6738.037   23151.793     138.878       0.003      -0.045       0.054
      366.013    1452.662   24112.773    -138.878     749.757       0.290      -0.017
      366.013       0.000  208790.000       0.000       0.000       0.000
      366.013       0.000       0.000       0.000       0.000       0.000
      366.013       0.000       1.000       0.000
      367.013      34.984      35.165    -161.257   25322.750      74.634    -117.541    249893.6  21152494.0   24106.510      73.838
      367.013 0.000000065      18.837     206.094      25.531     0.87490     0.82419     1.19999     0.06900     0.00000       1.062
      367.013     113.112      -0.329    9999.990       7.861      40.000      40.000      80.000      80.004      -0.000
      367.013   18466.742      -0.118   15495.263    6710.146   23153.369     138.484       0.003      -0.045       0.054
      367.013    1456.581   24106.508    -138.484     753.458       0.291      -0.017
      367.013       0.000  208790.000       0.000       0.000       0.000
      367.013       0.000       0.000       0.000       0.000       0.000
      367.013       0.000       1.000       0.000
      368.013      35.002      35.183    -161.181   25316.553      74.695    -117.237    249776.2  21152356.0   24100.213      73.903
      368.013 0.000000065      18.929     206.164      25.520     0.87490     0.82419     1.19999     0.06900     0.00000       1.062
      368.013     113.177      -0.328    9999.990       7.862      40.000      40.000      80.000      80.004      -0.000
      368.013   18461.920      -0.118   15491.213    6682.208   23154.896     138.097       0.003      -0.045       0.054
      368.013    1460.501   24100.211    -138.097     757.165       0.293      -0.017
      368.013       0.000  208790.000       0.000       0.000       0.000
      368.013       0.000       0.000       0.000       0.000       0.000
      368.013       0.000       1.000       0.000
      369.013      35.020      35.201    -161.104   25310.324      74.757    -116.940    249659.1  21152218.0   24093.881      73.967
      369.013 0.000000066      19.022     206.234      25.509     0.87490     0.82419     1.19999     0.06900     0.00000       1.062
      369.013     113.242      -0.327    9999.990       7.863      40.000      40.000      80.000      80.004      -0.000
      369.013   18457.074      -0.118   15487.145    6654.218   23156.373     137.718       0.003      -0.045       0.054
      369.013    1464.423   24093.883    -137.718     760.878       0.294      -0.017
      369.013       0.000  208790.000       0.000       0.000       0.000
      369.013       0.000       0.000       0.000       0.000       0.000
      369.013       0.000       1.000       0.000
      370.013      35.038      35.219    -161.027   25304.064      74.819    -116.651    249542.3  21152080.0   24087.520      74.033
      370.013 0.000000066      19.115     206.304      25.498     0.87490     0.82419     1.19999     0.06900     0.00000       1.062
      370.013     113.307      -0.327    9999.990       7.864      40.000      40.000      80.000      80.004      -0.000
      370.013   18452.199      -0.118   15483.053    6626.178   23157.797     137.347       0.003      -0.045       0.054
      370.013    1468.344   24087.520    -137.347     764.594       0.295      -0.017
      370.013       0.000  208790.000       0.000       0.000       0.000
      370.013       0.000       0.000       0.000       0.000       0.000
      370.013       0.000       1.000       0.000
      371.013      35.056      35.237    -160.951   25297.771      74.881    -116.370    249425.8  21151942.0   24081.129      74.098
      371.013 0.000000066      19.208     206.374      25.487     0.87490     0.82419     1.19999     0.06900     0.00000       1.062
      371.013     113.372      -0.326    9999.990       7.865      40.000      40.000      80.000      80.004      -0.000
      371.013   18447.305      -0.119   15478.941    6598.085   23159.172     136.983       0.003      -0.045       0.054
      371.013    1472.262   24081.127    -136.983     768.317       0.297      -0.017
      371.013       0.000  208790.000       0.000       0.000       0.000
      371.013       0.000       0.000       0.000       0.000       0.000
      371.013       0.000       1.000       0.000
      372.013      35.074      35.255    -160.874   25291.445      74.943    -116.097    249309.5  21151806.0   24074.703      74.163
      372.013 0.000000067      19.301     206.443      25.476     0.87490     0.82419     1.19999     0.06900     0.00000       1.062
      372.013     113.438      -0.325    9999.990       7.866      40.000      40.000      80.000      80.004      -0.000
      372.013   18442.385      -0.118   15474.807    6569.940   23160.494     136.627       0.004      -0.045       0.054
      372.013    1476.179   24074.701    -136.627     772.046       0.298      -0.017
      372.013       0.000  208790.000       0.000       0.000       0.000
      372.013       0.000       0.000       0.000       0.000       0.000
      372.013       0.000       1.000       0.000
      373.014      35.091      35.273    -160.797   25285.090      75.006    -115.832    249193.5  21151670.0   24068.246      74.228
      373.014 0.000000067      19.395     206.512      25.465     0.87490     0.82419     1.19999     0.06900     0.00000       1.062
      373.014     113.503      -0.324    9999.990       7.867      40.000      40.000      80.000      80.004      -0.000
      373.014   18437.447      -0.117   15470.651    6541.746   23161.768     136.278       0.004      -0.045       0.054
      373.014    1480.093   24068.246    -136.278     775.781       0.300      -0.017
      373.014       0.000  208790.000       0.000       0.000       0.000
      373.014       0.000       0.000       0.000       0.000       0.000
      373.014       0.000       1.000       0.000
      374.014      35.109      35.290    -160.721   25278.699      75.068    -115.575    249077.8  21151534.0   24061.754      74.294
      374.014 0.000000067      19.488     206.581      25.454     0.87490     0.82419     1.19999     0.06900     0.00000       1.062
      374.014     113.568      -0.324    9999.990       7.868      40.000      40.000      80.000      80.004      -0.000
      374.014   18432.471      -0.118   15466.479    6513.502   23162.982     135.937       0.004      -0.045       0.054
      374.014    1484.005   24061.752    -135.937     779.520       0.301      -0.017
      374.014       0.000  208790.000       0.000       0.000       0.000
      374.014       0.000       0.000       0.000       0.000       0.000
      374.014       0.000       1.000       0.000
      375.014      35.127      35.308    -160.644   25272.277      75.131    -115.326    248962.3  21151398.0   24055.230      74.359
      375.014 0.000000068      19.582     206.650      25.443     0.87489     0.82419     1.19998     0.06900     0.00000       1.062
      375.014     113.634      -0.323    9999.990       7.869      40.000      40.000      80.000      80.004      -0.000
      375.014   18427.479      -0.119   15462.282    6485.209   23164.150     135.604       0.004      -0.045       0.054
      375.014    1487.921   24055.230    -135.604     783.267       0.303      -0.017
      375.014       0.000  208790.000       0.000       0.000       0.000
      375.014       0.000       0.000       0.000       0.000       0.000
      375.014       0.000       1.000       0.000
      376.014      35.144      35.326    -160.567   25265.824      75.193    -115.085    248847.1  21151262.0   24048.678      74.425
      376.014 0.000000068      19.676     206.719      25.432     0.87489     0.82419     1.19998     0.06900     0.00000       1.062
      376.014     113.700      -0.322    9999.990       7.870      40.000      40.000      80.000      80.004      -0.000
      376.014   18422.459      -0.117   15458.066    6456.867   23165.264     135.279       0.004      -0.045       0.054
      376.014    1491.835   24048.676    -135.279     787.022       0.304      -0.017
      376.014       0.000  208790.000       0.000       0.000       0.000
      376.014       0.000       0.000       0.000       0.000       0.000
      376.014       0.000       1.000       0.000
      377.014      35.162      35.343    -160.490   25259.342      75.256    -114.852    248732.1  21151126.0   24042.092      74.491
      377.014 0.000000068      19.770     206.788      25.420     0.87489     0.82419     1.19998     0.06900     0.00000       1.062
      377.014     113.766      -0.322    9999.990       7.871      40.000      40.000      80.000      80.004      -0.000
      377.014   18417.418      -0.117   15453.832    6428.471   23166.328     134.962       0.004      -0.045       0.054
      377.014    1495.748   24042.092    -134.962     790.781       0.306      -0.018
      377.014       0.000  208790.000       0.000       0.000       0.000
      377.014       0.000       0.000       0.000       0.000       0.000
      377.014       0.000       1.000       0.000
      378.014      35.179      35.361    -160.414   25252.820      75.319    -114.628    248617.4  21150992.0   24035.471      74.557
      378.014 0.000000069      19.864     206.856      25.409     0.87489     0.82419     1.19998     0.06900     0.00000       1.062
      378.014     113.832      -0.321    9999.990       7.871      40.000      40.000      80.000      80.004      -0.000
      378.014   18412.346      -0.117   15449.570    6400.025   23167.334     134.653       0.004      -0.045       0.054
      378.014    1499.657   24035.467    -134.653     794.549       0.307      -0.018
      378.014       0.000  208790.000       0.000       0.000       0.000
      378.014       0.000       0.000       0.000       0.000       0.000
      378.014       0.000       1.000       0.000
      379.014      35.196      35.378    -160.337   25246.271      75.382    -114.412    248502.9  21150858.0   24028.818      74.623
      379.014 0.000000069      19.958     206.925      25.398     0.87489     0.82419     1.19998     0.06900     0.00000       1.062
      379.014     113.898      -0.320    9999.990       7.872      40.000      40.000      80.000      80.004      -0.000
      379.014   18407.252      -0.117   15445.296    6371.531   23168.291     134.352       0.004      -0.045       0.054
      379.014    1503.566   24028.816    -134.352     798.321       0.308      -0.018
      379.014       0.000  208790.000       0.000       0.000       0.000
      379.014       0.000       0.000       0.000       0.000       0.000
      379.014       0.000       1.000       0.000
      380.014      35.214      35.395    -160.260   25239.688      75.445    -114.204    248388.5  21150724.0   24022.137      74.689
      380.014 0.000000069      20.053     206.993      25.387     0.87489     0.82419     1.19998     0.06900     0.00000       1.062
      380.014     113.964      -0.320    9999.990       7.873      40.000      40.000      80.000      80.004      -0.000
      380.014   18402.135      -0.118   15440.997    6342.989   23169.193     134.059       0.004      -0.045       0.054
      380.014    1507.472   24022.135    -134.059     802.104       0.310      -0.018
      380.014       0.000  208790.000       0.000       0.000       0.000
      380.014       0.000       0.000       0.000       0.000       0.000
      380.014       0.000       1.000       0.000
      381.014      35.231      35.412    -160.183   25233.072      75.508    -114.005    248274.4  21150590.0   24015.420      74.756
      381.014 0.000000070      20.148     207.061      25.375     0.87489     0.82418     1.19998     0.06900     0.00000       1.062
      381.014     114.030      -0.319    9999.990       7.874      40.000      40.000      80.000      80.004      -0.000
      381.014   18396.990      -0.118   15436.676    6314.397   23170.041     133.775       0.004      -0.045       0.054
      381.014    1511.376   24015.416    -133.775     805.894       0.311      -0.018
      381.014       0.000  208790.000       0.000       0.000       0.000
      381.014       0.000       0.000       0.000       0.000       0.000
      381.014       0.000       1.000       0.000
      382.014      35.248      35.429    -160.106   25226.426      75.571    -113.814    248160.5  21150456.0   24008.672      74.822
      382.014 0.000000070      20.243     207.129      25.364     0.87489     0.82418     1.19998     0.06900     0.00000       1.062
      382.014     114.097      -0.319    9999.990       7.874      40.000      40.000      80.000      80.004      -0.000
      382.014   18391.826      -0.118   15432.338    6285.755   23170.840     133.498       0.004      -0.045       0.054
      382.014    1515.285   24008.672    -133.498     809.692       0.313      -0.018
      382.014       0.000  208790.000       0.000       0.000       0.000
      382.014       0.000       0.000       0.000       0.000       0.000
      382.014       0.000       1.000       0.000
      383.014      35.265      35.446    -160.030   25219.744      75.635    -113.631    248046.8  21150322.0   24001.889      74.889
      383.014 0.000000071      20.338     207.197      25.353     0.87489     0.82418     1.19998     0.06900     0.00000       1.062
      383.014     114.163      -0.318    9999.990       7.875      40.000      40.000      80.000      80.004      -0.000
      383.014   18386.635      -0.117   15427.974    6257.062   23171.580     133.230       0.005      -0.045       0.054
      383.014    1519.193   24001.891    -133.230     813.496       0.314      -0.018
      383.014       0.000  208790.000       0.000       0.000       0.000
      383.014       0.000       0.000       0.000       0.000       0.000
      383.014       0.000       1.000       0.000
      384.014      35.282      35.463    -159.953   25213.027      75.698    -113.457    247933.2  21150190.0   23995.072      74.955
      384.014 0.000000071      20.433     207.265      25.341     0.87489     0.82418     1.19998     0.06900     0.00000       1.062
      384.014     114.230      -0.318    9999.990       7.876      40.000      40.000      80.000      80.004      -0.000
      384.014   18381.414      -0.117   15423.590    6228.323   23172.264     132.971       0.004      -0.045       0.054
      384.014    1523.097   23995.072    -132.971     817.311       0.316      -0.018
      384.014       0.000  208790.000       0.000       0.000       0.000
      384.014       0.000       0.000       0.000       0.000       0.000
      384.014       0.000       1.000       0.000
      385.014      35.299      35.480    -159.876   25206.283      75.762    -113.292    247819.8  21150056.0   23988.229      75.022
      385.014 0.000000071      20.529     207.332      25.330     0.87489     0.82418     1.19998     0.06900     0.00000       1.062
      385.014     114.297      -0.317    9999.990       7.877      40.000      40.000      80.000      80.004      -0.000
      385.014   18376.174      -0.117   15419.188    6199.534   23172.898     132.719       0.005      -0.045       0.054
      385.014    1527.000   23988.229    -132.719     821.134       0.317      -0.018
      385.014       0.000  208790.000       0.000       0.000       0.000
      385.014       0.000       0.000       0.000       0.000       0.000
      385.014       0.000       1.000       0.000
      386.014      35.315      35.497    -159.799   25199.502      75.825    -113.136    247706.6  21149924.0   23981.346      75.089
      386.014 0.000000072      20.624     207.400      25.319     0.87489     0.82418     1.19998     0.06900     0.00000       1.062
      386.014     114.364      -0.317    9999.990       7.877      40.000      40.000      80.000      80.004      -0.000
      386.014   18370.900      -0.118   15414.762    6170.697   23173.473     132.476       0.005      -0.045       0.054
      386.014    1530.900   23981.346    -132.476     824.964       0.319      -0.018
      386.014       0.000  208790.000       0.000       0.000       0.000
      386.014       0.000       0.000       0.000       0.000       0.000
      386.014       0.000       1.000       0.000
      387.014      35.332      35.514    -159.722   25192.688      75.889    -112.988    247593.5  21149792.0   23974.430      75.156
      387.014 0.000000072      20.720     207.467      25.307     0.87489     0.82418     1.19998     0.06900     0.00000       1.062
      387.014     114.431      -0.316    9999.990       7.878      40.000      40.000      80.000      80.004      -0.000
      387.014   18365.605      -0.118   15410.314    6141.812   23173.994     132.242       0.005      -0.045       0.054
      387.014    1534.799   23974.430    -132.242     828.805       0.320      -0.018
      387.014       0.000  208790.000       0.000       0.000       0.000
      387.014       0.000       0.000       0.000       0.000       0.000
      387.014       0.000       1.000       0.000
      388.014      35.349      35.530    -159.645   25185.844      75.953    -112.849    247480.6  21149660.0   23967.484      75.223
      388.014 0.000000072      20.817     207.535      25.296     0.87489     0.82418     1.19998     0.06900     0.00000       1.062
      388.014     114.498      -0.316    9999.990       7.878      40.000      40.000      80.000      80.004      -0.000
      388.014   18360.289      -0.117   15405.845    6112.874   23174.461     132.017       0.005      -0.045       0.054
      388.014    1538.696   23967.482    -132.017     832.654       0.322      -0.018
      388.014       0.000  208790.000       0.000       0.000       0.000
      388.014       0.000       0.000       0.000       0.000       0.000
      388.014       0.000       1.000       0.000
      389.015      35.365      35.547    -159.568   25178.967      76.017    -112.719    247367.8  21149528.0   23960.506      75.291
      389.015 0.000000073      20.913     207.602      25.284     0.87489     0.82418     1.19998     0.06900     0.00000       1.062
      389.015     114.565      -0.315    9999.990       7.879      40.000      39.999      80.000      80.004      -0.000
      389.015   18354.947      -0.118   15401.355    6083.889   23174.875     131.800       0.005      -0.045       0.055
      389.015    1542.594   23960.506    -131.800     836.515       0.323      -0.019
      389.015       0.000  208790.000       0.000       0.000       0.000
      389.015       0.000       0.000       0.000       0.000       0.000
      389.015       0.000       1.000       0.000
      390.015      35.382      35.564    -159.491   25172.057      76.081    -112.598    247255.2  21149396.0   23953.496      75.358
      390.015 0.000000073      21.010     207.669      25.273     0.87489     0.82418     1.19998     0.06900     0.00000       1.062
      390.015     114.632      -0.315    9999.990       7.879      40.000      40.000      80.000      80.004      -0.000
      390.015   18349.576      -0.118   15396.850    6054.859   23175.230     131.591       0.005      -0.045       0.055
      390.015    1546.494   23953.494    -131.591     840.385       0.325      -0.019
      390.015       0.000  208790.000       0.000       0.000       0.000
      390.015       0.000       0.000       0.000       0.000       0.000
      390.015       0.000       1.000       0.000
      391.015      35.398      35.580    -159.414   25165.113      76.146    -112.486    247142.6  21149264.0   23946.453      75.425
      391.015 0.000000074      21.107     207.737      25.261     0.87489     0.82418     1.19998     0.06900     0.00000       1.062
      391.015     114.700      -0.314    9999.990       7.880      40.000      39.999      80.000      80.004      -0.000
      391.015   18344.184      -0.117   15392.316    6025.779   23175.531     131.392       0.005      -0.045       0.055
      391.015    1550.391   23946.449    -131.392     844.266       0.326      -0.019
      391.015       0.000  208790.000       0.000       0.000       0.000
      391.015       0.000       0.000       0.000       0.000       0.000
      391.015       0.000       1.000       0.000
      392.015      35.414      35.596    -159.337   25158.135      76.210    -112.383    247030.2  21149132.0   23939.373      75.493
      392.015 0.000000074      21.204     207.804      25.250     0.87489     0.82418     1.19998     0.06900     0.00000       1.062
      392.015     114.767      -0.314    9999.990       7.880      40.000      39.999      80.000      80.004      -0.000
      392.015   18338.764      -0.118   15387.763    5996.652   23175.773     131.201       0.005      -0.045       0.055
      392.015    1554.287   23939.371    -131.201     848.160       0.328      -0.019
      392.015       0.000  208790.000       0.000       0.000       0.000
      392.015       0.000       0.000       0.000       0.000       0.000
      392.015       0.000       1.000       0.000
      393.015      35.431      35.612    -159.260   25151.123      76.275    -112.289    246917.8  21149002.0   23932.260      75.561
      393.015 0.000000074      21.302     207.871      25.238     0.87489     0.82418     1.19998     0.06900     0.00000       1.062
      393.015     114.835      -0.314    9999.990       7.881      40.000      39.999      80.000      80.004      -0.000
      393.015   18333.318      -0.117   15383.188    5967.476   23175.961     131.019       0.005      -0.045       0.055
      393.015    1558.181   23932.260    -131.019     852.063       0.329      -0.019
      393.015       0.000  208790.000       0.000       0.000       0.000
      393.015       0.000       0.000       0.000       0.000       0.000
      393.015       0.000       1.000       0.000
      394.015      35.447      35.629    -159.183   25144.078      76.339    -112.204    246805.5  21148870.0   23925.113      75.629
      394.015 0.000000075      21.400     207.938      25.227     0.87489     0.82418     1.19998     0.06900     0.00000       1.062
      394.015     114.903      -0.313    9999.990       7.881      40.000      39.999      80.000      80.004      -0.000
      394.015   18327.846      -0.118   15378.593    5938.250   23176.090     130.846       0.005      -0.045       0.055
      394.015    1562.071   23925.113    -130.846     855.977       0.331      -0.019
      394.015       0.000  208790.000       0.000       0.000       0.000
      394.015       0.000       0.000       0.000       0.000       0.000
      394.015       0.000       1.000       0.000
      395.015      35.463      35.645    -159.106   25136.996      76.404    -112.128    246693.4  21148740.0   23917.932      75.697
      395.015 0.000000075      21.498     208.005      25.215     0.87489     0.82418     1.19998     0.06900     0.00000       1.062
      395.015     114.971      -0.313    9999.990       7.882      40.000      39.999      80.000      80.004      -0.000
      395.015   18322.340      -0.119   15373.979    5908.979   23176.158     130.682       0.005      -0.045       0.055
      395.015    1565.963   23917.930    -130.682     859.904       0.332      -0.019
      395.015       0.000  208790.000       0.000       0.000       0.000
      395.015       0.000       0.000       0.000       0.000       0.000
      395.015       0.000       1.000       0.000
      396.015      35.479      35.661    -159.029   25129.883      76.469    -112.061    246581.3  21148610.0   23910.719      75.765
      396.015 0.000000076      21.596     208.072      25.203     0.87489     0.82418     1.19998     0.06900     0.00000       1.062
      396.015     115.039      -0.313    9999.990       7.882      40.000      39.999      80.000      80.004      -0.000
      396.015   18316.820      -0.119   15369.338    5879.659   23176.176     130.527       0.005      -0.045       0.055
      396.015    1569.850   23910.719    -130.527     863.842       0.334      -0.019
      396.015       0.000  208790.000       0.000       0.000       0.000
      396.015       0.000       0.000       0.000       0.000       0.000
      396.015       0.000       1.000       0.000
      397.015      35.495      35.677    -158.952   25122.742      76.534    -112.004    246469.2  21148478.0   23903.477      75.833
      397.015 0.000000076      21.695     208.139      25.192     0.87489     0.82418     1.19998     0.06900     0.00000       1.062
      397.015     115.107      -0.313    9999.990       7.882      40.000      39.999      80.000      80.004      -0.000
      397.015   18311.273      -0.117   15364.680    5850.294   23176.135     130.381       0.006      -0.045       0.055
      397.015    1573.737   23903.475    -130.381     867.793       0.335      -0.019
      397.015       0.000  208790.000       0.000       0.000       0.000
      397.015       0.000       0.000       0.000       0.000       0.000
      397.015       0.000       1.000       0.000
      398.015      35.510      35.693    -158.874   25115.561      76.599    -111.956    246357.3  21148348.0   23896.193      75.901
      398.015 0.000000076      21.794     208.206      25.180     0.87489     0.82418     1.19998     0.06900     0.00000       1.062
      398.015     115.176      -0.312    9999.990       7.883      40.000      39.999      80.000      80.004      -0.000
      398.015   18305.699      -0.116   15359.992    5820.882   23176.031     130.244       0.006      -0.045       0.055
      398.015    1577.627   23896.191    -130.244     871.757       0.337      -0.019
      398.015       0.000  208790.000       0.000       0.000       0.000
      398.015       0.000       0.000       0.000       0.000       0.000
      398.015       0.000       1.000       0.000
      399.015      35.526      35.708    -158.797   25108.348      76.664    -111.917    246245.4  21148218.0   23888.883      75.970
      399.015 0.000000077      21.894     208.272      25.168     0.87489     0.82418     1.19998     0.06900     0.00000       1.062
      399.015     115.244      -0.312    9999.990       7.883      40.000      39.999      80.000      80.004      -0.000
      399.015   18300.100      -0.116   15355.290    5791.418   23175.875     130.116       0.006      -0.045       0.055
      399.015    1581.516   23888.879    -130.116     875.732       0.338      -0.019
      399.015       0.000  208790.000       0.000       0.000       0.000
      399.015       0.000       0.000       0.000       0.000       0.000
      399.015       0.000       1.000       0.000
      400.015      35.542      35.724    -158.720   25101.098      76.729    -111.888    246133.5  21148088.0   23881.529      76.038
      400.015 0.000000077      21.993     208.339      25.156     0.87489     0.82418     1.19998     0.06900     0.00000       1.062
      400.015     115.313      -0.312    9999.990       7.883      40.000      39.999      80.000      80.004      -0.000
      400.015   18294.469      -0.117   15350.566    5761.908   23175.656     129.998       0.006      -0.045       0.055
      400.015    1585.401   23881.529    -129.998     879.725       0.340      -0.020
      400.015       0.000  208790.000       0.000       0.000       0.000
      400.015       0.000       0.000       0.000       0.000       0.000
      400.015       0.000       1.000       0.000
      401.015      35.557      35.740    -158.643   25093.816      76.795    -111.868    246021.6  21147958.0   23874.152      76.107
      401.015 0.000000078      22.094     208.406      25.145     0.87489     0.82418     1.19998     0.06900     0.00000       1.062
      401.015     115.381      -0.312    9999.990       7.883      40.000      39.999      80.000      80.004      -0.000
      401.015   18288.822      -0.116   15345.814    5732.352   23175.381     129.889       0.006      -0.045       0.055
      401.015    1589.286   23874.150    -129.889     883.729       0.341      -0.020
      401.015       0.000  208790.000       0.000       0.000       0.000
      401.015       0.000       0.000       0.000       0.000       0.000
      401.015       0.000       1.000       0.000
      402.015      35.573      35.755    -158.566   25086.500      76.860    -111.858    245909.7  21147828.0   23866.734      76.176
      402.015 0.000000078      22.194     208.473      25.133     0.87489     0.82418     1.19998     0.06900     0.00000       1.062
      402.015     115.450      -0.312    9999.990       7.883      40.000      39.999      80.000      80.004      -0.000
      402.015   18283.139      -0.118   15341.048    5702.745   23175.047     129.789       0.006      -0.045       0.055
      402.015    1593.168   23866.730    -129.789     887.748       0.343      -0.020
      402.015       0.000  208790.000       0.000       0.000       0.000
      402.015       0.000       0.000       0.000       0.000       0.000
      402.015       0.000       1.000       0.000
      403.015      35.588      35.771    -158.488   25079.150      76.926    -111.857    245797.9  21147698.0   23859.285      76.245
      403.015 0.000000078      22.295     208.540      25.121     0.87489     0.82418     1.19998     0.06900     0.00000       1.062
      403.015     115.519      -0.311    9999.990       7.884      40.000      39.999      80.000      80.004      -0.000
      403.015   18277.438      -0.116   15336.253    5673.095   23174.654     129.698       0.006      -0.045       0.055
      403.015    1597.048   23859.283    -129.698     891.783       0.345      -0.020
      403.015       0.000  208790.000       0.000       0.000       0.000
      403.015       0.000       0.000       0.000       0.000       0.000
      403.015       0.000       1.000       0.000
      404.015      35.604      35.786    -158.411   25071.764      76.992    -111.866    245686.0  21147568.0   23851.795      76.314
      404.015 0.000000079      22.396     208.606      25.109     0.87489     0.82418     1.19997     0.06900     0.00000       1.062
      404.015     115.588      -0.311    9999.990       7.884      40.000      39.999      80.000      80.004      -0.000
      404.015   18271.699      -0.118   15331.443    5643.399   23174.197     129.617       0.006      -0.045       0.055
      404.015    1600.928   23851.795    -129.617     895.835       0.346      -0.020
      404.015       0.000  208790.000       0.000       0.000       0.000
      404.015       0.000       0.000       0.000       0.000       0.000
      404.015       0.000       1.000       0.000
      405.016      35.619      35.801    -158.334   25064.342      77.058    -111.885    245574.1  21147440.0   23844.275      76.383
      405.016 0.000000079      22.498     208.673      25.097     0.87489     0.82418     1.19997     0.06900     0.00000       1.062
      405.016     115.657      -0.311    9999.990       7.884      40.000      39.999      80.000      80.004      -0.000
      405.016   18265.943      -0.117   15326.605    5613.656   23173.684     129.545       0.006      -0.045       0.055
      405.016    1604.805   23844.275    -129.545     899.899       0.348      -0.020
      405.016       0.000  208790.000       0.000       0.000       0.000
      405.016       0.000       0.000       0.000       0.000       0.000
      405.016       0.000       1.000       0.000
      406.016      35.634      35.816    -158.257   25056.885      77.123    -111.913    245462.2  21147310.0   23836.719      76.452
      406.016 0.000000080      22.600     208.740      25.085     0.87489     0.82418     1.19997     0.06900     0.00000       1.062
      406.016     115.726      -0.311    9999.990       7.884      40.000      39.999      80.000      80.004      -0.000
      406.016   18260.160      -0.116   15321.740    5583.867   23173.105     129.483       0.006      -0.045       0.055
      406.016    1608.680   23836.719    -129.483     903.981       0.349      -0.020
      406.016       0.000  208790.000       0.000       0.000       0.000
      406.016       0.000       0.000       0.000       0.000       0.000
      406.016       0.000       1.000       0.000
      407.016      35.649      35.832    -158.180   25049.398      77.190    -111.951    245350.3  21147180.0   23829.133      76.521
      407.016 0.000000080      22.702     208.807      25.073     0.87489     0.82418     1.19997     0.06900     0.00000       1.062
      407.016     115.796      -0.311    9999.990       7.884      40.000      39.999      80.000      80.004      -0.000
      407.016   18254.350      -0.116   15316.862    5554.031   23172.475     129.430       0.007      -0.045       0.055
      407.016    1612.559   23829.133    -129.430     908.080       0.351      -0.020
      407.016       0.000  208790.000       0.000       0.000       0.000
      407.016       0.000       0.000       0.000       0.000       0.000
      407.016       0.000       1.000       0.000
      408.016      35.664      35.847    -158.102   25041.873      77.256    -111.999    245238.3  21147052.0   23821.508      76.591
      408.016 0.000000080      22.805     208.874      25.061     0.87489     0.82418     1.19997     0.06900     0.00000       1.062
      408.016     115.865      -0.311    9999.990       7.884      40.000      39.999      80.000      80.004      -0.000
      408.016   18248.510      -0.116   15311.957    5524.146   23171.775     129.387       0.007      -0.045       0.055
      408.016    1616.436   23821.506    -129.387     912.194       0.352      -0.020
      408.016       0.000  208790.000       0.000       0.000       0.000
      408.016       0.000       0.000       0.000       0.000       0.000
      408.016       0.000       1.000       0.000
      409.016      35.679      35.862    -158.025   25034.311      77.322    -112.056    245126.3  21146922.0   23813.844      76.661
      409.016 0.000000081      22.909     208.941      25.049     0.87489     0.82417     1.19997     0.06900     0.00000       1.062
      409.016     115.935      -0.311    9999.990       7.884      40.000      39.999      80.000      80.004      -0.000
      409.016   18242.643      -0.118   15307.029    5494.216   23171.018     129.354       0.007      -0.045       0.055
      409.016    1620.312   23813.844    -129.354     916.329       0.354      -0.020
      409.016       0.000  208790.000       0.000       0.000       0.000
      409.016       0.000       0.000       0.000       0.000       0.000
      409.016       0.000       1.000       0.000
      410.016      35.694      35.876    -157.948   25026.717      77.388    -112.124    245014.2  21146792.0   23806.152      76.730
      410.016 0.000000081      23.012     209.008      25.037     0.87489     0.82417     1.19997     0.06900     0.00000       1.062
      410.016     116.005      -0.311    9999.990       7.884      40.000      39.999      80.000      80.004      -0.000
      410.016   18236.750      -0.118   15302.087    5464.240   23170.203     129.330       0.007      -0.045       0.055
      410.016    1624.185   23806.152    -129.330     920.483       0.356      -0.020
      410.016       0.000  208790.000       0.000       0.000       0.000
      410.016       0.000       0.000       0.000       0.000       0.000
      410.016       0.000       1.000       0.000
      411.016      35.709      35.891    -157.870   25019.086      77.455    -112.201    244902.0  21146662.0   23798.418      76.800
      411.016 0.000000082      23.117     209.075      25.025     0.87489     0.82417     1.19997     0.06900     0.00000       1.062
      411.016     116.074      -0.311    9999.990       7.884      40.000      39.999      80.000      80.004      -0.000
      411.016   18230.832      -0.117   15297.109    5434.216   23169.320     129.316       0.007      -0.045       0.055
      411.016    1628.057   23798.420    -129.316     924.653       0.357      -0.021
      411.016       0.000  208790.000       0.000       0.000       0.000
      411.016       0.000       0.000       0.000       0.000       0.000
      411.016       0.000       1.000       0.000
      412.016      35.723      35.906    -157.793   25011.418      77.522    -112.288    244789.7  21146534.0   23790.654      76.870
      412.016 0.000000082      23.222     209.142      25.013     0.87489     0.82417     1.19997     0.06900     0.00000       1.062
      412.016     116.144      -0.311    9999.990       7.884      40.000      39.999      80.000      80.004      -0.000
      412.016   18224.885      -0.118   15292.115    5404.148   23168.377     129.311       0.007      -0.045       0.055
      412.016    1631.928   23790.654    -129.311     928.845       0.359      -0.021
      412.016       0.000  208790.000       0.000       0.000       0.000
      412.016       0.000       0.000       0.000       0.000       0.000
      412.016       0.000       1.000       0.000
      413.016      35.738      35.921    -157.716   25003.717      77.588    -112.386    244677.3  21146404.0   23782.855      76.940
      413.016 0.000000082      23.327     209.209      25.000     0.87489     0.82417     1.19997     0.06900     0.00000       1.062
      413.016     116.214      -0.312    9999.990       7.883      40.000      39.999      80.000      80.004      -0.000
      413.016   18218.916      -0.117   15287.098    5374.033   23167.375     129.316       0.007      -0.045       0.055
      413.016    1635.796   23782.855    -129.316     933.057       0.360      -0.021
      413.016       0.000  208790.000       0.000       0.000       0.000
      413.016       0.000       0.000       0.000       0.000       0.000
      413.016       0.000       1.000       0.000
      414.016      35.752      35.935    -157.638   24995.979      77.655    -112.493    244564.8  21146274.0   23775.020      77.011
      414.016 0.000000083      23.433     209.276      24.988     0.87489     0.82417     1.19997     0.06900     0.00000       1.062
      414.016     116.285      -0.312    9999.990       7.883      40.000      39.999      80.000      80.005      -0.000
      414.016   18212.912      -0.116   15282.059    5343.870   23166.309     129.332       0.007      -0.045       0.055
      414.016    1639.663   23775.018    -129.332     937.287       0.362      -0.021
      414.016       0.000  208790.000       0.000       0.000       0.000
      414.016       0.000       0.000       0.000       0.000       0.000
      414.016       0.000       1.000       0.000
      415.016      35.767      35.950    -157.561   24988.201      77.722    -112.610    244452.2  21146146.0   23767.143      77.081
      415.016 0.000000083      23.539     209.343      24.976     0.87489     0.82417     1.19997     0.06900     0.00000       1.062
      415.016     116.355      -0.312    9999.990       7.883      40.000      39.999      80.000      80.005      -0.000
      415.016   18206.881      -0.116   15276.992    5313.661   23165.176     129.357       0.007      -0.045       0.055
      415.016    1643.527   23767.141    -129.357     941.537       0.364      -0.021
      415.016       0.000  208790.000       0.000       0.000       0.000
      415.016       0.000       0.000       0.000       0.000       0.000
      415.016       0.000       1.000       0.000
      416.016      35.781      35.964    -157.484   24980.393      77.789    -112.737    244339.6  21146016.0   23759.236      77.151
      416.016 0.000000084      23.646     209.411      24.963     0.87489     0.82417     1.19997     0.06900     0.00000       1.062
      416.016     116.426      -0.312    9999.990       7.883      40.000      39.999      80.000      80.004      -0.000
      416.016   18200.828      -0.116   15271.906    5283.405   23163.984     129.391       0.007      -0.045       0.055
      416.016    1647.390   23759.234    -129.391     945.809       0.365      -0.021
      416.016       0.000  208790.000       0.000       0.000       0.000
      416.016       0.000       0.000       0.000       0.000       0.000
      416.016       0.000       1.000       0.000
      417.016      35.796      35.978    -157.406   24972.547      77.857    -112.875    244226.8  21145886.0   23751.289      77.222
      417.016 0.000000084      23.753     209.478      24.951     0.87489     0.82417     1.19997     0.06900     0.00000       1.062
      417.016     116.496      -0.312    9999.990       7.883      40.000      39.999      80.000      80.005      -0.000
      417.016   18194.744      -0.116   15266.797    5253.100   23162.729     129.436       0.007      -0.045       0.055
      417.016    1651.250   23751.289    -129.436     950.098       0.367      -0.021
      417.016       0.000  208790.000       0.000       0.000       0.000
      417.016       0.000       0.000       0.000       0.000       0.000
      417.016       0.000       1.000       0.000
      418.016      35.810      35.993    -157.329   24964.660      77.924    -113.023    244113.8  21145758.0   23743.309      77.293
      418.016 0.000000085      23.861     209.545      24.939     0.87489     0.82417     1.19997     0.06900     0.00000       1.062
      418.016     116.567      -0.312    9999.990       7.882      40.000      39.999      80.000      80.005      -0.000
      418.016   18188.629      -0.117   15261.666    5222.751   23161.406     129.491       0.008      -0.045       0.055
      418.016    1655.110   23743.307    -129.491     954.413       0.369      -0.021
      418.016       0.000  208790.000       0.000       0.000       0.000
      418.016       0.000       0.000       0.000       0.000       0.000
      418.016       0.000       1.000       0.000
      419.016      35.824      36.007    -157.252   24956.740      77.991    -113.180    244000.7  21145628.0   23735.289      77.364
      419.016 0.000000085      23.969     209.613      24.926     0.87489     0.82417     1.19997     0.06900     0.00000       1.062
      419.016     116.638      -0.313    9999.990       7.882      40.000      39.999      80.000      80.005      -0.000
      419.016   18182.492      -0.115   15256.506    5192.359   23160.021     129.556       0.008      -0.045       0.055
      419.016    1658.974   23735.289    -129.556     958.750       0.370      -0.021
      419.016       0.000  208790.000       0.000       0.000       0.000
      419.016       0.000       0.000       0.000       0.000       0.000
      419.016       0.000       1.000       0.000
      420.016      35.838      36.021    -157.174   24948.781      78.059    -113.348    243887.5  21145498.0   23727.234      77.434
      420.016 0.000000086      24.078     209.681      24.914     0.87489     0.82417     1.19997     0.06900     0.00000       1.062
      420.016     116.709      -0.313    9999.990       7.882      40.000      39.999      80.000      80.005      -0.000
      420.016   18176.322      -0.115   15251.323    5161.918   23158.570     129.630       0.008      -0.045       0.055
      420.016    1662.836   23727.232    -129.630     963.108       0.372      -0.021
      420.016       0.000  208790.000       0.000       0.000       0.000
      420.016       0.000       0.000       0.000       0.000       0.000
      420.016       0.000       1.000       0.000
      421.016      35.852      36.035    -157.097   24940.789      78.127    -113.527    243774.1  21145368.0   23719.141      77.506
      421.016 0.000000086      24.188     209.748      24.901     0.87489     0.82417     1.19997     0.06900     0.00000       1.062
      421.016     116.780      -0.313    9999.990       7.881      40.000      39.999      80.000      80.005      -0.000
      421.016   18170.125      -0.115   15246.118    5131.431   23157.055     129.715       0.008      -0.045       0.055
      421.016    1666.697   23719.139    -129.715     967.493       0.374      -0.021
      421.016       0.000  208790.000       0.000       0.000       0.000
      421.016       0.000       0.000       0.000       0.000       0.000
      421.016       0.000       1.000       0.000
      422.017      35.866      36.049    -157.019   24932.758      78.195    -113.715    243660.5  21145238.0   23711.012      77.577
      422.017 0.000000086      24.298     209.816      24.889     0.87489     0.82417     1.19997     0.06900     0.00000       1.062
      422.017     116.851      -0.314    9999.990       7.881      40.000      39.999      80.000      80.005      -0.000
      422.017   18163.904      -0.115   15240.891    5100.899   23155.477     129.810       0.008      -0.045       0.055
      422.017    1670.555   23711.014    -129.810     971.901       0.375      -0.022
      422.017       0.000  208790.000       0.000       0.000       0.000
      422.017       0.000       0.000       0.000       0.000       0.000
      422.017       0.000       1.000       0.000
      423.017      35.880      36.062    -156.942   24924.688      78.262    -113.914    243546.7  21145108.0   23702.844      77.648
      423.017 0.000000087      24.409     209.884      24.876     0.87489     0.82417     1.19997     0.06900     0.00000       1.062
      423.017     116.922      -0.314    9999.990       7.880      40.000      39.999      80.000      80.005      -0.000
      423.017   18157.643      -0.117   15235.639    5070.320   23153.828     129.915       0.008      -0.045       0.055
      423.017    1674.412   23702.840    -129.915     976.335       0.377      -0.022
      423.017       0.000  208790.000       0.000       0.000       0.000
      423.017       0.000       0.000       0.000       0.000       0.000
      423.017       0.000       1.000       0.000
      424.017      35.893      36.076    -156.864   24916.574      78.331    -114.124    243432.6  21144978.0   23694.637      77.720
      424.017 0.000000087      24.520     209.952      24.863     0.87489     0.82417     1.19997     0.06900     0.00000       1.062
      424.017     116.994      -0.314    9999.990       7.880      40.000      39.999      80.000      80.005      -0.000
      424.017   18151.359      -0.118   15230.362    5039.692   23152.113     130.031       0.008      -0.045       0.056
      424.017    1678.267   23694.637    -130.031     980.794       0.379      -0.022
      424.017       0.000  208790.000       0.000       0.000       0.000
      424.017       0.000       0.000       0.000       0.000       0.000
      424.017       0.000       1.000       0.000
      425.017      35.907      36.090    -156.787   24908.434      78.399    -114.343    243318.4  21144848.0   23686.395      77.791
      425.017 0.000000088      24.633     210.020      24.851     0.87489     0.82417     1.19997     0.06900     0.00000       1.062
      425.017     117.065      -0.315    9999.990       7.879      40.000      39.999      80.000      80.005      -0.000
      425.017   18145.051      -0.117   15225.060    5009.021   23150.336     130.156       0.008      -0.045       0.056
      425.017    1682.121   23686.395    -130.156     985.280       0.381      -0.022
      425.017       0.000  208790.000       0.000       0.000       0.000
      425.017       0.000       0.000       0.000       0.000       0.000
      425.017       0.000       1.000       0.000
      426.017      35.920      36.103    -156.710   24900.246      78.467    -114.574    243204.0  21144718.0   23678.111      77.863
      426.017 0.000000088      24.745     210.089      24.838     0.87489     0.82417     1.19997     0.06900     0.00000       1.062
      426.017     117.137      -0.315    9999.990       7.879      40.000      39.999      80.000      80.005      -0.000
      426.017   18138.709      -0.117   15219.733    4978.306   23148.488     130.292       0.008      -0.045       0.056
      426.017    1685.972   23678.113    -130.292     989.793       0.382      -0.022
      426.017       0.000  208790.000       0.000       0.000       0.000
      426.017       0.000       0.000       0.000       0.000       0.000
      426.017       0.000       1.000       0.000
      427.017      35.934      36.117    -156.632   24892.025      78.535    -114.814    243089.3  21144588.0   23669.795      77.935
      427.017 0.000000089      24.859     210.157      24.825     0.87489     0.82417     1.19997     0.06900     0.00000       1.062
      427.017     117.209      -0.316    9999.990       7.878      40.000      39.999      80.000      80.005      -0.000
      427.017   18132.338      -0.117   15214.384    4947.541   23146.576     130.438       0.008      -0.045       0.056
      427.017    1689.821   23669.793    -130.438     994.333       0.384      -0.022
      427.017       0.000  208790.000       0.000       0.000       0.000
      427.017       0.000       0.000       0.000       0.000       0.000
      427.017       0.000       1.000       0.000
      428.017      35.947      36.130    -156.555   24883.764      78.604    -115.065    242974.4  21144458.0   23661.436      78.007
      428.017 0.000000089      24.973     210.226      24.812     0.87489     0.82417     1.19997     0.06900     0.00000       1.062
      428.017     117.281      -0.316    9999.990       7.877      40.000      39.999      80.000      80.005      -0.000
      428.017   18125.938      -0.117   15209.008    4916.730   23144.596     130.594       0.009      -0.045       0.056
      428.017    1693.670   23661.436    -130.594     998.901       0.386      -0.022
      428.017       0.000  208790.000       0.000       0.000       0.000
      428.017       0.000       0.000       0.000       0.000       0.000
      428.017       0.000       1.000       0.000
      429.017      35.960      36.144    -156.477   24875.465      78.673    -115.327    242859.2  21144328.0   23653.039      78.079
      429.017 0.000000090      25.088     210.295      24.800     0.87489     0.82417     1.19997     0.06900     0.00000       1.062
      429.017     117.353      -0.317    9999.990       7.877      40.000      39.999      80.000      80.005      -0.000
      429.017   18119.508      -0.115   15203.606    4885.875   23142.545     130.760       0.009      -0.045       0.056
      429.017    1697.516   23653.039    -130.760    1003.499       0.388      -0.022
      429.017       0.000  208790.000       0.000       0.000       0.000
      429.017       0.000       0.000       0.000       0.000       0.000
      429.017       0.000       1.000       0.000
      430.017      35.974      36.157    -156.400   24867.129      78.741    -115.599    242743.7  21144196.0   23644.611      78.151
      430.017 0.000000090      25.202     210.364      24.787     0.87489     0.82417     1.19997     0.06900     0.00000       1.062
      430.017     117.425      -0.317    9999.990       7.876      40.000      39.999      80.000      80.005      -0.000
      430.017   18113.055      -0.117   15198.186    4854.977   23140.434     130.937       0.009      -0.045       0.056
      430.017    1701.362   23644.609    -130.937    1008.057       0.389      -0.022
      430.017       0.000  208790.000       0.000       0.000       0.000
      430.017       0.000       0.000       0.000       0.000       0.000
      430.017       0.000       1.000       0.000
      431.017      35.987      36.170    -156.322   24858.752      78.810    -115.882    242628.0  21144066.0   23636.135      78.223
      431.017 0.000000091      25.314     210.433      24.774     0.87489     0.82417     1.19996     0.06900     0.00000       1.062
      431.017     117.497      -0.318    9999.990       7.875      40.000      39.999      80.000      80.005      -0.000
      431.017   18106.561      -0.116   15192.736    4824.030   23138.246     131.125       0.009      -0.045       0.056
      431.017    1705.203   23636.133    -131.125    1012.556       0.391      -0.022
      431.017       0.000  208790.000       0.000       0.000       0.000
      431.017       0.000       0.000       0.000       0.000       0.000
      431.017       0.000       1.000       0.000
      432.017      36.000      36.183    -156.245   24850.336      78.879    -116.175    242512.0  21143934.0   23627.625      78.296
      432.017 0.000000091      25.428     210.502      24.761     0.87489     0.82416     1.19996     0.06900     0.00000       1.062
      432.017     117.570      -0.318    9999.990       7.874      40.000      39.999      80.000      80.005      -0.000
      432.017   18100.051      -0.115   15187.259    4793.037   23135.994     131.323       0.009      -0.045       0.056
      432.017    1709.046   23627.625    -131.323    1017.084       0.393      -0.023
      432.017       0.000  208790.000       0.000       0.000       0.000
      432.017       0.000       0.000       0.000       0.000       0.000
      432.017       0.000       1.000       0.000
      433.017      36.013      36.196    -156.167   24841.885      78.948    -116.480    242395.7  21143802.0   23619.076      78.368
      433.017 0.000000092      25.542     210.572      24.748     0.87489     0.82416     1.19996     0.06900     0.00000       1.062
      433.017     117.642      -0.319    9999.990       7.874      40.000      39.999      80.000      80.005      -0.000
      433.017   18093.504      -0.115   15181.766    4762.002   23133.674     131.532       0.009      -0.045       0.056
      433.017    1712.886   23619.078    -131.532    1021.644       0.395      -0.023
      433.017       0.000  208790.000       0.000       0.000       0.000
      433.017       0.000       0.000       0.000       0.000       0.000
      433.017       0.000       1.000       0.000
      434.017      36.026      36.209    -156.090   24833.395      79.017    -116.796    242279.1  21143670.0   23610.492      78.441
      434.017 0.000000092      25.656     210.641      24.735     0.87489     0.82416     1.19996     0.06900     0.00000       1.062
      434.017     117.715      -0.320    9999.990       7.873      40.000      39.999      80.000      80.005      -0.000
      434.017   18086.926      -0.116   15176.245    4730.925   23131.285     131.751       0.009      -0.045       0.056
      434.017    1716.723   23610.492    -131.751    1026.234       0.396      -0.023
      434.017       0.000  208790.000       0.000       0.000       0.000
      434.017       0.000       0.000       0.000       0.000       0.000
      434.017       0.000       1.000       0.000
      435.017      36.038      36.222    -156.012   24824.859      79.087    -117.122    242162.1  21143540.0   23601.861      78.514
      435.017 0.000000093      25.772     210.711      24.721     0.87489     0.82416     1.19996     0.06900     0.00000       1.062
      435.017     117.788      -0.320    9999.990       7.872      40.000      39.999      80.000      80.005      -0.000
      435.017   18080.318      -0.116   15170.690    4699.796   23128.820     131.982       0.009      -0.045       0.056
      435.017    1720.559   23601.859    -131.982    1030.852       0.398      -0.023
      435.017       0.000  208790.000       0.000       0.000       0.000
      435.017       0.000       0.000       0.000       0.000       0.000
      435.017       0.000       1.000       0.000
      436.017      36.051      36.234    -155.935   24816.287      79.156    -117.460    242044.9  21143406.0   23593.195      78.587
      436.017 0.000000093      25.888     210.781      24.708     0.87489     0.82416     1.19996     0.06900     0.00000       1.062
      436.017     117.861      -0.321    9999.990       7.871      40.000      39.999      80.000      80.005      -0.000
      436.017   18073.682      -0.116   15165.117    4668.628   23126.289     132.223       0.009      -0.045       0.056
      436.017    1724.393   23593.193    -132.223    1035.505       0.400      -0.023
      436.017       0.000  208790.000       0.000       0.000       0.000
      436.017       0.000       0.000       0.000       0.000       0.000
      436.017       0.000       1.000       0.000
      437.017      36.064      36.247    -155.857   24807.676      79.226    -117.808    241927.2  21143274.0   23584.488      78.660
      437.017 0.000000094      26.005     210.852      24.695     0.87489     0.82416     1.19996     0.06900     0.00000       1.062
      437.017     117.934      -0.322    9999.990       7.870      40.000      39.999      80.000      80.005      -0.000
      437.017   18067.023      -0.114   15159.514    4637.414   23123.689     132.475       0.009      -0.045       0.056
      437.017    1728.227   23584.490    -132.475    1040.192       0.402      -0.023
      437.017       0.000  208790.000       0.000       0.000       0.000
      437.017       0.000       0.000       0.000       0.000       0.000
      437.017       0.000       1.000       0.000
      438.018      36.076      36.260    -155.780   24799.023      79.296    -118.168    241809.2  21143142.0   23575.740      78.733
      438.018 0.000000094      26.123     210.922      24.682     0.87489     0.82416     1.19996     0.06900     0.00000       1.062
      438.018     118.007      -0.323    9999.990       7.869      40.000      39.999      80.000      80.005      -0.000
      438.018   18060.316      -0.116   15153.893    4606.156   23121.014     132.737       0.010      -0.045       0.056
      438.018    1732.058   23575.740    -132.737    1044.911       0.404      -0.023
      438.018       0.000  208790.000       0.000       0.000       0.000
      438.018       0.000       0.000       0.000       0.000       0.000
      438.018       0.000       1.000       0.000
      439.018      36.089      36.272    -155.702   24790.330      79.365    -118.539    241690.9  21143010.0   23566.955      78.806
      439.018 0.000000094      26.242     210.993      24.668     0.87489     0.82416     1.19996     0.06900     0.00000       1.062
      439.018     118.080      -0.323    9999.990       7.868      40.000      39.999      80.000      80.005      -0.000
      439.018   18053.592      -0.115   15148.241    4574.850   23118.271     133.011       0.010      -0.045       0.056
      439.018    1735.892   23566.955    -133.011    1049.663       0.406      -0.023
      439.018       0.000  208790.000       0.000       0.000       0.000
      439.018       0.000       0.000       0.000       0.000       0.000
      439.018       0.000       1.000       0.000
      440.018      36.101      36.284    -155.625   24781.604      79.435    -118.920    241572.2  21142876.0   23558.133      78.880
      440.018 0.000000095      26.362     211.064      24.655     0.87489     0.82416     1.19996     0.06900     0.00000       1.062
      440.018     118.154      -0.324    9999.990       7.867      40.000      39.999      80.000      80.005      -0.000
      440.018   18046.834      -0.117   15142.567    4543.501   23115.459     133.296       0.010      -0.045       0.056
      440.018    1739.726   23558.133    -133.296    1054.452       0.407      -0.023
      440.018       0.000  208790.000       0.000       0.000       0.000
      440.018       0.000       0.000       0.000       0.000       0.000
      440.018       0.000       1.000       0.000
      441.018      36.113      36.297    -155.547   24772.832      79.505    -119.313    241453.1  21142742.0   23549.270      78.953
      441.018 0.000000096      26.483     211.135      24.642     0.87488     0.82416     1.19996     0.06900     0.00000       1.062
      441.018     118.227      -0.325    9999.990       7.866      40.000      39.999      80.000      80.005      -0.000
      441.018   18040.053      -0.115   15136.862    4512.107   23112.574     133.591       0.010      -0.045       0.056
      441.018    1743.559   23549.270    -133.591    1059.278       0.409      -0.024
      441.018       0.000  208790.000       0.000       0.000       0.000
      441.018       0.000       0.000       0.000       0.000       0.000
      441.018       0.000       1.000       0.000
      442.018      36.126      36.309    -155.470   24764.018      79.576    -119.717    241333.6  21142608.0   23540.361      79.027
      442.018 0.000000096      26.604     211.206      24.628     0.87488     0.82416     1.19996     0.06900     0.00000       1.062
      442.018     118.301      -0.326    9999.990       7.865      40.000      39.999      80.000      80.005      -0.000
      442.018   18033.225      -0.116   15131.138    4480.670   23109.615     133.897       0.010      -0.045       0.056
      442.018    1747.391   23540.359    -133.897    1064.137       0.411      -0.024
      442.018       0.000  208790.000       0.000       0.000       0.000
      442.018       0.000       0.000       0.000       0.000       0.000
      442.018       0.000       1.000       0.000
      443.018      36.138      36.321    -155.392   24755.162      79.646    -120.132    241213.7  21142474.0   23531.414      79.101
      443.018 0.000000097      26.727     211.278      24.615     0.87488     0.82416     1.19996     0.06900     0.00000       1.062
      443.018     118.375      -0.327    9999.990       7.864      40.000      39.999      80.000      80.005      -0.000
      443.018   18026.377      -0.116   15125.383    4449.185   23106.584     134.215       0.010      -0.045       0.056
      443.018    1751.221   23531.414    -134.215    1069.037       0.413      -0.024
      443.018       0.000  208790.000       0.000       0.000       0.000
      443.018       0.000       0.000       0.000       0.000       0.000
      443.018       0.000       1.000       0.000
      444.018      36.150      36.333    -155.315   24746.264      79.716    -120.558    241093.4  21142340.0   23522.422      79.175
      444.018 0.000000097      26.850     211.350      24.601     0.87488     0.82416     1.19996     0.06900     0.00000       1.062
      444.018     118.449      -0.328    9999.990       7.862      40.000      39.999      80.000      80.005      -0.000
      444.018   18019.496      -0.115   15119.597    4417.655   23103.477     134.543       0.010      -0.045       0.056
      444.018    1755.048   23522.424    -134.543    1073.974       0.415      -0.024
      444.018       0.000  208790.000       0.000       0.000       0.000
      444.018       0.000       0.000       0.000       0.000       0.000
      444.018       0.000       1.000       0.000
      445.018      36.162      36.345    -155.237   24737.326      79.787    -120.995    240972.6  21142206.0   23513.393      79.249
      445.018 0.000000098      26.974     211.422      24.587     0.87488     0.82416     1.19996     0.06900     0.00000       1.062
      445.018     118.523      -0.329    9999.990       7.861      40.000      39.999      80.000      80.005      -0.000
      445.018   18012.574      -0.116   15113.792    4386.080   23100.297     134.882       0.010      -0.045       0.056
      445.018    1758.874   23513.391    -134.882    1078.950       0.417      -0.024
      445.018       0.000  208790.000       0.000       0.000       0.000
      445.018       0.000       0.000       0.000       0.000       0.000
      445.018       0.000       1.000       0.000
      446.018      36.173      36.357    -155.159   24728.344      79.858    -121.443    240851.5  21142070.0   23504.316      79.323
      446.018 0.000000098      27.100     211.494      24.574     0.87488     0.82416     1.19996     0.06900     0.00000       1.062
      446.018     118.597      -0.330    9999.990       7.860      40.000      39.999      80.000      80.005      -0.000
      446.018   18005.627      -0.116   15107.951    4354.460   23097.041     135.232       0.011      -0.045       0.056
      446.018    1762.699   23504.314    -135.232    1083.965       0.419      -0.024
      446.018       0.000  208790.000       0.000       0.000       0.000
      446.018       0.000       0.000       0.000       0.000       0.000
      446.018       0.000       1.000       0.000
      447.018      36.185      36.369    -155.082   24719.320      79.928    -121.902    240729.8  21141936.0   23495.201      79.398
      447.018 0.000000099      27.226     211.567      24.560     0.87488     0.82416     1.19996     0.06900     0.00000       1.062
      447.018     118.672      -0.331    9999.990       7.859      40.000      39.999      80.000      80.005      -0.000
      447.018   17998.652      -0.115   15102.089    4322.796   23093.713     135.593       0.011      -0.045       0.056
      447.018    1766.522   23495.203    -135.593    1089.020       0.421      -0.024
      447.018       0.000  208790.000       0.000       0.000       0.000
      447.018       0.000       0.000       0.000       0.000       0.000
      447.018       0.000       1.000       0.000
      448.018      36.197      36.380    -155.004   24710.254      79.999    -122.373    240607.7  21141800.0   23486.043      79.472
      448.018 0.000000099      27.354     211.640      24.546     0.87488     0.82416     1.19996     0.06900     0.00000       1.062
      448.018     118.746      -0.332    9999.990       7.857      40.000      39.999      80.000      80.005      -0.000
      448.018   17991.631      -0.115   15096.198    4291.084   23090.307     135.964       0.011      -0.045       0.056
      448.018    1770.343   23486.037    -135.964    1094.117       0.423      -0.024
      448.018       0.000  208790.000       0.000       0.000       0.000
      448.018       0.000       0.000       0.000       0.000       0.000
      448.018       0.000       1.000       0.000
      449.018      36.209      36.392    -154.927   24701.145      80.070    -122.854    240485.1  21141664.0   23476.842      79.547
      449.018 0.000000100      27.482     211.713      24.532     0.87488     0.82416     1.19996     0.06900     0.00000       1.062
      449.018     118.816      -0.333    9999.990       7.881      40.000      39.999      79.970      79.974      -0.000
      449.018   17984.590      -0.115   15090.286    4259.327   23086.830     136.347       0.011      -0.348      -0.198
      449.018    1774.164   23476.846    -136.347    1099.260       0.425      -0.024
      449.018       0.000  208790.000       0.000       0.000       0.000
      449.018       0.000       0.000       0.000       0.000       0.000
      449.018       0.000       1.000       0.000
      450.018      36.220      36.404    -154.849   24691.992      80.142    -123.177    240362.1  21141526.0   23467.600      79.622
      450.018 0.000000100      27.612     211.787      24.518     0.87489     0.82417     1.19997     0.06900     0.00000       1.062
      450.018     118.631      -0.333    9999.990       9.225      40.000      39.999      78.303      78.303      -0.000
      450.018   17977.398      -0.114   15084.480    4227.565   23083.270     136.571       0.007      -1.669      -1.307
      450.018    1777.982   23467.604    -136.571    1104.453       0.427      -0.025
      450.018       0.000  208790.000       0.000       0.000       0.000
      450.018       0.000       0.000       0.000       0.000       0.000
      450.018       0.000       1.000       0.000
      451.018      36.231      36.415    -154.771   24682.795      80.213    -123.151    240238.9  21141390.0   23458.312      79.696
      451.018 0.000000101      27.742     211.860      24.504     0.87489     0.82418     1.19998     0.06900     0.00000       1.062
      451.018     118.407      -0.333    9999.990      10.549      40.000      40.000      76.636      76.635      -0.000
      451.018   17970.215      -0.111   15078.584    4195.850   23079.615     136.446       0.004      -1.656      -1.297
      451.018    1781.799   23458.311    -136.446    1109.670       0.429      -0.025
      451.018       0.000  208790.000       0.000       0.000       0.000
      451.018       0.000       0.000       0.000       0.000       0.000
      451.018       0.000       1.000       0.000
      452.018      36.243      36.426    -154.694   24673.549      80.283    -122.779    240115.9  21141254.0   23448.977      79.771
      452.018 0.000000101      27.873     211.934      24.490     0.87490     0.82420     1.19999     0.06900     0.00000       1.062
      452.018     118.152      -0.332    9999.990      11.830      40.000      40.000      75.000      74.999      -0.000
      452.018   17963.020      -0.104   15072.641    4164.192   23075.865     135.976       0.002      -1.335      -1.029
      452.018    1785.614   23448.979    -135.976    1114.894       0.431      -0.025
      452.018       0.000  208790.000       0.000       0.000       0.000
      452.018       0.000       0.000       0.000       0.000       0.000
      452.018       0.000       1.000       0.000
      453.018      36.254      36.438    -154.616   24664.258      80.354    -122.230    239993.3  21141118.0   23439.598      79.845
      453.018 0.000000102      28.003     212.007      24.476     0.87490     0.82419     1.19999     0.06900     0.00000       1.062
      453.018     118.227      -0.331    9999.990      11.827      40.000      40.000      75.000      75.005      -0.000
      453.018   17955.865      -0.100   15066.575    4132.555   23072.027     135.328       0.003      -0.045       0.054
      453.018    1789.427   23439.598    -135.328    1120.108       0.433      -0.025
      453.018       0.000  208790.000       0.000       0.000       0.000
      453.018       0.000       0.000       0.000       0.000       0.000
      453.018       0.000       1.000       0.000
      454.018      36.265      36.449    -154.539   24654.920      80.425    -121.687    239871.4  21140984.0   23430.174      79.920
      454.018 0.000000102      28.133     212.080      24.462     0.87490     0.82419     1.19999     0.06900     0.00000       1.062
      454.018     118.302      -0.329    9999.990      11.829      40.000      40.000      75.000      75.005      -0.000
      454.018   17948.646      -0.099   15060.513    4100.872   23068.111     134.686       0.004      -0.046       0.054
      454.018    1793.241   23430.172    -134.686    1125.315       0.435      -0.025
      454.018       0.000  208790.000       0.000       0.000       0.000
      454.018       0.000       0.000       0.000       0.000       0.000
      454.018       0.000       1.000       0.000
      455.019      36.276      36.460    -154.461   24645.541      80.496    -121.150    239749.9  21140850.0   23420.705      79.994
      455.019 0.000000103      28.263     212.152      24.448     0.87490     0.82419     1.19999     0.06900     0.00000       1.062
      455.019     118.377      -0.328    9999.990      11.831      40.000      40.000      75.000      75.005      -0.000
      455.019   17941.398      -0.099   15054.423    4069.145   23064.117     134.051       0.004      -0.046       0.054
      455.019    1797.052   23420.705    -134.051    1130.513       0.437      -0.025
      455.019       0.000  208790.000       0.000       0.000       0.000
      455.019       0.000       0.000       0.000       0.000       0.000
      455.019       0.000       1.000       0.000
      456.019      36.287      36.471    -154.383   24636.113      80.568    -120.621    239629.0  21140716.0   23411.191      80.069
      456.019 0.000000104      28.393     212.225      24.434     0.87489     0.82419     1.19998     0.06900     0.00000       1.062
      456.019     118.451      -0.327    9999.990      11.832      40.000      40.000      75.000      75.005      -0.000
      456.019   17934.113      -0.099   15048.305    4037.375   23060.045     133.422       0.004      -0.046       0.054
      456.019    1800.860   23411.191    -133.422    1135.705       0.439      -0.025
      456.019       0.000  208790.000       0.000       0.000       0.000
      456.019       0.000       0.000       0.000       0.000       0.000
      456.019       0.000       1.000       0.000
      457.019      36.298      36.482    -154.306   24626.643      80.639    -120.098    239508.6  21140582.0   23401.633      80.144
      457.019 0.000000104      28.523     212.297      24.420     0.87489     0.82419     1.19998     0.06900     0.00000       1.062
      457.019     118.526      -0.325    9999.990      11.834      40.000      40.000      75.000      75.005      -0.000
      457.019   17926.793      -0.099   15042.157    4005.563   23055.895     132.800       0.004      -0.046       0.054
      457.019    1804.668   23401.633    -132.800    1140.889       0.441      -0.025
      457.019       0.000  208790.000       0.000       0.000       0.000
      457.019       0.000       0.000       0.000       0.000       0.000
      457.019       0.000       1.000       0.000
      458.019      36.309      36.493    -154.228   24617.125      80.711    -119.582    239388.7  21140450.0   23392.029      80.219
      458.019 0.000000105      28.652     212.368      24.406     0.87489     0.82419     1.19998     0.06900     0.00000       1.062
      458.019     118.602      -0.324    9999.990      11.836      40.000      40.000      75.000      75.005      -0.000
      458.019   17919.441      -0.101   15035.982    3973.712   23051.664     132.184       0.004      -0.046       0.054
      458.019    1808.474   23392.031    -132.184    1146.065       0.443      -0.025
      458.019       0.000  208790.000       0.000       0.000       0.000
      458.019       0.000       0.000       0.000       0.000       0.000
      458.019       0.000       1.000       0.000
      459.019      36.320      36.503    -154.151   24607.566      80.782    -119.073    239269.4  21140318.0   23382.385      80.295
      459.019 0.000000105      28.781     212.440      24.392     0.87489     0.82419     1.19998     0.06900     0.00000       1.062
      459.019     118.677      -0.322    9999.990      11.838      40.000      40.000      75.000      75.005      -0.000
      459.019   17912.055      -0.100   15029.778    3941.815   23047.357     131.576       0.004      -0.046       0.054
      459.019    1812.279   23382.385    -131.576    1151.233       0.445      -0.026
      459.019       0.000  208790.000       0.000       0.000       0.000
      459.019       0.000       0.000       0.000       0.000       0.000
      459.019       0.000       1.000       0.000
      460.019      36.330      36.514    -154.073   24597.957      80.854    -118.571    239150.5  21140186.0   23372.691      80.370
      460.019 0.000000106      28.910     212.511      24.378     0.87489     0.82418     1.19998     0.06900     0.00000       1.062
      460.019     118.752      -0.321    9999.990      11.839      40.000      40.000      75.000      75.005      -0.000
      460.019   17904.633      -0.098   15023.541    3909.877   23042.969     130.975       0.004      -0.046       0.054
      460.019    1816.081   23372.689    -130.975    1156.391       0.447      -0.026
      460.019       0.000  208790.000       0.000       0.000       0.000
      460.019       0.000       0.000       0.000       0.000       0.000
      460.019       0.000       1.000       0.000
      461.019      36.341      36.525    -153.996   24588.307      80.926    -118.077    239032.2  21140056.0   23362.955      80.445
      461.019 0.000000106      29.039     212.581      24.363     0.87489     0.82418     1.19998     0.06900     0.00000       1.062
      461.019     118.828      -0.320    9999.990      11.841      40.000      40.000      75.000      75.005      -0.000
      461.019   17897.178      -0.098   15017.280    3877.900   23038.502     130.380       0.004      -0.046       0.054
      461.019    1819.878   23362.955    -130.380    1161.542       0.449      -0.026
      461.019       0.000  208790.000       0.000       0.000       0.000
      461.019       0.000       0.000       0.000       0.000       0.000
      461.019       0.000       1.000       0.000
      462.019      36.351      36.535    -153.918   24578.611      80.998    -117.590    238914.3  21139926.0   23353.172      80.521
      462.019 0.000000107      29.167     212.652      24.349     0.87489     0.82418     1.19998     0.06900     0.00000       1.062
      462.019     118.903      -0.318    9999.990      11.843      40.000      40.000      75.000      75.005      -0.000
      462.019   17889.684      -0.100   15010.990    3845.884   23033.951     129.793       0.005      -0.046       0.054
      462.019    1823.671   23353.172    -129.793    1166.685       0.451      -0.026
      462.019       0.000  208790.000       0.000       0.000       0.000
      462.019       0.000       0.000       0.000       0.000       0.000
      462.019       0.000       1.000       0.000
      463.019      36.362      36.546    -153.841   24568.867      81.070    -117.111    238796.9  21139796.0   23343.346      80.597
      463.019 0.000000108      29.296     212.722      24.335     0.87489     0.82418     1.19998     0.06900     0.00000       1.062
      463.019     118.979      -0.317    9999.990      11.844      40.000      40.000      75.000      75.005      -0.000
      463.019   17882.156      -0.100   15004.672    3813.824   23029.324     129.214       0.005      -0.046       0.054
      463.019    1827.464   23343.344    -129.214    1171.820       0.453      -0.026
      463.019       0.000  208790.000       0.000       0.000       0.000
      463.019       0.000       0.000       0.000       0.000       0.000
      463.019       0.000       1.000       0.000
      464.019      36.372      36.556    -153.763   24559.080      81.142    -116.639    238680.0  21139668.0   23333.471      80.673
      464.019 0.000000108      29.424     212.792      24.321     0.87489     0.82418     1.19998     0.06900     0.00000       1.062
      464.019     119.055      -0.316    9999.990      11.846      40.000      40.000      75.000      75.005      -0.000
      464.019   17874.600      -0.099   14998.316    3781.727   23024.613     128.642       0.005      -0.046       0.054
      464.019    1831.255   23333.471    -128.642    1176.949       0.455      -0.026
      464.019       0.000  208790.000       0.000       0.000       0.000
      464.019       0.000       0.000       0.000       0.000       0.000
      464.019       0.000       1.000       0.000
      465.019      36.382      36.566    -153.686   24549.250      81.214    -116.175    238563.6  21139538.0   23323.557      80.749
      465.019 0.000000109      29.552     212.861      24.306     0.87489     0.82418     1.19998     0.06900     0.00000       1.062
      465.019     119.131      -0.315    9999.990      11.848      40.000      40.000      75.000      75.005      -0.000
      465.019   17867.010      -0.097   14991.941    3749.589   23019.828     128.077       0.005      -0.046       0.054
      465.019    1835.044   23323.559    -128.077    1182.068       0.457      -0.026
      465.019       0.000  208790.000       0.000       0.000       0.000
      465.019       0.000       0.000       0.000       0.000       0.000
      465.019       0.000       1.000       0.000
      466.019      36.392      36.576    -153.608   24539.377      81.287    -115.719    238447.7  21139410.0   23313.600      80.825
      466.019 0.000000109      29.680     212.931      24.292     0.87489     0.82418     1.19998     0.06900     0.00000       1.062
      466.019     119.207      -0.313    9999.990      11.849      40.000      40.000      75.000      75.005      -0.000
      466.019   17859.383      -0.098   14985.538    3717.414   23014.961     127.520       0.005      -0.046       0.054
      466.019    1838.833   23313.600    -127.520    1187.182       0.459      -0.026
      466.019       0.000  208790.000       0.000       0.000       0.000
      466.019       0.000       0.000       0.000       0.000       0.000
      466.019       0.000       1.000       0.000
      467.019      36.402      36.586    -153.531   24529.453      81.359    -115.271    238332.1  21139284.0   23303.590      80.901
      467.019 0.000000110      29.808     213.000      24.278     0.87489     0.82418     1.19998     0.06900     0.00000       1.062
      467.019     119.283      -0.312    9999.990      11.851      40.000      39.999      75.000      75.005      -0.000
      467.019   17851.721      -0.098   14979.102    3685.198   23010.010     126.971       0.005      -0.046       0.054
      467.019    1842.620   23303.592    -126.971    1192.287       0.461      -0.026
      467.019       0.000  208790.000       0.000       0.000       0.000
      467.019       0.000       0.000       0.000       0.000       0.000
      467.019       0.000       1.000       0.000
      468.019      36.412      36.596    -153.453   24519.492      81.432    -114.832    238217.1  21139156.0   23293.547      80.977
      468.019 0.000000110      29.935     213.068      24.263     0.87489     0.82418     1.19998     0.06900     0.00000       1.062
      468.019     119.359      -0.311    9999.990      11.852      40.000      39.999      75.000      75.005      -0.000
      468.019   17844.027      -0.099   14972.643    3652.946   23004.984     126.431       0.005      -0.046       0.054
      468.019    1846.405   23293.547    -126.431    1197.387       0.463      -0.027
      468.019       0.000  208790.000       0.000       0.000       0.000
      468.019       0.000       0.000       0.000       0.000       0.000
      468.019       0.000       1.000       0.000
      469.019      36.422      36.606    -153.376   24509.482      81.505    -114.400    238102.4  21139030.0   23283.453      81.054
      469.019 0.000000111      30.062     213.137      24.249     0.87489     0.82418     1.19998     0.06900     0.00000       1.062
      469.019     119.436      -0.310    9999.990      11.854      40.000      39.999      75.000      75.005      -0.000
      469.019   17836.299      -0.098   14966.147    3620.655   22999.873     125.898       0.005      -0.046       0.054
      469.019    1850.189   23283.453    -125.898    1202.476       0.465      -0.027
      469.019       0.000  208790.000       0.000       0.000       0.000
      469.019       0.000       0.000       0.000       0.000       0.000
      469.019       0.000       1.000       0.000
      470.019      36.432      36.616    -153.299   24499.426      81.578    -113.977    237988.2  21138906.0   23273.316      81.131
      470.019 0.000000111      30.189     213.205      24.234     0.87489     0.82418     1.19998     0.06900     0.00000       1.062
      470.019     119.513      -0.309    9999.990      11.855      40.000      39.999      75.000      75.005      -0.000
      470.019   17828.533      -0.100   14959.631    3588.329   22994.682     125.373       0.005      -0.046       0.054
      470.019    1853.972   23273.314    -125.373    1207.561       0.467      -0.027
      470.019       0.000  208790.000       0.000       0.000       0.000
      470.019       0.000       0.000       0.000       0.000       0.000
      470.019       0.000       1.000       0.000
      471.020      36.442      36.626    -153.221   24489.328      81.651    -113.562    237874.5  21138780.0   23263.137      81.207
      471.020 0.000000112      30.316     213.273      24.220     0.87489     0.82418     1.19998     0.06900     0.00000       1.062
      471.020     119.589      -0.308    9999.990      11.857      40.000      39.999      75.000      75.005      -0.000
      471.020   17820.738      -0.098   14953.084    3555.965   22989.410     124.857       0.005      -0.046       0.054
      471.020    1857.753   23263.135    -124.857    1212.638       0.469      -0.027
      471.020       0.000  208790.000       0.000       0.000       0.000
      471.020       0.000       0.000       0.000       0.000       0.000
      471.020       0.000       1.000       0.000
      472.020      36.451      36.635    -153.144   24479.188      81.724    -113.156    237761.1  21138656.0   23252.910      81.284
      472.020 0.000000113      30.443     213.341      24.205     0.87489     0.82418     1.19998     0.06900     0.00000       1.062
      472.020     119.666      -0.306    9999.990      11.858      40.000      39.999      75.000      75.005      -0.000
      472.020   17812.910      -0.098   14946.509    3523.562   22984.059     124.349       0.006      -0.046       0.054
      472.020    1861.532   23252.912    -124.349    1217.711       0.470      -0.027
      472.020       0.000  208790.000       0.000       0.000       0.000
      472.020       0.000       0.000       0.000       0.000       0.000
      472.020       0.000       1.000       0.000
      473.020      36.461      36.645    -153.066   24469.002      81.797    -112.758    237648.1  21138532.0   23242.645      81.361
      473.020 0.000000113      30.570     213.408      24.191     0.87489     0.82418     1.19998     0.06900     0.00000       1.062
      473.020     119.743      -0.305    9999.990      11.859      40.000      39.999      75.000      75.005      -0.000
      473.020   17805.047      -0.098   14939.905    3491.127   22978.625     123.849       0.006      -0.046       0.054
      473.020    1865.312   23242.643    -123.849    1222.777       0.472      -0.027
      473.020       0.000  208790.000       0.000       0.000       0.000
      473.020       0.000       0.000       0.000       0.000       0.000
      473.020       0.000       1.000       0.000
      474.020      36.470      36.654    -152.989   24458.773      81.871    -112.370    237535.5  21138408.0   23232.334      81.438
      474.020 0.000000114      30.696     213.476      24.176     0.87489     0.82418     1.19998     0.06900     0.00000       1.062
      474.020     119.820      -0.304    9999.990      11.861      40.000      39.999      75.000      75.005      -0.000
      474.020   17797.150      -0.099   14933.276    3458.657   22973.109     123.359       0.006      -0.046       0.054
      474.020    1869.088   23232.334    -123.359    1227.836       0.474      -0.027
      474.020       0.000  208790.000       0.000       0.000       0.000
      474.020       0.000       0.000       0.000       0.000       0.000
      474.020       0.000       1.000       0.000
      475.020      36.480      36.664    -152.911   24448.498      81.944    -111.990    237423.3  21138284.0   23221.980      81.516
      475.020 0.000000114      30.823     213.543      24.162     0.87489     0.82418     1.19998     0.06900     0.00000       1.062
      475.020     119.897      -0.303    9999.990      11.862      40.000      39.999      75.000      75.005      -0.000
      475.020   17789.225      -0.097   14926.616    3426.148   22967.516     122.877       0.006      -0.046       0.054
      475.020    1872.865   23221.980    -122.877    1232.893       0.476      -0.027
      475.020       0.000  208790.000       0.000       0.000       0.000
      475.020       0.000       0.000       0.000       0.000       0.000
      475.020       0.000       1.000       0.000
      476.020      36.489      36.673    -152.834   24438.180      82.018    -111.619    237311.5  21138162.0   23211.580      81.593
      476.020 0.000000115      30.949     213.610      24.147     0.87489     0.82418     1.19998     0.06900     0.00000       1.062
      476.020     119.975      -0.302    9999.990      11.863      40.000      39.999      75.000      75.005      -0.000
      476.020   17781.260      -0.098   14919.929    3393.605   22961.836     122.404       0.006      -0.046       0.054
      476.020    1876.640   23211.580    -122.404    1237.940       0.478      -0.028
      476.020       0.000  208790.000       0.000       0.000       0.000
      476.020       0.000       0.000       0.000       0.000       0.000
      476.020       0.000       1.000       0.000
      477.020      36.498      36.682    -152.756   24427.816      82.091    -111.257    237200.1  21138040.0   23201.139      81.670
      477.020 0.000000115      31.075     213.676      24.133     0.87489     0.82418     1.19998     0.06900     0.00000       1.062
      477.020     120.052      -0.301    9999.990      11.865      40.000      39.999      75.000      75.005      -0.000
      477.020   17773.266      -0.098   14913.213    3361.030   22956.076     121.940       0.006      -0.046       0.054
      477.020    1880.413   23201.139    -121.940    1242.984       0.480      -0.028
      477.020       0.000  208790.000       0.000       0.000       0.000
      477.020       0.000       0.000       0.000       0.000       0.000
      477.020       0.000       1.000       0.000
      478.020      36.507      36.691    -152.679   24417.410      82.165    -110.905    237089.0  21137918.0   23190.652      81.748
      478.020 0.000000116      31.201     213.743      24.118     0.87489     0.82418     1.19998     0.06900     0.00000       1.062
      478.020     120.130      -0.300    9999.990      11.866      40.000      39.999      75.000      75.005      -0.000
      478.020   17765.234      -0.097   14906.470    3328.419   22950.234     121.485       0.006      -0.046       0.054
      478.020    1884.185   23190.652    -121.485    1248.021       0.482      -0.028
      478.020       0.000  208790.000       0.000       0.000       0.000
      478.020       0.000       0.000       0.000       0.000       0.000
      478.020       0.000       1.000       0.000
      479.020      36.516      36.700    -152.602   24406.961      82.239    -110.562    236978.2  21137796.0   23180.125      81.826
      479.020 0.000000117      31.327     213.809      24.103     0.87489     0.82418     1.19997     0.06900     0.00000       1.062
      479.020     120.208      -0.299    9999.990      11.867      40.000      39.999      75.000      75.005      -0.000
      479.020   17757.174      -0.097   14899.696    3295.776   22944.311     121.039       0.006      -0.046       0.054
      479.020    1887.954   23180.123    -121.039    1253.058       0.484      -0.028
      479.020       0.000  208790.000       0.000       0.000       0.000
      479.020       0.000       0.000       0.000       0.000       0.000
      479.020       0.000       1.000       0.000
      480.020      36.525      36.709    -152.524   24396.465      82.313    -110.228    236867.8  21137676.0   23169.551      81.904
      480.020 0.000000117      31.453     213.875      24.089     0.87489     0.82418     1.19997     0.06900     0.00000       1.062
      480.020     120.286      -0.298    9999.990      11.868      40.000      39.999      75.000      75.005      -0.000
      480.020   17749.074      -0.098   14892.899    3263.103   22938.301     120.602       0.006      -0.046       0.054
      480.020    1891.718   23169.551    -120.602    1258.087       0.486      -0.028
      480.020       0.000  208790.000       0.000       0.000       0.000
      480.020       0.000       0.000       0.000       0.000       0.000
      480.020       0.000       1.000       0.000
      481.020      36.534      36.718    -152.447   24385.928      82.388    -109.904    236757.7  21137556.0   23158.934      81.982
      481.020 0.000000118      31.578     213.940      24.074     0.87489     0.82417     1.19997     0.06900     0.00000       1.062
      481.020     120.364      -0.297    9999.990      11.870      40.000      39.999      75.000      75.005      -0.000
      481.020   17740.945      -0.096   14886.067    3230.392   22932.211     120.175       0.007      -0.046       0.055
      481.020    1895.478   23158.934    -120.175    1263.113       0.488      -0.028
      481.020       0.000  208790.000       0.000       0.000       0.000
      481.020       0.000       0.000       0.000       0.000       0.000
      481.020       0.000       1.000       0.000
      482.020      36.542      36.727    -152.370   24375.346      82.462    -109.589    236648.0  21137436.0   23148.275      82.060
      482.020 0.000000118      31.704     214.006      24.059     0.87489     0.82417     1.19997     0.06900     0.00000       1.062
      482.020     120.442      -0.296    9999.990      11.871      40.000      39.999      75.000      75.005      -0.000
      482.020   17732.787      -0.096   14879.214    3197.653   22926.041     119.757       0.007      -0.046       0.055
      482.020    1899.239   23148.277    -119.757    1268.137       0.490      -0.028
      482.020       0.000  208790.000       0.000       0.000       0.000
      482.020       0.000       0.000       0.000       0.000       0.000
      482.020       0.000       1.000       0.000
      483.020      36.551      36.735    -152.292   24364.725      82.536    -109.284    236538.5  21137316.0   23137.576      82.138
      483.020 0.000000119      31.829     214.072      24.044     0.87489     0.82417     1.19997     0.06900     0.00000       1.062
      483.020     120.520      -0.296    9999.990      11.872      40.000      39.999      75.000      75.005      -0.000
      483.020   17724.592      -0.096   14872.332    3164.877   22919.789     119.349       0.007      -0.046       0.055
      483.020    1902.999   23137.576    -119.349    1273.155       0.492      -0.028
      483.020       0.000  208790.000       0.000       0.000       0.000
      483.020       0.000       0.000       0.000       0.000       0.000
      483.020       0.000       1.000       0.000
      484.020      36.560      36.744    -152.215   24354.055      82.611    -108.989    236429.3  21137196.0   23126.830      82.216
      484.020 0.000000119      31.955     214.137      24.029     0.87489     0.82417     1.19997     0.06900     0.00000       1.062
      484.020     120.598      -0.295    9999.990      11.873      40.000      39.999      75.000      75.005      -0.000
      484.020   17716.361      -0.098   14865.424    3132.069   22913.451     118.950       0.007      -0.046       0.055
      484.020    1906.756   23126.830    -118.950    1278.173       0.494      -0.028
      484.020       0.000  208790.000       0.000       0.000       0.000
      484.020       0.000       0.000       0.000       0.000       0.000
      484.020       0.000       1.000       0.000
      485.020      36.568      36.752    -152.138   24343.342      82.686    -108.704    236320.5  21137078.0   23116.039      82.295
      485.020 0.000000120      32.080     214.202      24.015     0.87489     0.82417     1.19997     0.06900     0.00000       1.062
      485.020     120.677      -0.294    9999.990      11.874      40.000      39.999      75.000      75.005      -0.000
      485.020   17708.098      -0.098   14858.486    3099.229   22907.029     118.562       0.007      -0.046       0.055
      485.020    1910.513   23116.041    -118.562    1283.186       0.496      -0.029
      485.020       0.000  208790.000       0.000       0.000       0.000
      485.020       0.000       0.000       0.000       0.000       0.000
      485.020       0.000       1.000       0.000
      486.020      36.576      36.761    -152.060   24332.584      82.760    -108.429    236211.9  21136960.0   23105.207      82.373
      486.020 0.000000121      32.206     214.267      24.000     0.87489     0.82417     1.19997     0.06900     0.00000       1.062
      486.020     120.755      -0.293    9999.990      11.875      40.000      39.999      75.000      75.005      -0.000
      486.020   17699.801      -0.099   14851.520    3066.365   22900.523     118.183       0.007      -0.046       0.055
      486.020    1914.268   23105.207    -118.183    1288.200       0.498      -0.029
      486.020       0.000  208790.000       0.000       0.000       0.000
      486.020       0.000       0.000       0.000       0.000       0.000
      486.020       0.000       1.000       0.000
      487.021      36.585      36.769    -151.983   24321.783      82.835    -108.164    236103.6  21136842.0   23094.332      82.452
      487.021 0.000000121      32.331     214.331      23.985     0.87489     0.82417     1.19997     0.06900     0.00000       1.062
      487.021     120.834      -0.292    9999.990      11.876      40.000      39.999      75.000      75.005      -0.000
      487.021   17691.473      -0.098   14844.525    3033.466   22893.938     117.814       0.007      -0.046       0.055
      487.021    1918.023   23094.332    -117.814    1293.210       0.500      -0.029
      487.021       0.000  208790.000       0.000       0.000       0.000
      487.021       0.000       0.000       0.000       0.000       0.000
      487.021       0.000       1.000       0.000
      488.021      36.593      36.777    -151.906   24310.945      82.910    -107.909    235995.5  21136724.0   23083.416      82.531
      488.021 0.000000122      32.456     214.396      23.970     0.87489     0.82417     1.19997     0.06900     0.00000       1.062
      488.021     120.913      -0.292    9999.990      11.877      40.000      39.999      75.000      75.005      -0.000
      488.021   17683.115      -0.097   14837.507    3000.540   22887.270     117.455       0.007      -0.046       0.055
      488.021    1921.776   23083.418    -117.455    1298.220       0.502      -0.029
      488.021       0.000  208790.000       0.000       0.000       0.000
      488.021       0.000       0.000       0.000       0.000       0.000
      488.021       0.000       1.000       0.000
      489.021      36.601      36.785    -151.828   24300.055      82.985    -107.664    235887.8  21136606.0   23072.455      82.610
      489.021 0.000000122      32.581     214.460      23.955     0.87489     0.82417     1.19997     0.06900     0.00000       1.062
      489.021     120.992      -0.291    9999.990      11.878      40.000      39.999      75.000      75.005      -0.000
      489.021   17674.719      -0.098   14830.457    2967.584   22880.514     117.107       0.008      -0.046       0.055
      489.021    1925.527   23072.453    -117.107    1303.224       0.504      -0.029
      489.021       0.000  208790.000       0.000       0.000       0.000
      489.021       0.000       0.000       0.000       0.000       0.000
      489.021       0.000       1.000       0.000
      490.021      36.609      36.793    -151.751   24289.123      83.061    -107.430    235780.2  21136490.0   23061.451      82.689
      490.021 0.000000123      32.706     214.525      23.940     0.87489     0.82417     1.19997     0.06900     0.00000       1.062
      490.021     121.071      -0.290    9999.990      11.879      40.000      39.999      75.000      75.005      -0.000
      490.021   17666.297      -0.097   14823.376    2934.595   22873.676     116.768       0.008      -0.046       0.055
      490.021    1929.274   23061.451    -116.768    1308.233       0.505      -0.029
      490.021       0.000  208790.000       0.000       0.000       0.000
      490.021       0.000       0.000       0.000       0.000       0.000
      490.021       0.000       1.000       0.000
      491.021      36.617      36.801    -151.674   24278.152      83.136    -107.206    235672.9  21136372.0   23050.406      82.768
      491.021 0.000000124      32.832     214.589      23.925     0.87489     0.82417     1.19997     0.06900     0.00000       1.062
      491.021     121.150      -0.289    9999.990      11.880      40.000      39.999      75.000      75.005      -0.000
      491.021   17657.836      -0.097   14816.272    2901.578   22866.754     116.440       0.008      -0.046       0.055
      491.021    1933.018   23050.402    -116.440    1313.239       0.507      -0.029
      491.021       0.000  208790.000       0.000       0.000       0.000
      491.021       0.000       0.000       0.000       0.000       0.000
      491.021       0.000       1.000       0.000
      492.021      36.625      36.809    -151.597   24267.137      83.211    -106.993    235565.8  21136256.0   23039.316      82.848
      492.021 0.000000124      32.957     214.654      23.910     0.87489     0.82417     1.19997     0.06900     0.00000       1.062
      492.021     121.229      -0.289    9999.990      11.880      40.000      39.999      75.000      75.005      -0.000
      492.021   17649.340      -0.099   14809.145    2868.534   22859.748     116.123       0.008      -0.046       0.055
      492.021    1936.759   23039.314    -116.123    1318.247       0.509      -0.029
      492.021       0.000  208790.000       0.000       0.000       0.000
      492.021       0.000       0.000       0.000       0.000       0.000
      492.021       0.000       1.000       0.000
      493.021      36.632      36.817    -151.520   24256.076      83.287    -106.790    235458.9  21136140.0   23028.184      82.927
      493.021 0.000000125      33.082     214.743      23.893     0.87489     0.82417     1.19997     0.06900     0.00000       1.062
      493.021     121.309      -0.288    9999.990      11.881      40.000      39.999      75.000      75.005      -0.000
      493.021   17640.818      -0.098   14801.986    2835.457   22852.660     115.816       0.008      -0.046       0.055
      493.021    1940.499   23028.184    -115.816    1323.256       0.511      -0.029
      493.021       0.000  208790.000       0.000       0.000       0.000
      493.021       0.000       0.000       0.000       0.000       0.000
      493.021       0.000       1.000       0.000
      494.021      36.640      36.825    -151.442   24244.971      83.363    -106.598    235352.2  21136024.0   23017.006      83.007
      494.021 0.000000125      33.207     214.832      23.877     0.87489     0.82417     1.19997     0.06900     0.00000       1.062
      494.021     121.388      -0.288    9999.990      11.882      40.000      39.999      75.000      75.005      -0.000
      494.021   17632.260      -0.096   14794.798    2802.356   22845.482     115.519       0.008      -0.046       0.055
      494.021    1944.239   23017.008    -115.519    1328.265       0.513      -0.030
      494.021       0.000  208790.000       0.000       0.000       0.000
      494.021       0.000       0.000       0.000       0.000       0.000
      494.021       0.000       1.000       0.000
      495.021      36.648      36.832    -151.365   24233.820      83.438    -106.417    235245.6  21135910.0   23005.789      83.086
      495.021 0.000000126      33.333     214.921      23.860     0.87489     0.82417     1.19997     0.06900     0.00000       1.062
      495.021     121.468      -0.287    9999.990      11.883      40.000      39.999      75.000      75.005      -0.000
      495.021   17623.670      -0.097   14787.584    2769.228   22838.223     115.233       0.008      -0.046       0.055
      495.021    1947.977   23005.789    -115.233    1333.280       0.515      -0.030
      495.021       0.000  208790.000       0.000       0.000       0.000
      495.021       0.000       0.000       0.000       0.000       0.000
      495.021       0.000       1.000       0.000
      496.021      36.655      36.840    -151.288   24222.631      83.514    -106.247    235139.3  21135794.0   22994.529      83.166
      496.021 0.000000127      33.458     215.010      23.843     0.87489     0.82417     1.19997     0.06900     0.00000       1.062
      496.021     121.548      -0.286    9999.990      11.883      40.000      39.999      75.000      75.005      -0.000
      496.021   17615.047      -0.098   14780.345    2736.071   22830.881     114.958       0.008      -0.046       0.055
      496.021    1951.714   22994.531    -114.958    1338.293       0.517      -0.030
      496.021       0.000  208790.000       0.000       0.000       0.000
      496.021       0.000       0.000       0.000       0.000       0.000
      496.021       0.000       1.000       0.000
      497.021      36.662      36.847    -151.211   24211.396      83.590    -106.088    235033.1  21135680.0   22983.223      83.246
      497.021 0.000000127      33.583     215.099      23.827     0.87489     0.82417     1.19997     0.06900     0.00000       1.062
      497.021     121.628      -0.286    9999.990      11.884      40.000      39.999      75.000      75.005      -0.000
      497.021   17606.387      -0.097   14773.069    2702.887   22823.447     114.694       0.009      -0.046       0.055
      497.021    1955.451   22983.221    -114.694    1343.310       0.519      -0.030
      497.021       0.000  208790.000       0.000       0.000       0.000
      497.021       0.000       0.000       0.000       0.000       0.000
      497.021       0.000       1.000       0.000
      498.021      36.670      36.854    -151.134   24200.119      83.666    -105.939    234927.1  21135564.0   22971.875      83.326
      498.021 0.000000128      33.709     215.187      23.810     0.87489     0.82417     1.19997     0.06900     0.00000       1.062
      498.021     121.708      -0.285    9999.990      11.885      40.000      39.999      75.000      75.005      -0.000
      498.021   17597.699      -0.098   14765.774    2669.675   22815.934     114.441       0.009      -0.046       0.055
      498.021    1959.185   22971.877    -114.441    1348.332       0.521      -0.030
      498.021       0.000  208790.000       0.000       0.000       0.000
      498.021       0.000       0.000       0.000       0.000       0.000
      498.021       0.000       1.000       0.000
      499.021      36.677      36.861    -151.057   24188.793      83.743    -105.802    234821.2  21135450.0   22960.484      83.406
      499.021 0.000000128      33.835     215.275      23.793     0.87489     0.82417     1.19997     0.06900     0.00000       1.062
      499.021     121.780      -0.285    9999.990      11.914      40.000      39.999      74.965      74.968      -0.000
      499.021   17588.973      -0.095   14758.449    2636.438   22808.330     114.198       0.009      -0.400      -0.242
      499.021    1962.912   22960.484    -114.198    1353.356       0.523      -0.030
      499.021       0.000  208790.000       0.000       0.000       0.000
      499.021       0.000       0.000       0.000       0.000       0.000
      499.021       0.000       1.000       0.000
      500.021      36.684      36.869    -150.980   24177.428      83.819    -105.477    234715.5  21135336.0   22949.051      83.487
      500.021 0.000000129      33.960     215.364      23.777     0.87489     0.82418     1.19998     0.06900     0.00000       1.062
      500.021     121.486      -0.284    9999.990      13.201      40.000      40.000      73.298      73.294      -0.000
      500.021   17580.109      -0.098   14751.229    2603.246   22800.639     113.768       0.005      -1.626      -1.272
      500.021    1966.638   22949.053    -113.768    1358.399       0.525      -0.030
      500.021       0.000  208790.000       0.000       0.000       0.000
      500.021       0.000       0.000       0.000       0.000       0.000
      500.021       0.000       1.000       0.000
      501.021      36.691      36.876    -150.902   24166.016      83.895    -104.747    234610.3  21135224.0   22937.572      83.566
      501.021 0.000000130      34.086     215.451      23.760     0.87490     0.82419     1.19999     0.06900     0.00000       1.062
      501.021     121.157      -0.282    9999.990      14.460      40.000      40.000      71.631      71.625      -0.000
      501.021   17571.250      -0.094   14743.926    2570.188   22792.840     112.933       0.002      -1.609      -1.258
      501.021    1970.363   22937.570    -112.933    1363.415       0.527      -0.030
      501.021       0.000  208790.000       0.000       0.000       0.000
      501.021       0.000       0.000       0.000       0.000       0.000
      501.021       0.000       1.000       0.000
      502.021      36.698      36.883    -150.825   24154.561      83.970    -103.620    234506.1  21135110.0   22926.051      83.646
      502.021 0.000000130      34.210     215.538      23.743     0.87490     0.82420     1.20000     0.06900     0.00000       1.062
      502.021     120.804      -0.279    9999.990      15.666      40.000      40.000      70.000      69.995      -0.000
      502.021   17562.387      -0.084   14736.568    2537.276   22784.943     111.702      -0.000      -1.234      -0.945
      502.021    1974.088   22926.053    -111.702    1368.387       0.529      -0.030
      502.021       0.000  208790.000       0.000       0.000       0.000
      502.021       0.000       0.000       0.000       0.000       0.000
      502.021       0.000       1.000       0.000
      503.021      36.705      36.889    -150.748   24143.059      84.046    -102.293    234403.0  21135000.0   22914.488      83.725
      503.021 0.000000131      34.332     215.624      23.726     0.87490     0.82420     1.19999     0.06900     0.00000       1.062
      503.021     120.886      -0.276    9999.990      15.663      40.000      40.000      70.000      70.005      -0.000
      503.021   17553.561      -0.079   14729.101    2504.437   22776.949     110.271       0.002      -0.046       0.052
      503.021    1977.811   22914.490    -110.271    1373.284       0.531      -0.031
      503.021       0.000  208790.000       0.000       0.000       0.000
      503.021       0.000       0.000       0.000       0.000       0.000
      503.021       0.000       1.000       0.000
      504.022      36.712      36.896    -150.671   24131.514      84.121    -100.974    234301.3  21134890.0   22902.879      83.805
      504.022 0.000000131      34.453     215.709      23.710     0.87490     0.82420     1.19999     0.06900     0.00000       1.062
      504.022     120.965      -0.272    9999.990      15.668      40.000      40.000      70.000      70.005      -0.000
      504.022   17544.666      -0.081   14721.638    2471.579   22768.867     108.847       0.002      -0.046       0.052
      504.022    1981.533   22902.881    -108.847    1378.116       0.532      -0.031
      504.022       0.000  208790.000       0.000       0.000       0.000
      504.022       0.000       0.000       0.000       0.000       0.000
      504.022       0.000       1.000       0.000
      505.022      36.718      36.903    -150.594   24119.924      84.197     -99.663    234201.0  21134782.0   22891.227      83.884
      505.022 0.000000132      34.572     215.793      23.693     0.87490     0.82419     1.19999     0.06900     0.00000       1.062
      505.022     121.045      -0.269    9999.990      15.672      40.000      40.000      70.000      70.005      -0.000
      505.022   17535.746      -0.079   14714.142    2438.698   22760.701     107.432       0.002      -0.046       0.052
      505.022    1985.253   22891.229    -107.432    1382.873       0.534      -0.031
      505.022       0.000  208790.000       0.000       0.000       0.000
      505.022       0.000       0.000       0.000       0.000       0.000
      505.022       0.000       1.000       0.000
      506.022      36.725      36.909    -150.517   24108.291      84.273     -98.360    234101.9  21134676.0   22879.531      83.964
      506.022 0.000000133      34.689     215.876      23.676     0.87490     0.82419     1.19999     0.06900     0.00000       1.062
      506.022     121.124      -0.266    9999.990      15.676      40.000      40.000      70.000      70.005      -0.000
      506.022   17526.789      -0.079   14706.620    2405.797   22752.447     106.025       0.002      -0.046       0.052
      506.022    1988.968   22879.531    -106.025    1387.563       0.536      -0.031
      506.022       0.000  208790.000       0.000       0.000       0.000
      506.022       0.000       0.000       0.000       0.000       0.000
      506.022       0.000       1.000       0.000
      507.022      36.731      36.916    -150.440   24096.621      84.349     -97.066    234004.1  21134570.0   22867.801      84.044
      507.022 0.000000133      34.805     215.957      23.660     0.87490     0.82419     1.19999     0.06900     0.00000       1.062
      507.022     121.204      -0.262    9999.990      15.680      40.000      40.000      70.000      70.005      -0.000
      507.022   17517.805      -0.079   14699.076    2372.879   22744.117     104.627       0.002      -0.046       0.052
      507.022    1992.680   22867.801    -104.627    1392.184       0.538      -0.031
      507.022       0.000  208790.000       0.000       0.000       0.000
      507.022       0.000       0.000       0.000       0.000       0.000
      507.022       0.000       1.000       0.000
      508.022      36.738      36.922    -150.364   24084.902      84.425     -95.782    233907.6  21134466.0   22856.021      84.124
      508.022 0.000000134      34.918     216.038      23.643     0.87490     0.82419     1.19999     0.06900     0.00000       1.062
      508.022     121.284      -0.259    9999.990      15.684      40.000      40.000      70.000      70.005      -0.000
      508.022   17508.781      -0.079   14691.504    2339.944   22735.693     103.238       0.002      -0.046       0.052
      508.022    1996.392   22856.021    -103.238    1396.731       0.540      -0.031
      508.022       0.000  208790.000       0.000       0.000       0.000
      508.022       0.000       0.000       0.000       0.000       0.000
      508.022       0.000       1.000       0.000
      509.022      36.744      36.929    -150.287   24073.145      84.501     -94.507    233812.4  21134364.0   22844.203      84.204
      509.022 0.000000134      35.030     216.117      23.627     0.87490     0.82419     1.19999     0.06900     0.00000       1.062
      509.022     121.364      -0.255    9999.990      15.689      40.000      40.000      70.000      70.005      -0.000
      509.022   17499.734      -0.080   14683.901    2306.994   22727.188     101.859       0.002      -0.046       0.052
      509.022    2000.101   22844.205    -101.859    1401.210       0.541      -0.031
      509.022       0.000  208790.000       0.000       0.000       0.000
      509.022       0.000       0.000       0.000       0.000       0.000
      509.022       0.000       1.000       0.000
      510.022      36.750      36.935    -150.210   24061.348      84.577     -93.241    233718.5  21134262.0   22832.348      84.284
      510.022 0.000000135      35.141     216.196      23.610     0.87490     0.82419     1.19999     0.06900     0.00000       1.062
      510.022     121.444      -0.252    9999.990      15.693      40.000      40.000      70.000      70.005      -0.000
      510.022   17490.656      -0.078   14676.277    2274.028   22718.602     100.489       0.002      -0.046       0.052
      510.022    2003.810   22832.350    -100.489    1405.615       0.543      -0.031
      510.022       0.000  208790.000       0.000       0.000       0.000
      510.022       0.000       0.000       0.000       0.000       0.000
      510.022       0.000       1.000       0.000
      511.022      36.756      36.941    -150.133   24049.514      84.653     -91.986    233625.8  21134162.0   22820.455      84.364
      511.022 0.000000135      35.249     216.273      23.594     0.87490     0.82419     1.19999     0.06900     0.00000       1.062
      511.022     121.524      -0.249    9999.990      15.697      40.000      40.000      70.000      70.005      -0.000
      511.022   17481.545      -0.080   14668.635    2241.045   22709.934      99.129       0.002      -0.046       0.052
      511.022    2007.519   22820.457     -99.129    1409.953       0.545      -0.031
      511.022       0.000  208790.000       0.000       0.000       0.000
      511.022       0.000       0.000       0.000       0.000       0.000
      511.022       0.000       1.000       0.000
      512.022      36.762      36.947    -150.056   24037.637      84.729     -90.742    233534.4  21134064.0   22808.521      84.445
      512.022 0.000000136      35.356     216.349      23.577     0.87490     0.82419     1.19999     0.06900     0.00000       1.062
      512.022     121.605      -0.246    9999.990      15.701      40.000      40.000      70.000      70.005      -0.000
      512.022   17472.404      -0.080   14660.963    2208.051   22701.182      97.780       0.002      -0.046       0.052
      512.022    2011.222   22808.523     -97.780    1414.218       0.546      -0.031
      512.022       0.000  208790.000       0.000       0.000       0.000
      512.022       0.000       0.000       0.000       0.000       0.000
      512.022       0.000       1.000       0.000
      513.022      36.768      36.953    -149.979   24025.723      84.806     -89.509    233444.2  21133966.0   22796.551      84.525
      513.022 0.000000136      35.461     216.425      23.561     0.87490     0.82419     1.19999     0.06900     0.00000       1.062
      513.022     121.685      -0.242    9999.990      15.705      40.000      40.000      70.000      70.005      -0.000
      513.022   17463.238      -0.079   14653.260    2175.048   22692.346      96.442       0.002      -0.046       0.052
      513.022    2014.922   22796.551     -96.442    1418.412       0.548      -0.032
      513.022       0.000  208790.000       0.000       0.000       0.000
      513.022       0.000       0.000       0.000       0.000       0.000
      513.022       0.000       1.000       0.000
      514.022      36.774      36.959    -149.902   24013.771      84.882     -88.286    233355.2  21133870.0   22784.545      84.605
      514.022 0.000000137      35.564     216.499      23.544     0.87490     0.82419     1.19999     0.06900     0.00000       1.062
      514.022     121.766      -0.239    9999.990      15.709      40.000      40.000      70.000      70.005      -0.000
      514.022   17454.043      -0.079   14645.539    2142.029   22683.432      95.115       0.003      -0.046       0.052
      514.022    2018.620   22784.543     -95.115    1422.535       0.550      -0.032
      514.022       0.000  208790.000       0.000       0.000       0.000
      514.022       0.000       0.000       0.000       0.000       0.000
      514.022       0.000       1.000       0.000
      515.021      36.780      36.965    -149.826   24001.783      84.959     -87.076    233267.5  21133776.0   22772.496      84.686
      515.021 0.000000138      35.665     216.572      23.528     0.87490     0.82419     1.19999     0.06900     0.00000       1.062
      515.021     121.846      -0.236    9999.990      15.713      40.000      40.000      70.000      70.005      -0.000
      515.021   17444.811      -0.081   14637.795    2109.000   22674.432      93.800       0.003      -0.046       0.052
      515.021    2022.319   22772.492     -93.800    1426.587       0.551      -0.032
      515.021       0.000  208790.000       0.000       0.000       0.000
      515.021       0.000       0.000       0.000       0.000       0.000
      515.021       0.000       1.000       0.000
      516.021      36.786      36.970    -149.749   23989.760      85.036     -85.877    233180.9  21133682.0   22760.416      84.767
      516.021 0.000000138      35.764     216.644      23.511     0.87490     0.82419     1.19999     0.06900     0.00000       1.062
      516.021     121.927      -0.233    9999.990      15.717      40.000      40.000      70.000      70.005      -0.000
      516.021   17435.561      -0.079   14630.027    2075.962   22665.355      92.496       0.003      -0.046       0.052
      516.021    2026.017   22760.414     -92.496    1430.567       0.553      -0.032
      516.021       0.000  208790.000       0.000       0.000       0.000
      516.021       0.000       0.000       0.000       0.000       0.000
      516.021       0.000       1.000       0.000
      517.021      36.791      36.976    -149.672   23977.697      85.112     -84.691    233095.6  21133590.0   22748.301      84.848
      517.021 0.000000139      35.862     216.716      23.495     0.87490     0.82419     1.19999     0.06900     0.00000       1.062
      517.021     122.008      -0.230    9999.990      15.721      40.000      40.000      70.000      70.005      -0.000
      517.021   17426.283      -0.079   14622.239    2042.918   22656.199      91.205       0.003      -0.046       0.052
      517.021    2029.713   22748.303     -91.205    1434.478       0.554      -0.032
      517.021       0.000  208790.000       0.000       0.000       0.000
      517.021       0.000       0.000       0.000       0.000       0.000
      517.021       0.000       1.000       0.000
      518.021      36.797      36.981    -149.596   23965.600      85.189     -83.517    233011.4  21133500.0   22736.148      84.928
      518.021 0.000000139      35.958     216.786      23.479     0.87490     0.82419     1.19999     0.06900     0.00000       1.062
      518.021     122.088      -0.227    9999.990      15.725      40.000      40.000      70.000      70.005      -0.000
      518.021   17416.977      -0.081   14614.427    2009.866   22646.961      89.926       0.003      -0.046       0.052
      518.021    2033.402   22736.150     -89.926    1438.318       0.556      -0.032
      518.021       0.000  208790.000       0.000       0.000       0.000
      518.021       0.000       0.000       0.000       0.000       0.000
      518.021       0.000       1.000       0.000
      519.020      36.802      36.987    -149.519   23953.469      85.266     -82.357    232928.4  21133410.0   22723.963      85.009
      519.020 0.000000140      36.052     216.855      23.462     0.87490     0.82419     1.19999     0.06900     0.00000       1.062
      519.020     122.169      -0.224    9999.990      15.729      40.000      40.000      70.000      70.005      -0.000
      519.020   17407.645      -0.080   14606.587    1976.805   22637.643      88.661       0.003      -0.046       0.052
      519.020    2037.090   22723.963     -88.661    1442.087       0.557      -0.032
      519.020       0.000  208790.000       0.000       0.000       0.000
      519.020       0.000       0.000       0.000       0.000       0.000
      519.020       0.000       1.000       0.000
      520.020      36.807      36.992    -149.442   23941.305      85.343     -81.209    232846.6  21133322.0   22711.744      85.090
      520.020 0.000000140      36.145     216.924      23.446     0.87490     0.82419     1.19999     0.06900     0.00000       1.062
      520.020     122.250      -0.221    9999.990      15.732      40.000      40.000      70.000      70.005      -0.000
      520.020   17398.289      -0.078   14598.729    1943.739   22628.248      87.408       0.003      -0.046       0.052
      520.020    2040.777   22711.744     -87.408    1445.788       0.559      -0.032
      520.020       0.000  208790.000       0.000       0.000       0.000
      520.020       0.000       0.000       0.000       0.000       0.000
      520.020       0.000       1.000       0.000
      521.020      36.813      36.997    -149.366   23929.102      85.420     -80.076    232765.9  21133236.0   22699.494      85.172
      521.020 0.000000141      36.236     216.991      23.430     0.87490     0.82419     1.19999     0.06900     0.00000       1.062
      521.020     122.331      -0.218    9999.990      15.736      40.000      40.000      70.000      70.005      -0.000
      521.020   17388.902      -0.081   14590.854    1910.668   22618.773      86.169       0.003      -0.046       0.052
      521.020    2044.463   22699.492     -86.169    1449.419       0.560      -0.032
      521.020       0.000  208790.000       0.000       0.000       0.000
      521.020       0.000       0.000       0.000       0.000       0.000
      521.020       0.000       1.000       0.000
      522.020      36.818      37.003    -149.289   23916.871      85.497     -78.956    232686.3  21133150.0   22687.209      85.253
      522.020 0.000000141      36.325     217.057      23.413     0.87490     0.82419     1.19999     0.06900     0.00000       1.062
      522.020     122.413      -0.215    9999.990      15.740      40.000      40.000      70.000      70.005      -0.000
      522.020   17379.496      -0.080   14582.959    1877.593   22609.223      84.944       0.003      -0.046       0.052
      522.020    2048.149   22687.211     -84.944    1452.980       0.561      -0.032
      522.020       0.000  208790.000       0.000       0.000       0.000
      522.020       0.000       0.000       0.000       0.000       0.000
      522.020       0.000       1.000       0.000
      523.019      36.823      37.008    -149.212   23904.605      85.575     -77.850    232607.9  21133066.0   22674.893      85.334
      523.019 0.000000142      36.412     217.123      23.397     0.87490     0.82419     1.19999     0.06900     0.00000       1.062
      523.019     122.494      -0.212    9999.990      15.744      40.000      40.000      70.000      70.005      -0.000
      523.019   17370.062      -0.079   14575.036    1844.515   22599.592      83.734       0.003      -0.046       0.052
      523.019    2051.828   22674.893     -83.734    1456.474       0.563      -0.032
      523.019       0.000  208790.000       0.000       0.000       0.000
      523.019       0.000       0.000       0.000       0.000       0.000
      523.019       0.000       1.000       0.000
      524.019      36.828      37.013    -149.136   23892.311      85.652     -76.760    232530.5  21132982.0   22662.551      85.415
      524.019 0.000000142      36.495     217.187      23.381     0.87490     0.82419     1.19999     0.06900     0.00000       1.062
      524.019     122.575      -0.209    9999.990      15.747      40.000      40.000      70.000      70.005      -0.000
      524.019   17360.609      -0.079   14567.102    1811.437   22589.889      82.538       0.003      -0.046       0.053
      524.019    2055.506   22662.551     -82.538    1459.792       0.564      -0.032
      524.019       0.000  208790.000       0.000       0.000       0.000
      524.019       0.000       0.000       0.000       0.000       0.000
      524.019       0.000       1.000       0.000
      525.019      36.833      37.017    -149.059   23879.984      85.729     -75.684    232454.2  21132900.0   22650.174      85.497
      525.019 0.000000143      36.573     217.251      23.365     0.87490     0.82419     1.19999     0.06900     0.00000       1.062
      525.019     122.657      -0.206    9999.990      15.751      40.000      40.000      70.000      70.005      -0.000
      525.019   17351.129      -0.079   14559.144    1778.361   22580.105      81.357       0.004      -0.046       0.053
      525.019    2059.183   22650.174     -81.357    1462.907       0.565      -0.033
      525.019       0.000  208790.000       0.000       0.000       0.000
      525.019       0.000       0.000       0.000       0.000       0.000
      525.019       0.000       1.000       0.000
      526.019      36.837      37.022    -148.983   23867.629      85.807     -74.625    232379.1  21132820.0   22637.773      85.578
      526.019 0.000000143      36.649     217.314      23.349     0.87490     0.82419     1.19999     0.06900     0.00000       1.062
      526.019     122.738      -0.203    9999.990      15.754      40.000      40.000      70.000      70.005      -0.000
      526.019   17341.635      -0.078   14551.170    1745.287   22570.252      80.193       0.004      -0.046       0.053
      526.019    2062.857   22637.775     -80.193    1465.957       0.566      -0.033
      526.019       0.000  208790.000       0.000       0.000       0.000
      526.019       0.000       0.000       0.000       0.000       0.000
      526.019       0.000       1.000       0.000
      527.018      36.842      37.027    -148.906   23855.246      85.884     -73.583    232304.9  21132740.0   22625.340      85.660
      527.018 0.000000143      36.724     217.376      23.333     0.87490     0.82419     1.19999     0.06900     0.00000       1.062
      527.018     122.820      -0.200    9999.990      15.758      40.000      40.000      70.000      70.005      -0.000
      527.018   17332.109      -0.080   14543.176    1712.215   22560.320      79.045       0.004      -0.046       0.053
      527.018    2066.532   22625.340     -79.045    1468.944       0.568      -0.033
      527.018       0.000  208790.000       0.000       0.000       0.000
      527.018       0.000       0.000       0.000       0.000       0.000
      527.018       0.000       1.000       0.000
      528.018      36.847      37.032    -148.830   23842.836      85.962     -72.557    232231.8  21132662.0   22612.885      85.741
      528.018 0.000000144      36.797     217.437      23.316     0.87489     0.82419     1.19998     0.06900     0.00000       1.062
      528.018     122.901      -0.197    9999.990      15.761      40.000      40.000      70.000      70.005      -0.000
      528.018   17322.568      -0.079   14535.170    1679.147   22550.320      77.914       0.004      -0.046       0.053
      528.018    2070.201   22612.885     -77.914    1471.870       0.569      -0.033
      528.018       0.000  208790.000       0.000       0.000       0.000
      528.018       0.000       0.000       0.000       0.000       0.000
      528.018       0.000       1.000       0.000
      529.018      36.851      37.036    -148.754   23830.398      86.039     -71.548    232159.7  21132584.0   22600.400      85.823
      529.018 0.000000144      36.869     217.497      23.300     0.87489     0.82419     1.19998     0.06900     0.00000       1.062
      529.018     122.983      -0.195    9999.990      15.765      40.000      40.000      70.000      70.005      -0.000
      529.018   17313.006      -0.080   14527.143    1646.081   22540.244      76.800       0.004      -0.046       0.053
      529.018    2073.868   22600.398     -76.800    1474.732       0.570      -0.033
      529.018       0.000  208790.000       0.000       0.000       0.000
      529.018       0.000       0.000       0.000       0.000       0.000
      529.018       0.000       1.000       0.000
      530.018      36.856      37.041    -148.677   23817.936      86.117     -70.557    232088.6  21132508.0   22587.893      85.905
      530.018 0.000000145      36.939     217.556      23.284     0.87489     0.82419     1.19998     0.06900     0.00000       1.062
      530.018     123.065      -0.192    9999.990      15.768      40.000      40.000      70.000      70.005      -0.000
      530.018   17303.428      -0.079   14519.099    1613.022   22530.098      75.703       0.004      -0.046       0.053
      530.018    2077.534   22587.891     -75.703    1477.533       0.571      -0.033
      530.018       0.000  208790.000       0.000       0.000       0.000
      530.018       0.000       0.000       0.000       0.000       0.000
      530.018       0.000       1.000       0.000
      531.017      36.860      37.045    -148.601   23805.449      86.194     -69.583    232018.5  21132432.0   22575.359      85.987
      531.017 0.000000145      37.007     217.615      23.268     0.87489     0.82419     1.19998     0.06900     0.00000       1.062
      531.017     123.147      -0.189    9999.990      15.771      40.000      40.000      70.000      70.005      -0.000
      531.017   17293.828      -0.080   14511.045    1579.969   22519.881      74.624       0.004      -0.046       0.053
      531.017    2081.199   22575.361     -74.624    1480.274       0.572      -0.033
      531.017       0.000  208790.000       0.000       0.000       0.000
      531.017       0.000       0.000       0.000       0.000       0.000
      531.017       0.000       1.000       0.000
      532.017      36.864      37.049    -148.525   23792.936      86.272     -68.627    231949.3  21132358.0   22562.805      86.069
      532.017 0.000000146      37.074     217.673      23.252     0.87489     0.82419     1.19998     0.06900     0.00000       1.062
      532.017     123.228      -0.187    9999.990      15.775      40.000      40.000      70.000      70.005      -0.000
      532.017   17284.215      -0.079   14502.973    1546.925   22509.594      73.563       0.004      -0.046       0.053
      532.017    2084.861   22562.809     -73.563    1482.958       0.573      -0.033
      532.017       0.000  208790.000       0.000       0.000       0.000
      532.017       0.000       0.000       0.000       0.000       0.000
      532.017       0.000       1.000       0.000
      533.017      36.868      37.053    -148.448   23780.395      86.350     -67.689    231881.1  21132286.0   22550.221      86.151
      533.017 0.000000146      37.140     217.729      23.236     0.87489     0.82419     1.19998     0.06900     0.00000       1.062
      533.017     123.310      -0.184    9999.990      15.778      40.000      40.000      70.000      70.005      -0.000
      533.017   17274.572      -0.080   14494.879    1513.888   22499.229      72.520       0.004      -0.046       0.053
      533.017    2088.518   22550.219     -72.520    1485.578       0.574      -0.033
      533.017       0.000  208790.000       0.000       0.000       0.000
      533.017       0.000       0.000       0.000       0.000       0.000
      533.017       0.000       1.000       0.000
      534.017      36.872      37.057    -148.372   23767.830      86.428     -66.769    231813.8  21132214.0   22537.615      86.233
      534.017 0.000000146      37.204     217.786      23.220     0.87489     0.82419     1.19998     0.06900     0.00000       1.062
      534.017     123.392      -0.182    9999.990      15.781      40.000      40.000      70.000      70.005      -0.000
      534.017   17264.918      -0.080   14486.777    1480.855   22488.799      71.495       0.004      -0.046       0.053
      534.017    2092.175   22537.615     -71.495    1488.143       0.575      -0.033
      534.017       0.000  208790.000       0.000       0.000       0.000
      534.017       0.000       0.000       0.000       0.000       0.000
      534.017       0.000       1.000       0.000
      535.016      36.876      37.061    -148.296   23755.246      86.506     -65.868    231747.5  21132142.0   22524.992      86.315
      535.016 0.000000147      37.267     217.841      23.204     0.87489     0.82419     1.19998     0.06900     0.00000       1.062
      535.016     123.474      -0.179    9999.990      15.784      40.000      40.000      70.000      70.005      -0.000
      535.016   17255.252      -0.079   14478.657    1447.836   22478.301      70.489       0.004      -0.046       0.053
      535.016    2095.831   22524.992     -70.489    1490.652       0.576      -0.033
      535.016       0.000  208790.000       0.000       0.000       0.000
      535.016       0.000       0.000       0.000       0.000       0.000
      535.016       0.000       1.000       0.000
      536.016      36.880      37.065    -148.220   23742.635      86.584     -64.986    231682.0  21132072.0   22512.340      86.397
      536.016 0.000000147      37.328     217.896      23.188     0.87489     0.82419     1.19998     0.06900     0.00000       1.062
      536.016     123.556      -0.177    9999.990      15.787      40.000      40.000      70.000      70.005      -0.000
      536.016   17245.559      -0.081   14470.528    1414.832   22467.729      69.501       0.004      -0.046       0.053
      536.016    2099.486   22512.340     -69.501    1493.102       0.577      -0.033
      536.016       0.000  208790.000       0.000       0.000       0.000
      536.016       0.000       0.000       0.000       0.000       0.000
      536.016       0.000       1.000       0.000
      537.016      36.884      37.069    -148.144   23730.002      86.662     -64.123    231617.4  21132004.0   22499.666      86.479
      537.016 0.000000148      37.388     217.950      23.172     0.87489     0.82418     1.19998     0.06900     0.00000       1.062
      537.016     123.639      -0.175    9999.990      15.790      40.000      40.000      70.000      70.005      -0.000
      537.016   17235.854      -0.079   14462.377    1381.830   22457.088      68.533       0.004      -0.047       0.053
      537.016    2103.135   22499.666     -68.533    1495.500       0.578      -0.033
      537.016       0.000  208790.000       0.000       0.000       0.000
      537.016       0.000       0.000       0.000       0.000       0.000
      537.016       0.000       1.000       0.000
      538.016      36.888      37.073    -148.068   23717.348      86.740     -63.279    231553.7  21131936.0   22486.975      86.561
      538.016 0.000000148      37.446     218.003      23.156     0.87489     0.82418     1.19998     0.06900     0.00000       1.062
      538.016     123.721      -0.172    9999.990      15.793      40.000      40.000      70.000      70.005      -0.000
      538.016   17226.133      -0.077   14454.217    1348.845   22446.383      67.585       0.004      -0.047       0.053
      538.016    2106.781   22486.975     -67.585    1497.843       0.579      -0.033
      538.016       0.000  208790.000       0.000       0.000       0.000
      538.016       0.000       0.000       0.000       0.000       0.000
      538.016       0.000       1.000       0.000
      539.015      36.891      37.076    -147.992   23704.672      86.818     -62.455    231490.8  21131868.0   22474.260      86.643
      539.015 0.000000149      37.504     218.055      23.141     0.87489     0.82418     1.19998     0.06900     0.00000       1.062
      539.015     123.803      -0.170    9999.990      15.796      40.000      40.000      70.000      70.005      -0.000
      539.015   17216.391      -0.081   14446.044    1315.877   22435.605      66.655       0.004      -0.047       0.053
      539.015    2110.428   22474.258     -66.655    1500.133       0.580      -0.033
      539.015       0.000  208790.000       0.000       0.000       0.000
      539.015       0.000       0.000       0.000       0.000       0.000
      539.015       0.000       1.000       0.000
      540.015      36.895      37.080    -147.915   23691.973      86.896     -61.651    231428.7  21131802.0   22461.525      86.726
      540.015 0.000000149      37.560     218.107      23.125     0.87489     0.82418     1.19998     0.06900     0.00000       1.062
      540.015     123.885      -0.168    9999.990      15.799      40.000      40.000      70.000      70.005      -0.000
      540.015   17206.639      -0.078   14437.857    1282.910   22424.762      65.746       0.004      -0.046       0.053
      540.015    2114.074   22461.525     -65.746    1502.370       0.581      -0.033
      540.015       0.000  208790.000       0.000       0.000       0.000
      540.015       0.000       0.000       0.000       0.000       0.000
      540.015       0.000       1.000       0.000
      541.015      36.898      37.083    -147.839   23679.256      86.974     -60.867    231367.4  21131736.0   22448.775      86.808
      541.015 0.000000149      37.614     218.158      23.109     0.87489     0.82418     1.19998     0.06900     0.00000       1.062
      541.015     123.968      -0.166    9999.990      15.801      40.000      40.000      70.000      70.005      -0.000
      541.015   17196.871      -0.079   14429.659    1249.967   22413.854      64.857       0.004      -0.047       0.053
      541.015    2117.715   22448.773     -64.857    1504.558       0.581      -0.033
      541.015       0.000  208790.000       0.000       0.000       0.000
      541.015       0.000       0.000       0.000       0.000       0.000
      541.015       0.000       1.000       0.000
      542.015      36.902      37.087    -147.763   23666.516      87.052     -60.103    231306.8  21131672.0   22436.000      86.890
      542.015 0.000000150      37.668     218.209      23.093     0.87489     0.82418     1.19998     0.06900     0.00000       1.062
      542.015     124.050      -0.163    9999.990      15.804      40.000      40.000      70.000      70.005      -0.000
      542.015   17187.086      -0.078   14421.447    1217.035   22402.875      63.988       0.004      -0.046       0.053
      542.015    2121.353   22436.000     -63.988    1506.693       0.582      -0.033
      542.015       0.000  208790.000       0.000       0.000       0.000
      542.015       0.000       0.000       0.000       0.000       0.000
      542.015       0.000       1.000       0.000
      543.014      36.905      37.090    -147.688   23653.758      87.131     -59.360    231247.1  21131608.0   22423.207      86.973
      543.014 0.000000150      37.720     218.259      23.077     0.87489     0.82418     1.19998     0.06900     0.00000       1.062
      543.014     124.133      -0.161    9999.990      15.807      40.000      40.000      70.000      70.005      -0.000
      543.014   17177.291      -0.078   14413.221    1184.118   22391.830      63.140       0.005      -0.047       0.053
      543.014    2124.990   22423.207     -63.140    1508.783       0.583      -0.034
      543.014       0.000  208790.000       0.000       0.000       0.000
      543.014       0.000       0.000       0.000       0.000       0.000
      543.014       0.000       1.000       0.000
      544.014      36.908      37.093    -147.612   23640.979      87.209     -58.637    231188.0  21131546.0   22410.395      87.055
      544.014 0.000000150      37.771     218.308      23.061     0.87489     0.82418     1.19998     0.06900     0.00000       1.062
      544.014     124.215      -0.159    9999.990      15.809      40.000      40.000      70.000      70.005      -0.000
      544.014   17167.475      -0.078   14404.984    1151.221   22380.719      62.312       0.005      -0.047       0.053
      544.014    2128.628   22410.393     -62.312    1510.821       0.584      -0.034
      544.014       0.000  208790.000       0.000       0.000       0.000
      544.014       0.000       0.000       0.000       0.000       0.000
      544.014       0.000       1.000       0.000
      545.014      36.911      37.096    -147.536   23628.182      87.287     -57.935    231129.7  21131484.0   22397.564      87.138
      545.014 0.000000151      37.821     218.357      23.046     0.87489     0.82418     1.19998     0.06900     0.00000       1.062
      545.014     124.298      -0.157    9999.990      15.812      40.000      40.000      70.000      70.005      -0.000
      545.014   17157.645      -0.078   14396.737    1118.333   22369.543      61.506       0.005      -0.047       0.054
      545.014    2132.260   22397.562     -61.506    1512.818       0.585      -0.034
      545.014       0.000  208790.000       0.000       0.000       0.000
      545.014       0.000       0.000       0.000       0.000       0.000
      545.014       0.000       1.000       0.000
      546.014      36.914      37.099    -147.460   23615.365      87.365     -57.255    231072.1  21131422.0   22384.717      87.221
      546.014 0.000000151      37.870     218.405      23.030     0.87489     0.82418     1.19998     0.06900     0.00000       1.062
      546.014     124.380      -0.155    9999.990      15.814      40.000      40.000      70.000      70.005      -0.000
      546.014   17147.809      -0.079   14388.479    1085.472   22358.301      60.720       0.005      -0.047       0.054
      546.014    2135.888   22384.719     -60.720    1514.768       0.585      -0.034
      546.014       0.000  208790.000       0.000       0.000       0.000
      546.014       0.000       0.000       0.000       0.000       0.000
      546.014       0.000       1.000       0.000
      547.013      36.917      37.102    -147.384   23602.531      87.444     -56.595    231015.1  21131362.0   22371.854      87.303
      547.013 0.000000152      37.917     218.452      23.014     0.87489     0.82418     1.19998     0.06900     0.00000       1.062
      547.013     124.463      -0.154    9999.990      15.816      40.000      40.000      70.000      70.005      -0.000
      547.013   17137.951      -0.078   14380.209    1052.618   22346.996      59.956       0.005      -0.047       0.054
      547.013    2139.517   22371.852     -59.956    1516.676       0.586      -0.034
      547.013       0.000  208790.000       0.000       0.000       0.000
      547.013       0.000       0.000       0.000       0.000       0.000
      547.013       0.000       1.000       0.000
      548.013      36.920      37.105    -147.308   23589.678      87.522     -55.958    230958.8  21131302.0   22358.969      87.386
      548.013 0.000000152      37.964     218.499      22.998     0.87489     0.82418     1.19998     0.06900     0.00000       1.062
      548.013     124.545      -0.152    9999.990      15.819      40.000      40.000      70.000      70.005      -0.000
      548.013   17128.084      -0.079   14371.927    1019.793   22335.623      59.214       0.005      -0.046       0.054
      548.013    2143.145   22358.969     -59.214    1518.539       0.587      -0.034
      548.013       0.000  208790.000       0.000       0.000       0.000
      548.013       0.000       0.000       0.000       0.000       0.000
      548.013       0.000       1.000       0.000
      549.013      36.923      37.108    -147.233   23576.805      87.601     -55.341    230903.1  21131244.0   22346.068      87.469
      549.013 0.000000152      38.009     218.546      22.983     0.87489     0.82418     1.19998     0.06900     0.00000       1.062
      549.013     124.628      -0.150    9999.990      15.821      40.000      40.000      70.000      70.005      -0.000
      549.013   17118.205      -0.076   14363.632     986.978   22324.186      58.493       0.005      -0.047       0.054
      549.013    2146.768   22346.070     -58.493    1520.361       0.588      -0.034
      549.013       0.000  208790.000       0.000       0.000       0.000
      549.013       0.000       0.000       0.000       0.000       0.000
      549.013       0.000       1.000       0.000
      550.013      36.925      37.110    -147.157   23563.916      87.679     -54.747    230848.0  21131186.0   22333.150      87.551
      550.013 0.000000153      38.054     218.592      22.967     0.87489     0.82418     1.19998     0.06900     0.00000       1.062
      550.013     124.711      -0.148    9999.990      15.823      40.000      40.000      70.000      70.005      -0.000
      550.013   17108.311      -0.079   14355.327     954.190   22312.684      57.794       0.005      -0.047       0.054
      550.013    2150.388   22333.152     -57.794    1522.141       0.588      -0.034
      550.013       0.000  208790.000       0.000       0.000       0.000
      550.013       0.000       0.000       0.000       0.000       0.000
      550.013       0.000       1.000       0.000
      551.013      36.928      37.113    -147.081   23551.012      87.758     -54.175    230793.6  21131128.0   22320.221      87.634
      551.013 0.000000153      38.098     218.637      22.951     0.87489     0.82418     1.19998     0.06900     0.00000       1.062
      551.013     124.794      -0.147    9999.990      15.825      40.000      40.000      70.000      70.005      -0.000
      551.013   17098.408      -0.077   14347.014     921.418   22301.121      57.117       0.005      -0.047       0.054
      551.013    2154.009   22320.223     -57.117    1523.883       0.589      -0.034
      551.013       0.000  208790.000       0.000       0.000       0.000
      551.013       0.000       0.000       0.000       0.000       0.000
      551.013       0.000       1.000       0.000
      552.012      36.930      37.115    -147.006   23538.094      87.836     -53.625    230739.6  21131070.0   22307.279      87.717
      552.012 0.000000153      38.140     218.682      22.936     0.87489     0.82418     1.19998     0.06900     0.00000       1.062
      552.012     124.876      -0.145    9999.990      15.827      40.000      40.000      70.000      70.005      -0.000
      552.012   17088.494      -0.077   14338.694     888.668   22289.498      56.463       0.005      -0.047       0.054
      552.012    2157.627   22307.281     -56.463    1525.591       0.590      -0.034
      552.012       0.000  208790.000       0.000       0.000       0.000
      552.012       0.000       0.000       0.000       0.000       0.000
      552.012       0.000       1.000       0.000
      553.012      36.933      37.118    -146.930   23525.156      87.915     -53.097    230686.2  21131014.0   22294.318      87.800
      553.012 0.000000154      38.182     218.727      22.920     0.87489     0.82418     1.19998     0.06900     0.00000       1.062
      553.012     124.959      -0.143    9999.990      15.829      40.000      39.999      70.000      70.005      -0.000
      553.012   17078.566      -0.077   14330.360     855.946   22277.811      55.831       0.005      -0.047       0.054
      553.012    2161.240   22294.318     -55.831    1527.261       0.590      -0.034
      553.012       0.000  208790.000       0.000       0.000       0.000
      553.012       0.000       0.000       0.000       0.000       0.000
      553.012       0.000       1.000       0.000
      554.012      36.935      37.120    -146.854   23512.201      87.993     -52.592    230633.4  21130960.0   22281.338      87.883
      554.012 0.000000154      38.223     218.771      22.904     0.87489     0.82418     1.19998     0.06900     0.00000       1.062
      554.012     125.042      -0.142    9999.990      15.831      40.000      40.000      70.000      70.005      -0.000
      554.012   17068.619      -0.078   14322.021     823.234   22266.057      55.221       0.005      -0.047       0.054
      554.012    2164.851   22281.338     -55.221    1528.897       0.591      -0.034
      554.012       0.000  208790.000       0.000       0.000       0.000
      554.012       0.000       0.000       0.000       0.000       0.000
      554.012       0.000       1.000       0.000
      555.012      36.937      37.122    -146.779   23499.234      88.072     -52.109    230581.0  21130904.0   22268.346      87.965
      555.012 0.000000154      38.263     218.815      22.889     0.87489     0.82418     1.19998     0.06900     0.00000       1.062
      555.012     125.125      -0.141    9999.990      15.833      40.000      39.999      70.000      70.005      -0.000
      555.012   17058.668      -0.078   14313.667     790.556   22254.242      54.634       0.005      -0.047       0.054
      555.012    2168.463   22268.346     -54.634    1530.494       0.591      -0.034
      555.012       0.000  208790.000       0.000       0.000       0.000
      555.012       0.000       0.000       0.000       0.000       0.000
      555.012       0.000       1.000       0.000
      556.011      36.939      37.124    -146.703   23486.252      88.151     -51.650    230529.1  21130850.0   22255.344      88.048
      556.011 0.000000155      38.302     218.858      22.873     0.87489     0.82418     1.19998     0.06900     0.00000       1.062
      556.011     125.208      -0.139    9999.990      15.834      40.000      39.999      70.000      70.005      -0.000
      556.011   17048.709      -0.078   14305.308     757.892   22242.369      54.070       0.005      -0.047       0.054
      556.011    2172.070   22255.344     -54.070    1532.067       0.592      -0.034
      556.011       0.000  208790.000       0.000       0.000       0.000
      556.011       0.000       0.000       0.000       0.000       0.000
      556.011       0.000       1.000       0.000
      557.011      36.941      37.126    -146.628   23473.254      88.229     -51.213    230477.6  21130796.0   22242.326      88.131
      557.011 0.000000155      38.341     218.901      22.857     0.87489     0.82418     1.19998     0.06900     0.00000       1.062
      557.011     125.291      -0.138    9999.990      15.836      40.000      39.999      70.000      70.005      -0.000
      557.011   17038.736      -0.078   14296.938     725.253   22230.434      53.529       0.005      -0.047       0.054
      557.011    2175.675   22242.324     -53.529    1533.607       0.593      -0.034
      557.011       0.000  208790.000       0.000       0.000       0.000
      557.011       0.000       0.000       0.000       0.000       0.000
      557.011       0.000       1.000       0.000
      558.011      36.943      37.128    -146.553   23460.240      88.308     -50.799    230426.6  21130742.0   22229.297      88.214
      558.011 0.000000155      38.378     218.944      22.842     0.87489     0.82418     1.19998     0.06900     0.00000       1.062
      558.011     125.374      -0.137    9999.990      15.838      40.000      39.999      70.000      70.005      -0.000
      558.011   17028.756      -0.078   14288.562     692.648   22218.438      53.011       0.005      -0.046       0.054
      558.011    2179.279   22229.295     -53.011    1535.116       0.593      -0.034
      558.011       0.000  208790.000       0.000       0.000       0.000
      558.011       0.000       0.000       0.000       0.000       0.000
      558.011       0.000       1.000       0.000
      559.011      36.945      37.130    -146.477   23447.213      88.387     -50.408    230376.0  21130690.0   22216.246      88.297
      559.011 0.000000156      38.415     218.986      22.826     0.87489     0.82418     1.19998     0.06900     0.00000       1.062
      559.011     125.457      -0.135    9999.990      15.839      40.000      39.999      70.000      70.005      -0.000
      559.011   17018.764      -0.077   14280.173     660.052   22206.377      52.516       0.005      -0.047       0.054
      559.011    2182.881   22216.248     -52.516    1536.599       0.594      -0.034
      559.011       0.000  208790.000       0.000       0.000       0.000
      559.011       0.000       0.000       0.000       0.000       0.000
      559.011       0.000       1.000       0.000
      560.010      36.947      37.132    -146.402   23434.172      88.466     -50.041    230325.7  21130638.0   22203.188      88.381
      560.010 0.000000156      38.452     219.028      22.811     0.87489     0.82418     1.19998     0.06900     0.00000       1.062
      560.010     125.540      -0.134    9999.990      15.840      40.000      39.999      70.000      70.005      -0.000
      560.010   17008.760      -0.078   14271.779     627.487   22194.260      52.045       0.005      -0.046       0.054
      560.010    2186.478   22203.189     -52.045    1538.055       0.594      -0.034
      560.010       0.000  208790.000       0.000       0.000       0.000
      560.010       0.000       0.000       0.000       0.000       0.000
      560.010       0.000       1.000       0.000
      561.010      36.949      37.134    -146.327   23421.117      88.544     -49.697    230275.8  21130586.0   22190.115      88.464
      561.010 0.000000156      38.488     219.070      22.795     0.87489     0.82418     1.19998     0.06900     0.00000       1.062
      561.010     125.623      -0.133    9999.990      15.842      40.000      39.999      70.000      70.005      -0.000
      561.010   16998.746      -0.078   14263.377     594.957   22182.078      51.597       0.005      -0.046       0.054
      561.010    2190.073   22190.117     -51.597    1539.488       0.595      -0.034
      561.010       0.000  208790.000       0.000       0.000       0.000
      561.010       0.000       0.000       0.000       0.000       0.000
      561.010       0.000       1.000       0.000
      562.010      36.950      37.135    -146.251   23408.051      88.623     -49.376    230226.3  21130534.0   22177.033      88.547
      562.010 0.000000157      38.523     219.111      22.779     0.87489     0.82418     1.19998     0.06900     0.00000       1.062
      562.010     125.706      -0.132    9999.990      15.843      40.000      39.999      70.000      70.005      -0.000
      562.010   16988.727      -0.078   14254.966     562.438   22169.842      51.173       0.005      -0.047       0.054
      562.010    2193.669   22177.035     -51.173    1540.896       0.596      -0.034
      562.010       0.000  208790.000       0.000       0.000       0.000
      562.010       0.000       0.000       0.000       0.000       0.000
      562.010       0.000       1.000       0.000
      563.010      36.952      37.137    -146.176   23394.969      88.702     -49.080    230177.0  21130484.0   22163.936      88.630
      563.010 0.000000157      38.558     219.152      22.764     0.87489     0.82418     1.19998     0.06900     0.00000       1.062
      563.010     125.789      -0.131    9999.990      15.844      40.000      39.999      70.000      70.005      -0.000
      563.010   16978.693      -0.079   14246.549     529.949   22157.541      50.772       0.005      -0.046       0.055
      563.010    2197.261   22163.939     -50.772    1542.283       0.596      -0.034
      563.010       0.000  208790.000       0.000       0.000       0.000
      563.010       0.000       0.000       0.000       0.000       0.000
      563.010       0.000       1.000       0.000
      564.009      36.953      37.138    -146.101   23381.875      88.781     -48.806    230128.1  21130432.0   22150.828      88.713
      564.009 0.000000157      38.592     219.193      22.748     0.87489     0.82418     1.19998     0.06900     0.00000       1.062
      564.009     125.873      -0.130    9999.990      15.845      40.000      39.999      70.000      70.005      -0.000
      564.009   16968.656      -0.076   14238.117     497.494   22145.184      50.395       0.005      -0.047       0.055
      564.009    2200.849   22150.830     -50.395    1543.648       0.597      -0.034
      564.009       0.000  208790.000       0.000       0.000       0.000
      564.009       0.000       0.000       0.000       0.000       0.000
      564.009       0.000       1.000       0.000
      565.009      36.954      37.139    -146.026   23368.768      88.860     -48.557    230079.4  21130382.0   22137.709      88.796
      565.009 0.000000158      38.625     219.234      22.733     0.87489     0.82418     1.19998     0.06900     0.00000       1.062
      565.009     125.956      -0.130    9999.990      15.846      40.000      39.999      70.000      70.005      -0.000
      565.009   16958.605      -0.076   14229.684     465.063   22132.766      50.042       0.005      -0.047       0.055
      565.009    2204.437   22137.711     -50.042    1544.996       0.597      -0.034
      565.009       0.000  208790.000       0.000       0.000       0.000
      565.009       0.000       0.000       0.000       0.000       0.000
      565.009       0.000       1.000       0.000
      566.009      36.955      37.141    -145.951   23355.645      88.939     -48.331    230031.0  21130332.0   22124.572      88.879
      566.009 0.000000158      38.659     219.274      22.717     0.87489     0.82418     1.19998     0.06900     0.00000       1.062
      566.009     126.039      -0.129    9999.990      15.847      40.000      39.999      70.000      70.005      -0.000
      566.009   16948.541      -0.078   14221.242     432.651   22120.287      49.713       0.005      -0.046       0.055
      566.009    2208.023   22124.574     -49.713    1546.325       0.598      -0.034
      566.009       0.000  208790.000       0.000       0.000       0.000
      566.009       0.000       0.000       0.000       0.000       0.000
      566.009       0.000       1.000       0.000
      567.009      36.957      37.142    -145.876   23342.512      89.017     -48.129    229982.7  21130284.0   22111.430      88.963
      567.009 0.000000158      38.692     219.314      22.702     0.87489     0.82418     1.19998     0.06900     0.00000       1.062
      567.009     126.122      -0.128    9999.990      15.848      40.000      39.999      70.000      70.005      -0.000
      567.009   16938.473      -0.079   14212.794     400.273   22107.752      49.408       0.005      -0.046       0.055
      567.009    2211.604   22111.430     -49.408    1547.640       0.598      -0.034
      567.009       0.000  208790.000       0.000       0.000       0.000
      567.009       0.000       0.000       0.000       0.000       0.000
      567.009       0.000       1.000       0.000
      568.008      36.958      37.143    -145.801   23329.369      89.096     -47.952    229934.7  21130234.0   22098.275      89.046
      568.008 0.000000159      38.724     219.354      22.686     0.87489     0.82418     1.19998     0.06900     0.00000       1.062
      568.008     126.206      -0.127    9999.990      15.849      40.000      39.999      70.000      70.005      -0.000
      568.008   16928.398      -0.079   14204.338     367.931   22095.158      49.127       0.005      -0.046       0.055
      568.008    2215.184   22098.277     -49.127    1548.941       0.599      -0.034
      568.008       0.000  208790.000       0.000       0.000       0.000
      568.008       0.000       0.000       0.000       0.000       0.000
      568.008       0.000       1.000       0.000
      569.008      36.959      37.144    -145.726   23316.209      89.175     -47.798    229886.8  21130184.0   22085.111      89.129
      569.008 0.000000159      38.756     219.394      22.670     0.87489     0.82418     1.19998     0.06900     0.00000       1.062
      569.008     126.289      -0.127    9999.990      15.850      40.000      39.999      70.000      70.005      -0.000
      569.008   16918.314      -0.077   14195.870     335.607   22082.506      48.870       0.006      -0.046       0.055
      569.008    2218.763   22085.111     -48.870    1550.227       0.599      -0.034
      569.008       0.000  208790.000       0.000       0.000       0.000
      569.008       0.000       0.000       0.000       0.000       0.000
      569.008       0.000       1.000       0.000
      570.008      36.959      37.145    -145.651   23303.041      89.254     -47.668    229839.0  21130136.0   22071.932      89.213
      570.008 0.000000159      38.788     219.434      22.655     0.87489     0.82418     1.19998     0.06900     0.00000       1.062
      570.008     126.372      -0.126    9999.990      15.851      40.000      39.999      70.000      70.005      -0.000
      570.008   16908.221      -0.077   14187.399     303.307   22069.795      48.637       0.006      -0.046       0.055
      570.008    2222.338   22071.934     -48.637    1551.506       0.600      -0.034
      570.008       0.000  208790.000       0.000       0.000       0.000
      570.008       0.000       0.000       0.000       0.000       0.000
      570.008       0.000       1.000       0.000
      571.008      36.960      37.145    -145.576   23289.859      89.333     -47.563    229791.4  21130088.0   22058.746      89.296
      571.008 0.000000160      38.820     219.474      22.639     0.87489     0.82418     1.19998     0.06900     0.00000       1.062
      571.008     126.456      -0.126    9999.990      15.851      40.000      39.999      70.000      70.005      -0.000
      571.008   16898.115      -0.078   14178.927     271.043   22057.027      48.429       0.006      -0.046       0.055
      571.008    2225.909   22058.746     -48.429    1552.775       0.600      -0.035
      571.008       0.000  208790.000       0.000       0.000       0.000
      571.008       0.000       0.000       0.000       0.000       0.000
      571.008       0.000       1.000       0.000
      572.007      36.961      37.146    -145.501   23276.666      89.412     -47.482    229743.9  21130040.0   22045.545      89.379
      572.007 0.000000160      38.851     219.514      22.624     0.87489     0.82418     1.19998     0.06900     0.00000       1.062
      572.007     126.539      -0.125    9999.990      15.852      40.000      39.999      70.000      70.005      -0.000
      572.007   16888.006      -0.078   14170.438     238.815   22044.199      48.244       0.006      -0.046       0.055
      572.007    2229.482   22045.545     -48.244    1554.034       0.601      -0.035
      572.007       0.000  208790.000       0.000       0.000       0.000
      572.007       0.000       0.000       0.000       0.000       0.000
      572.007       0.000       1.000       0.000
      573.007      36.962      37.147    -145.426   23263.463      89.491     -47.424    229696.5  21129990.0   22032.338      89.463
      573.007 0.000000160      38.883     219.553      22.608     0.87489     0.82418     1.19998     0.06900     0.00000       1.062
      573.007     126.622      -0.125    9999.990      15.852      40.000      39.999      70.000      70.005      -0.000
      573.007   16877.891      -0.075   14161.944     206.615   22031.316      48.084       0.006      -0.046       0.055
      573.007    2233.051   22032.338     -48.084    1555.286       0.601      -0.035
      573.007       0.000  208790.000       0.000       0.000       0.000
      573.007       0.000       0.000       0.000       0.000       0.000
      573.007       0.000       1.000       0.000
      574.007      36.962      37.147    -145.352   23250.244      89.570     -47.391    229649.1  21129942.0   22019.117      89.546
      574.007 0.000000161      38.914     219.593      22.592     0.87489     0.82418     1.19998     0.06900     0.00000       1.062
      574.007     126.706      -0.125    9999.990      15.852      40.000      39.999      70.000      70.005      -0.000
      574.007   16867.762      -0.077   14153.448     174.430   22018.373      47.949       0.006      -0.046       0.055
      574.007    2236.615   22019.115     -47.949    1556.535       0.602      -0.035
      574.007       0.000  208790.000       0.000       0.000       0.000
      574.007       0.000       0.000       0.000       0.000       0.000
      574.007       0.000       1.000       0.000
      575.007      36.963      37.148    -145.277   23237.012      89.649     -47.383    229601.7  21129896.0   22005.885      89.630
      575.007 0.000000161      38.945     219.632      22.577     0.87489     0.82418     1.19998     0.06900     0.00000       1.062
      575.007     126.789      -0.125    9999.990      15.853      40.000      39.999      70.000      70.005      -0.000
      575.007   16857.625      -0.077   14144.940     142.282   22005.371      47.837       0.006      -0.046       0.055
      575.007    2240.180   22005.883     -47.837    1557.782       0.602      -0.035
      575.007       0.000  208790.000       0.000       0.000       0.000
      575.007       0.000       0.000       0.000       0.000       0.000
      575.007       0.000       1.000       0.000
      576.006      36.963      37.148    -145.202   23223.773      89.728     -47.398    229554.3  21129848.0   21992.639      89.713
      576.006 0.000000161      38.976     219.672      22.561     0.87489     0.82418     1.19998     0.06900     0.00000       1.062
      576.006     126.872      -0.124    9999.990      15.853      40.000      39.999      70.000      70.005      -0.000
      576.006   16847.482      -0.076   14136.430     110.170   21992.312      47.750       0.006      -0.046       0.055
      576.006    2243.742   21992.643     -47.750    1559.025       0.603      -0.035
      576.006       0.000  208790.000       0.000       0.000       0.000
      576.006       0.000       0.000       0.000       0.000       0.000
      576.006       0.000       1.000       0.000
      577.006      36.963      37.148    -145.128   23210.520      89.807     -47.438    229506.9  21129800.0   21979.387      89.796
      577.006 0.000000161      39.007     219.712      22.546     0.87489     0.82418     1.19998     0.06900     0.00000       1.062
      577.006     126.956      -0.124    9999.990      15.853      40.000      39.999      70.000      70.005      -0.000
      577.006   16837.330      -0.076   14127.908      78.095   21979.197      47.688       0.006      -0.046       0.055
      577.006    2247.299   21979.387     -47.688    1560.269       0.603      -0.035
      577.006       0.000  208790.000       0.000       0.000       0.000
      577.006       0.000       0.000       0.000       0.000       0.000
      577.006       0.000       1.000       0.000
      578.006      36.963      37.148    -145.053   23197.256      89.886     -47.502    229459.4  21129752.0   21966.125      89.880
      578.006 0.000000162      39.038     219.751      22.530     0.87489     0.82418     1.19998     0.06900     0.00000       1.062
      578.006     127.039      -0.124    9999.990      15.853      40.000      39.999      70.000      70.005      -0.000
      578.006   16827.174      -0.077   14119.382      46.036   21966.025      47.649       0.006      -0.046       0.055
      578.006    2250.858   21966.127     -47.649    1561.517       0.603      -0.035
      578.006       0.000  208790.000       0.000       0.000       0.000
      578.006       0.000       0.000       0.000       0.000       0.000
      578.006       0.000       1.000       0.000
      579.006      36.963      37.148    -144.979   23183.979      89.965     -47.591    229411.9  21129704.0   21952.854      89.963
      579.006 0.000000162      39.070     219.791      22.514     0.87489     0.82418     1.19998     0.06900     0.00000       1.062
      579.006     127.123      -0.124    9999.990      15.853      40.000      39.999      70.000      70.005      -0.000
      579.006   16817.006      -0.074   14110.848      14.006   21952.797      47.636       0.006      -0.046       0.056
      579.006    2254.413   21952.852     -47.636    1562.766       0.604      -0.035
      579.006       0.000  208790.000       0.000       0.000       0.000
      579.006       0.000       0.000       0.000       0.000       0.000
      579.006       0.000       1.000       0.000
      580.005      36.963      37.148    -144.904   23170.695      90.044     -47.703    229364.2  21129656.0   21939.570      90.047
      580.005 0.000000162      39.101     219.831      22.499     0.87489     0.82418     1.19998     0.06900     0.00000       1.062
      580.005     127.206      -0.124    9999.990      15.853      40.000      39.999      70.000      70.005      -0.000
      580.005   16806.828      -0.076   14102.311     -17.988   21939.510      47.646       0.006      -0.046       0.056
      580.005    2257.964   21939.568     -47.646    1564.022       0.604      -0.035
      580.005       0.000  208790.000       0.000       0.000       0.000
      580.005       0.000       0.000       0.000       0.000       0.000
      580.005       0.000       1.000       0.000
      581.005      36.963      37.148    -144.830   23157.395      90.124     -47.840    229316.5  21129608.0   21926.273      90.131
      581.005 0.000000163      39.133     219.871      22.483     0.87489     0.82418     1.19998     0.06900     0.00000       1.062
      581.005     127.290      -0.125    9999.990      15.853      40.000      39.999      70.000      70.005      -0.000
      581.005   16796.646      -0.075   14093.763     -49.945   21926.164      47.681       0.006      -0.046       0.056
      581.005    2261.514   21926.273     -47.681    1565.284       0.605      -0.035
      581.005       0.000  208790.000       0.000       0.000       0.000
      581.005       0.000       0.000       0.000       0.000       0.000
      581.005       0.000       1.000       0.000
      582.005      36.963      37.148    -144.755   23144.082      90.203     -48.001    229268.6  21129562.0   21912.967      90.214
      582.005 0.000000163      39.164     219.911      22.467     0.87489     0.82418     1.19998     0.06900     0.00000       1.062
      582.005     127.374      -0.125    9999.990      15.852      40.000      39.999      70.000      70.005      -0.000
      582.005   16786.451      -0.078   14085.211     -81.865   21912.762      47.740       0.006      -0.046       0.056
      582.005    2265.062   21912.967     -47.740    1566.549       0.605      -0.035
      582.005       0.000  208790.000       0.000       0.000       0.000
      582.005       0.000       0.000       0.000       0.000       0.000
      582.005       0.000       1.000       0.000
      583.005      36.963      37.148    -144.681   23130.762      90.282     -48.187    229220.5  21129514.0   21899.654      90.298
      583.005 0.000000163      39.196     219.951      22.452     0.87489     0.82418     1.19998     0.06900     0.00000       1.062
      583.005     127.457      -0.125    9999.990      15.852      40.000      39.999      70.000      70.005      -0.000
      583.005   16776.254      -0.077   14076.650    -113.773   21899.305      47.823       0.006      -0.046       0.056
      583.005    2268.606   21899.652     -47.823    1567.830       0.606      -0.035
      583.005       0.000  208790.000       0.000       0.000       0.000
      583.005       0.000       0.000       0.000       0.000       0.000
      583.005       0.000       1.000       0.000
      584.004      36.963      37.148    -144.607   23117.432      90.361     -48.396    229172.2  21129466.0   21886.326      90.381
      584.004 0.000000164      39.229     219.991      22.436     0.87489     0.82418     1.19998     0.06900     0.00000       1.062
      584.004     127.541      -0.125    9999.990      15.852      40.000      39.999      70.000      70.005      -0.000
      584.004   16766.045      -0.078   14068.085    -145.647   21885.789      47.931       0.006      -0.046       0.056
      584.004    2272.148   21886.326     -47.931    1569.120       0.606      -0.035
      584.004       0.000  208790.000       0.000       0.000       0.000
      584.004       0.000       0.000       0.000       0.000       0.000
      584.004       0.000       1.000       0.000
      585.004      36.962      37.147    -144.532   23104.084      90.440     -48.630    229123.7  21129418.0   21872.988      90.465
      585.004 0.000000164      39.261     220.032      22.420     0.87489     0.82418     1.19998     0.06900     0.00000       1.062
      585.004     127.624      -0.126    9999.990      15.851      40.000      39.999      70.000      70.005      -0.000
      585.004   16755.828      -0.078   14059.512    -177.484   21872.215      48.063       0.006      -0.046       0.056
      585.004    2275.690   21872.988     -48.063    1570.423       0.607      -0.035
      585.004       0.000  208790.000       0.000       0.000       0.000
      585.004       0.000       0.000       0.000       0.000       0.000
      585.004       0.000       1.000       0.000
      586.004      36.962      37.147    -144.458   23090.727      90.519     -48.887    229075.0  21129370.0   21859.639      90.549
      586.004 0.000000164      39.294     220.072      22.404     0.87489     0.82418     1.19998     0.06900     0.00000       1.062
      586.004     127.708      -0.126    9999.990      15.850      40.000      39.999      70.000      70.005      -0.000
      586.004   16745.604      -0.077   14050.930    -209.283   21858.584      48.219       0.006      -0.046       0.056
      586.004    2279.227   21859.639     -48.219    1571.738       0.607      -0.035
      586.004       0.000  208790.000       0.000       0.000       0.000
      586.004       0.000       0.000       0.000       0.000       0.000
      586.004       0.000       1.000       0.000
      587.004      36.961      37.146    -144.384   23077.355      90.598     -49.169    229025.9  21129322.0   21846.281      90.632
      587.004 0.000000165      39.327     220.113      22.389     0.87489     0.82418     1.19998     0.06900     0.00000       1.062
      587.004     127.792      -0.127    9999.990      15.850      40.000      39.999      70.000      70.005      -0.000
      587.004   16735.373      -0.075   14042.342    -241.047   21844.898      48.399       0.006      -0.046       0.056
      587.004    2282.763   21846.283     -48.399    1573.074       0.608      -0.035
      587.004       0.000  208790.000       0.000       0.000       0.000
      587.004       0.000       0.000       0.000       0.000       0.000
      587.004       0.000       1.000       0.000
      588.003      36.960      37.145    -144.310   23063.975      90.678     -49.474    228976.6  21129272.0   21832.914      90.716
      588.003 0.000000165      39.361     220.154      22.373     0.87489     0.82418     1.19998     0.06900     0.00000       1.062
      588.003     127.875      -0.128    9999.990      15.849      40.000      39.999      70.000      70.005      -0.000
      588.003   16725.133      -0.075   14033.746    -272.799   21831.154      48.603       0.006      -0.046       0.056
      588.003    2286.297   21832.914     -48.603    1574.427       0.608      -0.035
      588.003       0.000  208790.000       0.000       0.000       0.000
      588.003       0.000       0.000       0.000       0.000       0.000
      588.003       0.000       1.000       0.000
      589.003      36.959      37.145    -144.236   23050.582      90.757     -49.804    228927.0  21129224.0   21819.533      90.800
      589.003 0.000000165      39.396     220.196      22.357     0.87489     0.82418     1.19998     0.06900     0.00000       1.062
      589.003     127.959      -0.128    9999.990      15.848      40.000      39.999      70.000      70.005      -0.000
      589.003   16714.883      -0.076   14025.146    -304.513   21817.354      48.831       0.006      -0.046       0.056
      589.003    2289.827   21819.533     -48.831    1575.797       0.609      -0.035
      589.003       0.000  208790.000       0.000       0.000       0.000
      589.003       0.000       0.000       0.000       0.000       0.000
      589.003       0.000       1.000       0.000
      590.003      36.959      37.144    -144.162   23037.176      90.836     -50.157    228877.0  21129176.0   21806.139      90.883
      590.003 0.000000166      39.430     220.238      22.341     0.87489     0.82418     1.19998     0.06900     0.00000       1.062
      590.003     128.043      -0.129    9999.990      15.847      40.000      39.999      70.000      70.005      -0.000
      590.003   16704.623      -0.077   14016.537    -336.189   21803.492      49.083       0.006      -0.046       0.056
      590.003    2293.356   21806.139     -49.083    1577.191       0.610      -0.035
      590.003       0.000  208790.000       0.000       0.000       0.000
      590.003       0.000       0.000       0.000       0.000       0.000
      590.003       0.000       1.000       0.000
      591.003      36.958      37.143    -144.088   23023.754      90.915     -50.534    228826.7  21129126.0   21792.734      90.967
      591.003 0.000000166      39.466     220.279      22.325     0.87489     0.82418     1.19998     0.06900     0.00000       1.062
      591.003     128.127      -0.130    9999.990      15.846      40.000      39.999      70.000      70.005      -0.000
      591.003   16694.357      -0.075   14007.918    -367.827   21789.574      49.359       0.006      -0.046       0.056
      591.003    2296.882   21792.736     -49.359    1578.604       0.610      -0.035
      591.003       0.000  208790.000       0.000       0.000       0.000
      591.003       0.000       0.000       0.000       0.000       0.000
      591.003       0.000       1.000       0.000
      592.003      36.957      37.142    -144.014   23010.326      90.995     -50.934    228776.0  21129076.0   21779.322      91.051
      592.003 0.000000167      39.502     220.322      22.309     0.87489     0.82418     1.19997     0.06900     0.00000       1.062
      592.003     128.210      -0.131    9999.990      15.845      40.000      39.999      70.000      70.005      -0.000
      592.003   16684.080      -0.075   13999.296    -399.441   21775.602      49.658       0.006      -0.046       0.056
      592.003    2300.405   21779.320     -49.658    1580.043       0.611      -0.035
      592.003       0.000  208790.000       0.000       0.000       0.000
      592.003       0.000       0.000       0.000       0.000       0.000
      592.003       0.000       1.000       0.000
      593.002      36.956      37.141    -143.940   22996.881      91.074     -51.358    228724.9  21129026.0   21765.893      91.135
      593.002 0.000000167      39.538     220.365      22.293     0.87489     0.82418     1.19997     0.06900     0.00000       1.062
      593.002     128.294      -0.132    9999.990      15.844      40.000      39.999      70.000      70.005      -0.000
      593.002   16673.795      -0.076   13990.664    -431.031   21761.568      49.981       0.006      -0.046       0.056
      593.002    2303.927   21765.893     -49.981    1581.507       0.611      -0.035
      593.002       0.000  208790.000       0.000       0.000       0.000
      593.002       0.000       0.000       0.000       0.000       0.000
      593.002       0.000       1.000       0.000
      594.002      36.954      37.139    -143.866   22983.424      91.153     -51.806    228673.4  21128976.0   21752.457      91.219
      594.002 0.000000167      39.576     220.408      22.278     0.87489     0.82418     1.19997     0.06900     0.00000       1.062
      594.002     128.378      -0.133    9999.990      15.843      40.000      39.999      70.000      70.005      -0.000
      594.002   16663.502      -0.075   13982.025    -462.582   21747.479      50.328       0.006      -0.046       0.056
      594.002    2307.446   21752.455     -50.328    1583.001       0.612      -0.035
      594.002       0.000  208790.000       0.000       0.000       0.000
      594.002       0.000       0.000       0.000       0.000       0.000
      594.002       0.000       1.000       0.000
      595.002      36.953      37.138    -143.793   22969.953      91.233     -52.277    228621.3  21128926.0   21739.002      91.302
      595.002 0.000000168      39.614     220.451      22.262     0.87489     0.82418     1.19997     0.06900     0.00000       1.062
      595.002     128.462      -0.134    9999.990      15.841      40.000      39.999      70.000      70.005      -0.000
      595.002   16653.197      -0.078   13973.378    -494.095   21733.328      50.698       0.006      -0.046       0.057
      595.002    2310.963   21739.004     -50.698    1584.521       0.612      -0.035
      595.002       0.000  208790.000       0.000       0.000       0.000
      595.002       0.000       0.000       0.000       0.000       0.000
      595.002       0.000       1.000       0.000
      596.002      36.952      37.137    -143.719   22956.471      91.312     -52.771    228568.9  21128876.0   21725.541      91.386
      596.002 0.000000168      39.652     220.495      22.246     0.87489     0.82418     1.19997     0.06900     0.00000       1.062
      596.002     128.546      -0.135    9999.990      15.840      40.000      39.999      70.000      70.005      -0.000
      596.002   16642.889      -0.076   13964.722    -525.577   21719.123      51.092       0.006      -0.046       0.057
      596.002    2314.478   21725.541     -51.092    1586.072       0.613      -0.035
      596.002       0.000  208790.000       0.000       0.000       0.000
      596.002       0.000       0.000       0.000       0.000       0.000
      596.002       0.000       1.000       0.000
      597.001      36.950      37.135    -143.645   22942.975      91.391     -53.288    228515.9  21128824.0   21712.066      91.470
      597.001 0.000000168      39.692     220.539      22.230     0.87489     0.82418     1.19997     0.06900     0.00000       1.062
      597.001     128.630      -0.136    9999.990      15.838      40.000      39.999      70.000      70.005      -0.000
      597.001   16632.562      -0.076   13956.060    -557.040   21704.859      51.509       0.006      -0.046       0.057
      597.001    2317.988   21712.064     -51.509    1587.657       0.614      -0.035
      597.001       0.000  208790.000       0.000       0.000       0.000
      597.001       0.000       0.000       0.000       0.000       0.000
      597.001       0.000       1.000       0.000
      598.001      36.949      37.134    -143.571   22929.461      91.471     -53.828    228462.3  21128772.0   21698.576      91.554
      598.001 0.000000169      39.733     220.584      22.213     0.87489     0.82418     1.19997     0.06900     0.00000       1.062
      598.001     128.714      -0.137    9999.990      15.837      40.000      39.999      70.000      70.005      -0.000
      598.001   16622.232      -0.075   13947.388    -588.464   21690.533      51.949       0.006      -0.046       0.057
      598.001    2321.498   21698.576     -51.949    1589.275       0.614      -0.035
      598.001       0.000  208790.000       0.000       0.000       0.000
      598.001       0.000       0.000       0.000       0.000       0.000
      598.001       0.000       1.000       0.000
      599.001      36.947      37.132    -143.498   22915.934      91.550     -54.392    228408.2  21128720.0   21685.072      91.638
      599.001 0.000000169      39.774     220.629      22.197     0.87489     0.82418     1.19997     0.06900     0.00000       1.062
      599.001     128.797      -0.138    9999.990      15.836      40.000      39.999      69.999      70.004      -0.000
      599.001   16611.889      -0.076   13938.706    -619.849   21676.148      52.412       0.006      -0.056       0.048
      599.001    2325.005   21685.072     -52.412    1590.928       0.615      -0.035
      599.001       0.000  208790.000       0.000       0.000       0.000
      599.001       0.000       0.000       0.000       0.000       0.000
      599.001       0.000       1.000       0.000
      600.001      36.945      37.130    -143.424   22902.391      91.629     -54.821    228353.7  21128668.0   21671.557      91.722
      600.001 0.000000170      39.816     220.675      22.181     0.87489     0.82419     1.19998     0.06900     0.00000       1.062
      600.001     128.524      -0.139    9999.990      16.746      40.000      40.000      68.749      68.743      -0.000
      600.001   16601.467      -0.076   13930.101    -651.133   21661.709      52.741       0.004      -1.193      -0.906
      600.001    2328.508   21671.557     -52.741    1592.628       0.616      -0.035
      600.001       0.000  208790.000       0.000       0.000       0.000
      600.001       0.000       0.000       0.000       0.000       0.000
      600.001       0.000       1.000       0.000
      601.000      36.944      37.129    -143.351   22888.836      91.708     -54.935    228298.7  21128614.0   21658.027      91.805
      601.000 0.000000170      39.859     220.720      22.165     0.87490     0.82419     1.19999     0.06900     0.00000       1.062
      601.000     128.234      -0.140    9999.990      17.634      40.000      40.000      67.500      67.493      -0.000
      601.000   16591.055      -0.073   13921.459    -682.219   21647.215      52.756       0.002      -1.182      -0.898
      601.000    2332.011   21658.027     -52.756    1594.342       0.616      -0.035
      601.000       0.000  208790.000       0.000       0.000       0.000
      601.000       0.000       0.000       0.000       0.000       0.000
      601.000       0.000       1.000       0.000
      602.000      36.942      37.127    -143.277   22875.266      91.786     -54.741    228243.8  21128562.0   21644.484      91.888
      602.000 0.000000170      39.901     220.766      22.149     0.87490     0.82420     1.20000     0.06900     0.00000       1.062
      602.000     127.926      -0.139    9999.990      18.506      40.000      40.000      66.250      66.242      -0.000
      602.000   16580.641      -0.069   13912.803    -713.094   21632.672      52.464       0.000      -1.170      -0.890
      602.000    2335.511   21644.484     -52.464    1596.054       0.617      -0.035
      602.000       0.000  208790.000       0.000       0.000       0.000
      602.000       0.000       0.000       0.000       0.000       0.000
      602.000       0.000       1.000       0.000
      603.100      36.939      37.124    -143.197   22860.320      91.872     -54.181    228183.9  21128504.0   21629.570      91.979
      603.100 0.000000171      39.947     220.816      22.131     0.87490     0.82421     1.20001     0.06900     0.00000       1.062
      603.100     127.612      -0.137    9999.990      19.352      40.000      40.000      65.000      65.006      -0.000
      603.100   16569.193      -0.060   13903.239    -746.803   21616.611      51.796      -0.002       0.090       0.167
      603.100    2339.357   21629.568     -51.796    1597.901       0.618      -0.036
      603.100       0.000  208790.000       0.000       0.000       0.000
      603.100       0.000       0.000       0.000       0.000       0.000
      603.100       0.000       1.000       0.000
      604.100      36.937      37.122    -143.123   22846.713      91.950     -53.539    228130.0  21128454.0   21615.992      92.061
      604.100 0.000000171      39.988     220.861      22.115     0.87490     0.82420     1.20000     0.06900     0.00000       1.062
      604.100     127.694      -0.135    9999.990      19.356      40.000      40.000      65.000      65.005      -0.000
      604.100   16558.793      -0.059   13894.512    -777.335   21601.949      51.057      -0.001      -0.046       0.053
      604.100    2342.854   21615.990     -51.057    1599.534       0.618      -0.036
      604.100       0.000  208790.000       0.000       0.000       0.000
      604.100       0.000       0.000       0.000       0.000       0.000
      604.100       0.000       1.000       0.000
      605.099      36.935      37.120    -143.050   22833.094      92.028     -52.920    228076.7  21128402.0   21602.400      92.143
      605.099 0.000000172      40.028     220.906      22.099     0.87490     0.82420     1.20000     0.06900     0.00000       1.062
      605.099     127.776      -0.134    9999.990      19.358      40.000      40.000      65.000      65.005      -0.000
      605.099   16548.383      -0.060   13885.774    -807.829   21587.232      50.340      -0.001      -0.046       0.053
      605.099    2346.344   21602.400     -50.340    1601.122       0.619      -0.036
      605.099       0.000  208790.000       0.000       0.000       0.000
      605.099       0.000       0.000       0.000       0.000       0.000
      605.099       0.000       1.000       0.000
      606.099      36.933      37.118    -142.977   22819.459      92.105     -52.322    228024.1  21128352.0   21588.795      92.225
      606.099 0.000000172      40.067     220.950      22.083     0.87490     0.82420     1.20000     0.06900     0.00000       1.062
      606.099     127.858      -0.132    9999.990      19.360      40.000      40.000      65.000      65.005      -0.000
      606.099   16537.961      -0.060   13877.029    -838.283   21572.457      49.645      -0.001      -0.046       0.053
      606.099    2349.834   21588.795     -49.645    1602.667       0.619      -0.036
      606.099       0.000  208790.000       0.000       0.000       0.000
      606.099       0.000       0.000       0.000       0.000       0.000
      606.099       0.000       1.000       0.000
      607.099      36.931      37.116    -142.904   22805.811      92.183     -51.747    227972.0  21128302.0   21575.180      92.308
      607.099 0.000000172      40.104     220.993      22.067     0.87490     0.82420     1.20000     0.06900     0.00000       1.062
      607.099     127.940      -0.130    9999.990      19.362      40.000      40.000      65.000      65.005      -0.000
      607.099   16527.533      -0.058   13868.273    -868.698   21557.629      48.973      -0.001      -0.046       0.053
      607.099    2353.323   21575.180     -48.973    1604.171       0.620      -0.036
      607.099       0.000  208790.000       0.000       0.000       0.000
      607.099       0.000       0.000       0.000       0.000       0.000
      607.099       0.000       1.000       0.000
      608.099      36.928      37.113    -142.831   22792.143      92.261     -51.195    227920.5  21128254.0   21561.545      92.390
      608.099 0.000000173      40.141     221.036      22.051     0.87490     0.82420     1.20000     0.06900     0.00000       1.062
      608.099     128.023      -0.128    9999.990      19.364      40.000      40.000      65.000      65.005      -0.000
      608.099   16517.086      -0.058   13859.510    -899.074   21542.738      48.323      -0.001      -0.046       0.053
      608.099    2356.806   21561.543     -48.323    1605.631       0.621      -0.036
      608.099       0.000  208790.000       0.000       0.000       0.000
      608.099       0.000       0.000       0.000       0.000       0.000
      608.099       0.000       1.000       0.000
      609.098      36.926      37.111    -142.758   22778.465      92.338     -50.665    227869.6  21128206.0   21547.898      92.472
      609.098 0.000000173      40.176     221.079      22.035     0.87490     0.82420     1.20000     0.06900     0.00000       1.062
      609.098     128.105      -0.127    9999.990      19.366      40.000      40.000      65.000      65.005      -0.000
      609.098   16506.637      -0.058   13850.736    -929.414   21527.793      47.697      -0.001      -0.046       0.053
      609.098    2360.290   21547.898     -47.697    1607.056       0.621      -0.036
      609.098       0.000  208790.000       0.000       0.000       0.000
      609.098       0.000       0.000       0.000       0.000       0.000
      609.098       0.000       1.000       0.000
      610.098      36.923      37.108    -142.685   22764.775      92.416     -50.158    227819.1  21128158.0   21534.244      92.554
      610.098 0.000000173      40.211     221.121      22.018     0.87490     0.82420     1.20000     0.06900     0.00000       1.062
      610.098     128.187      -0.125    9999.990      19.368      40.000      40.000      65.000      65.005      -0.000
      610.098   16496.182      -0.058   13841.958    -959.739   21512.797      47.093      -0.000      -0.046       0.053
      610.098    2363.770   21534.248     -47.093    1608.443       0.622      -0.036
      610.098       0.000  208790.000       0.000       0.000       0.000
      610.098       0.000       0.000       0.000       0.000       0.000
      610.098       0.000       1.000       0.000
      611.098      36.921      37.106    -142.612   22751.068      92.494     -49.675    227769.2  21128112.0   21520.574      92.637
      611.098 0.000000174      40.245     221.163      22.002     0.87490     0.82420     1.20000     0.06900     0.00000       1.062
      611.098     128.270      -0.124    9999.990      19.370      40.000      40.000      65.000      65.005      -0.000
      611.098   16485.705      -0.059   13833.171    -990.024   21497.738      46.513      -0.000      -0.046       0.053
      611.098    2367.247   21520.574     -46.513    1609.795       0.622      -0.036
      611.098       0.000  208790.000       0.000       0.000       0.000
      611.098       0.000       0.000       0.000       0.000       0.000
      611.098       0.000       1.000       0.000
      612.098      36.918      37.103    -142.539   22737.348      92.572     -49.214    227719.7  21128066.0   21506.891      92.719
      612.098 0.000000174      40.278     221.204      21.986     0.87490     0.82420     1.20000     0.06900     0.00000       1.062
      612.098     128.352      -0.122    9999.990      19.372      40.000      40.000      65.000      65.005      -0.000
      612.098   16475.225      -0.059   13824.374   -1020.269   21482.627      45.956      -0.001      -0.046       0.053
      612.098    2370.724   21506.891     -45.956    1611.112       0.623      -0.036
      612.098       0.000  208790.000       0.000       0.000       0.000
      612.098       0.000       0.000       0.000       0.000       0.000
      612.098       0.000       1.000       0.000
      613.097      36.915      37.100    -142.466   22723.615      92.650     -48.778    227670.7  21128020.0   21493.195      92.801
      613.097 0.000000175      40.310     221.245      21.970     0.87490     0.82420     1.20000     0.06900     0.00000       1.062
      613.097     128.434      -0.121    9999.990      19.373      40.000      40.000      65.000      65.005      -0.000
      613.097   16464.734      -0.059   13815.569   -1050.475   21467.461      45.423      -0.000      -0.046       0.053
      613.097    2374.195   21493.195     -45.423    1612.395       0.623      -0.036
      613.097       0.000  208790.000       0.000       0.000       0.000
      613.097       0.000       0.000       0.000       0.000       0.000
      613.097       0.000       1.000       0.000
      614.097      36.912      37.097    -142.393   22709.873      92.727     -48.364    227622.2  21127974.0   21479.494      92.884
      614.097 0.000000175      40.341     221.285      21.954     0.87490     0.82420     1.20000     0.06900     0.00000       1.062
      614.097     128.517      -0.120    9999.990      19.375      40.000      40.000      65.000      65.005      -0.000
      614.097   16454.236      -0.059   13806.765   -1080.641   21452.246      44.914      -0.000      -0.046       0.053
      614.097    2377.667   21479.494     -44.914    1613.650       0.624      -0.036
      614.097       0.000  208790.000       0.000       0.000       0.000
      614.097       0.000       0.000       0.000       0.000       0.000
      614.097       0.000       1.000       0.000
      615.097      36.909      37.094    -142.320   22696.113      92.805     -47.975    227574.0  21127930.0   21465.775      92.966
      615.097 0.000000175      40.372     221.326      21.938     0.87490     0.82420     1.20000     0.06900     0.00000       1.062
      615.097     128.599      -0.119    9999.990      19.376      40.000      40.000      65.000      65.005      -0.000
      615.097   16443.729      -0.059   13797.946   -1110.767   21436.971      44.428      -0.000      -0.046       0.053
      615.097    2381.135   21465.775     -44.428    1614.873       0.624      -0.036
      615.097       0.000  208790.000       0.000       0.000       0.000
      615.097       0.000       0.000       0.000       0.000       0.000
      615.097       0.000       1.000       0.000
      616.097      36.906      37.091    -142.248   22682.344      92.883     -47.609    227526.2  21127886.0   21452.045      93.049
      616.097 0.000000176      40.402     221.366      21.922     0.87490     0.82420     1.20000     0.06900     0.00000       1.062
      616.097     128.681      -0.117    9999.990      19.378      40.000      40.000      65.000      65.005      -0.000
      616.097   16433.213      -0.059   13789.118   -1140.853   21421.643      43.966      -0.000      -0.046       0.053
      616.097    2384.599   21452.045     -43.966    1616.070       0.625      -0.036
      616.097       0.000  208790.000       0.000       0.000       0.000
      616.097       0.000       0.000       0.000       0.000       0.000
      616.097       0.000       1.000       0.000
      617.096      36.903      37.088    -142.175   22668.562      92.961     -47.268    227478.7  21127842.0   21438.307      93.131
      617.096 0.000000176      40.431     221.405      21.906     0.87490     0.82420     1.20000     0.06900     0.00000       1.062
      617.096     128.764      -0.116    9999.990      19.379      40.000      40.000      65.000      65.005      -0.000
      617.096   16422.689      -0.057   13780.288   -1170.899   21406.264      43.529      -0.000      -0.046       0.053
      617.096    2388.064   21438.309     -43.529    1617.240       0.625      -0.036
      617.096       0.000  208790.000       0.000       0.000       0.000
      617.096       0.000       0.000       0.000       0.000       0.000
      617.096       0.000       1.000       0.000
      618.096      36.900      37.085    -142.103   22654.775      93.039     -46.950    227431.6  21127798.0   21424.562      93.213
      618.096 0.000000176      40.460     221.445      21.890     0.87490     0.82420     1.20000     0.06900     0.00000       1.062
      618.096     128.846      -0.115    9999.990      19.380      40.000      40.000      65.000      65.005      -0.000
      618.096   16412.164      -0.058   13771.453   -1200.905   21390.836      43.116      -0.000      -0.046       0.054
      618.096    2391.523   21424.566     -43.116    1618.386       0.625      -0.036
      618.096       0.000  208790.000       0.000       0.000       0.000
      618.096       0.000       0.000       0.000       0.000       0.000
      618.096       0.000       1.000       0.000
      619.096      36.897      37.082    -142.030   22640.969      93.116     -46.657    227384.8  21127756.0   21410.801      93.296
      619.096 0.000000177      40.488     221.484      21.874     0.87490     0.82420     1.20000     0.06900     0.00000       1.062
      619.096     128.928      -0.114    9999.990      19.382      40.000      40.000      65.000      65.005      -0.000
      619.096   16401.617      -0.059   13762.605   -1230.871   21375.348      42.727      -0.000      -0.046       0.054
      619.096    2394.982   21410.801     -42.727    1619.506       0.626      -0.036
      619.096       0.000  208790.000       0.000       0.000       0.000
      619.096       0.000       0.000       0.000       0.000       0.000
      619.096       0.000       1.000       0.000
      620.096      36.893      37.078    -141.958   22627.154      93.194     -46.389    227338.2  21127714.0   21397.029      93.378
      620.096 0.000000177      40.515     221.523      21.858     0.87490     0.82420     1.20000     0.06900     0.00000       1.062
      620.096     129.011      -0.113    9999.990      19.383      40.000      40.000      65.000      65.005      -0.000
      620.096   16391.072      -0.057   13753.752   -1260.796   21359.811      42.363      -0.000      -0.046       0.054
      620.096    2398.437   21397.031     -42.363    1620.605       0.626      -0.036
      620.096       0.000  208790.000       0.000       0.000       0.000
      620.096       0.000       0.000       0.000       0.000       0.000
      620.096       0.000       1.000       0.000
      621.095      36.890      37.075    -141.885   22613.332      93.272     -46.144    227292.0  21127672.0   21383.256      93.460
      621.095 0.000000177      40.542     221.561      21.842     0.87490     0.82420     1.20000     0.06900     0.00000       1.062
      621.095     129.093      -0.113    9999.990      19.384      40.000      40.000      65.000      65.005      -0.000
      621.095   16380.520      -0.061   13744.899   -1290.681   21344.227      42.024      -0.000      -0.046       0.054
      621.095    2401.890   21383.258     -42.024    1621.690       0.627      -0.036
      621.095       0.000  208790.000       0.000       0.000       0.000
      621.095       0.000       0.000       0.000       0.000       0.000
      621.095       0.000       1.000       0.000
      622.095      36.886      37.071    -141.813   22599.496      93.350     -45.925    227245.9  21127630.0   21369.467      93.543
      622.095 0.000000178      40.569     221.600      21.826     0.87490     0.82420     1.20000     0.06900     0.00000       1.062
      622.095     129.176      -0.112    9999.990      19.385      40.000      40.000      65.000      65.005      -0.000
      622.095   16369.957      -0.059   13736.035   -1320.526   21328.586      41.709      -0.000      -0.046       0.054
      622.095    2405.342   21369.467     -41.709    1622.751       0.627      -0.036
      622.095       0.000  208790.000       0.000       0.000       0.000
      622.095       0.000       0.000       0.000       0.000       0.000
      622.095       0.000       1.000       0.000
      623.095      36.883      37.067    -141.741   22585.648      93.428     -45.730    227200.1  21127588.0   21355.670      93.625
      623.095 0.000000178      40.595     221.638      21.810     0.87490     0.82420     1.20000     0.06900     0.00000       1.062
      623.095     129.258      -0.111    9999.990      19.385      40.000      40.000      65.000      65.005      -0.000
      623.095   16359.387      -0.059   13727.165   -1350.330   21312.895      41.419      -0.000      -0.046       0.054
      623.095    2408.789   21355.668     -41.419    1623.800       0.628      -0.036
      623.095       0.000  208790.000       0.000       0.000       0.000
      623.095       0.000       0.000       0.000       0.000       0.000
      623.095       0.000       1.000       0.000
      624.095      36.879      37.064    -141.668   22571.797      93.505     -45.559    227154.4  21127546.0   21341.867      93.708
      624.095 0.000000178      40.621     221.676      21.794     0.87490     0.82420     1.20000     0.06900     0.00000       1.062
      624.095     129.340      -0.110    9999.990      19.386      40.000      40.000      65.000      65.005      -0.000
      624.095   16348.815      -0.060   13718.293   -1380.093   21297.158      41.154      -0.000      -0.046       0.054
      624.095    2412.236   21341.867     -41.154    1624.830       0.628      -0.036
      624.095       0.000  208790.000       0.000       0.000       0.000
      624.095       0.000       0.000       0.000       0.000       0.000
      624.095       0.000       1.000       0.000
      625.094      36.875      37.060    -141.596   22557.928      93.583     -45.414    227108.9  21127506.0   21328.047      93.790
      625.094 0.000000179      40.646     221.714      21.778     0.87490     0.82420     1.20000     0.06900     0.00000       1.062
      625.094     129.423      -0.110    9999.990      19.387      40.000      40.000      65.000      65.005      -0.000
      625.094   16338.229      -0.059   13709.407   -1409.816   21281.361      40.913      -0.000      -0.046       0.054
      625.094    2415.679   21328.047     -40.913    1625.848       0.628      -0.036
      625.094       0.000  208790.000       0.000       0.000       0.000
      625.094       0.000       0.000       0.000       0.000       0.000
      625.094       0.000       1.000       0.000
      626.094      36.871      37.056    -141.524   22544.053      93.661     -45.293    227063.5  21127464.0   21314.225      93.873
      626.094 0.000000179      40.671     221.752      21.762     0.87490     0.82420     1.20000     0.06900     0.00000       1.062
      626.094     129.505      -0.109    9999.990      19.388      40.000      40.000      65.000      65.005      -0.000
      626.094   16327.641      -0.060   13700.521   -1439.497   21265.520      40.698      -0.000      -0.046       0.054
      626.094    2419.120   21314.223     -40.698    1626.858       0.629      -0.036
      626.094       0.000  208790.000       0.000       0.000       0.000
      626.094       0.000       0.000       0.000       0.000       0.000
      626.094       0.000       1.000       0.000
      627.094      36.867      37.052    -141.452   22530.166      93.739     -45.197    227018.3  21127424.0   21300.393      93.955
      627.094 0.000000179      40.696     221.790      21.746     0.87490     0.82420     1.20000     0.06900     0.00000       1.062
      627.094     129.588      -0.109    9999.990      19.388      40.000      40.000      65.000      65.005      -0.000
      627.094   16317.043      -0.059   13691.633   -1469.138   21249.629      40.508      -0.000      -0.046       0.054
      627.094    2422.558   21300.393     -40.508    1627.854       0.629      -0.036
      627.094       0.000  208790.000       0.000       0.000       0.000
      627.094       0.000       0.000       0.000       0.000       0.000
      627.094       0.000       1.000       0.000
      628.094      36.863      37.048    -141.380   22516.270      93.817     -45.126    226973.2  21127384.0   21286.551      94.037
      628.094 0.000000180      40.721     221.827      21.731     0.87490     0.82420     1.20000     0.06900     0.00000       1.062
      628.094     129.670      -0.109    9999.990      19.389      40.000      40.000      65.000      65.005      -0.000
      628.094   16306.444      -0.057   13682.730   -1498.738   21233.686      40.342      -0.000      -0.046       0.054
      628.094    2425.994   21286.551     -40.342    1628.844       0.630      -0.036
      628.094       0.000  208790.000       0.000       0.000       0.000
      628.094       0.000       0.000       0.000       0.000       0.000
      628.094       0.000       1.000       0.000
      629.093      36.859      37.044    -141.308   22502.369      93.894     -45.080    226928.1  21127344.0   21272.703      94.120
      629.093 0.000000180      40.746     221.865      21.715     0.87490     0.82420     1.20000     0.06900     0.00000       1.062
      629.093     129.753      -0.108    9999.990      19.389      40.000      40.000      65.000      65.005      -0.000
      629.093   16295.834      -0.057   13673.830   -1528.297   21217.695      40.202       0.000      -0.046       0.054
      629.093    2429.429   21272.701     -40.202    1629.826       0.630      -0.036
      629.093       0.000  208790.000       0.000       0.000       0.000
      629.093       0.000       0.000       0.000       0.000       0.000
      629.093       0.000       1.000       0.000
      630.093      36.855      37.040    -141.236   22488.451      93.972     -45.059    226883.0  21127302.0   21258.844      94.202
      630.093 0.000000180      40.770     221.903      21.699     0.87490     0.82420     1.20000     0.06900     0.00000       1.062
      630.093     129.835      -0.108    9999.990      19.389      40.000      40.000      65.000      65.005      -0.000
      630.093   16285.219      -0.057   13664.922   -1557.815   21201.652      40.087       0.000      -0.046       0.054
      630.093    2432.858   21258.844     -40.087    1630.806       0.630      -0.036
      630.093       0.000  208790.000       0.000       0.000       0.000
      630.093       0.000       0.000       0.000       0.000       0.000
      630.093       0.000       1.000       0.000
      631.093      36.851      37.036    -141.164   22474.529      94.050     -45.063    226838.0  21127262.0   21244.980      94.285
      631.093 0.000000181      40.795     221.940      21.683     0.87490     0.82420     1.20000     0.06900     0.00000       1.062
      631.093     129.918      -0.108    9999.990      19.389      40.000      40.000      65.000      65.005      -0.000
      631.093   16274.601      -0.058   13656.009   -1587.292   21185.564      39.997      -0.000      -0.046       0.054
      631.093    2436.287   21244.980     -39.997    1631.783       0.631      -0.036
      631.093       0.000  208790.000       0.000       0.000       0.000
      631.093       0.000       0.000       0.000       0.000       0.000
      631.093       0.000       1.000       0.000
      632.093      36.846      37.031    -141.092   22460.598      94.128     -45.092    226792.8  21127222.0   21231.107      94.367
      632.093 0.000000181      40.819     221.978      21.667     0.87490     0.82420     1.20000     0.06900     0.00000       1.062
      632.093     130.000      -0.108    9999.990      19.390      40.000      40.000      65.000      65.005      -0.000
      632.093   16263.976      -0.058   13647.092   -1616.727   21169.426      39.932      -0.000      -0.046       0.054
      632.093    2439.713   21231.109     -39.932    1632.759       0.631      -0.036
      632.093       0.000  208790.000       0.000       0.000       0.000
      632.093       0.000       0.000       0.000       0.000       0.000
      632.093       0.000       1.000       0.000
      633.092      36.842      37.027    -141.021   22446.650      94.206     -45.146    226747.8  21127184.0   21217.219      94.450
      633.092 0.000000181      40.843     222.016      21.651     0.87490     0.82420     1.20000     0.06900     0.00000       1.062
      633.092     130.082      -0.108    9999.990      19.390      40.000      40.000      65.000      65.005      -0.000
      633.092   16253.334      -0.059   13638.164   -1646.120   21153.229      39.893       0.000      -0.046       0.054
      633.092    2443.136   21217.219     -39.893    1633.732       0.631      -0.036
      633.092       0.000  208790.000       0.000       0.000       0.000
      633.092       0.000       0.000       0.000       0.000       0.000
      633.092       0.000       1.000       0.000
      634.092      36.838      37.022    -140.949   22432.701      94.283     -45.224    226702.6  21127144.0   21203.332      94.532
      634.092 0.000000182      40.868     222.053      21.635     0.87490     0.82420     1.20000     0.06900     0.00000       1.062
      634.092     130.165      -0.108    9999.990      19.390      40.000      40.000      65.000      65.005      -0.000
      634.092   16242.694      -0.059   13629.237   -1675.472   21136.992      39.878       0.000      -0.046       0.054
      634.092    2446.558   21203.332     -39.878    1634.711       0.632      -0.036
      634.092       0.000  208790.000       0.000       0.000       0.000
      634.092       0.000       0.000       0.000       0.000       0.000
      634.092       0.000       1.000       0.000
      635.092      36.833      37.018    -140.878   22418.738      94.361     -45.328    226657.4  21127104.0   21189.432      94.615
      635.092 0.000000182      40.892     222.091      21.619     0.87490     0.82420     1.20000     0.06900     0.00000       1.062
      635.092     130.247      -0.108    9999.990      19.389      40.000      40.000      65.000      65.005      -0.000
      635.092   16232.049      -0.060   13620.302   -1704.783   21120.705      39.889       0.000      -0.046       0.055
      635.092    2449.976   21189.432     -39.889    1635.689       0.632      -0.036
      635.092       0.000  208790.000       0.000       0.000       0.000
      635.092       0.000       0.000       0.000       0.000       0.000
      635.092       0.000       1.000       0.000
      636.092      36.828      37.013    -140.806   22404.768      94.439     -45.457    226612.1  21127064.0   21175.523      94.697
      636.092 0.000000183      40.917     222.129      21.602     0.87490     0.82420     1.20000     0.06900     0.00000       1.062
      636.092     130.330      -0.108    9999.990      19.389      40.000      40.000      65.000      65.005      -0.000
      636.092   16221.396      -0.059   13611.363   -1734.052   21104.367      39.924       0.000      -0.046       0.055
      636.092    2453.393   21175.525     -39.924    1636.676       0.633      -0.036
      636.092       0.000  208790.000       0.000       0.000       0.000
      636.092       0.000       0.000       0.000       0.000       0.000
      636.092       0.000       1.000       0.000
      637.091      36.824      37.008    -140.734   22390.789      94.517     -45.611    226566.5  21127024.0   21161.609      94.780
      637.091 0.000000183      40.942     222.167      21.586     0.87490     0.82420     1.20000     0.06900     0.00000       1.062
      637.091     130.412      -0.108    9999.990      19.389      40.000      40.000      65.000      65.005      -0.000
      637.091   16210.737      -0.059   13602.416   -1763.279   21087.982      39.985       0.000      -0.046       0.055
      637.091    2456.806   21161.609     -39.985    1637.674       0.633      -0.036
      637.091       0.000  208790.000       0.000       0.000       0.000
      637.091       0.000       0.000       0.000       0.000       0.000
      637.091       0.000       1.000       0.000
      638.091      36.819      37.003    -140.663   22376.797      94.595     -45.789    226520.8  21126984.0   21147.686      94.862
      638.091 0.000000183      40.967     222.205      21.570     0.87490     0.82420     1.20000     0.06900     0.00000       1.062
      638.091     130.495      -0.109    9999.990      19.389      40.000      40.000      65.000      65.005      -0.000
      638.091   16200.071      -0.058   13593.467   -1792.464   21071.547      40.070       0.000      -0.046       0.055
      638.091    2460.218   21147.686     -40.070    1638.678       0.633      -0.036
      638.091       0.000  208790.000       0.000       0.000       0.000
      638.091       0.000       0.000       0.000       0.000       0.000
      638.091       0.000       1.000       0.000
      639.091      36.814      36.999    -140.592   22362.801      94.672     -45.992    226474.9  21126944.0   21133.758      94.945
      639.091 0.000000184      40.992     222.244      21.554     0.87490     0.82420     1.20000     0.06900     0.00000       1.062
      639.091     130.577      -0.109    9999.990      19.388      40.000      40.000      65.000      65.005      -0.000
      639.091   16189.399      -0.060   13584.514   -1821.589   21055.068      40.181       0.000      -0.046       0.055
      639.091    2463.625   21133.756     -40.181    1639.696       0.634      -0.036
      639.091       0.000  208790.000       0.000       0.000       0.000
      639.091       0.000       0.000       0.000       0.000       0.000
      639.091       0.000       1.000       0.000
      640.091      36.809      36.994    -140.520   22348.791      94.750     -46.220    226428.8  21126904.0   21119.812      95.027
      640.091 0.000000184      41.018     222.282      21.538     0.87490     0.82420     1.20000     0.06900     0.00000       1.062
      640.091     130.660      -0.109    9999.990      19.388      40.000      40.000      65.000      65.005      -0.000
      640.091   16178.719      -0.058   13575.548   -1850.664   21038.533      40.316       0.000      -0.046       0.055
      640.091    2467.032   21119.812     -40.316    1640.723       0.634      -0.036
      640.091       0.000  208790.000       0.000       0.000       0.000
      640.091       0.000       0.000       0.000       0.000       0.000
      640.091       0.000       1.000       0.000
      641.091      36.804      36.989    -140.449   22334.775      94.828     -46.473    226382.5  21126862.0   21105.865      95.110
      641.091 0.000000184      41.044     222.321      21.522     0.87490     0.82420     1.20000     0.06900     0.00000       1.062
      641.091     130.742      -0.110    9999.990      19.387      40.000      40.000      65.000      65.005      -0.000
      641.091   16168.036      -0.059   13566.582   -1879.697   21021.957      40.476       0.000      -0.046       0.055
      641.091    2470.435   21105.865     -40.476    1641.768       0.635      -0.036
      641.091       0.000  208790.000       0.000       0.000       0.000
      641.091       0.000       0.000       0.000       0.000       0.000
      641.091       0.000       1.000       0.000
      642.090      36.799      36.983    -140.378   22320.750      94.905     -46.750    226335.9  21126822.0   21091.912      95.192
      642.090 0.000000185      41.071     222.360      21.506     0.87490     0.82420     1.20000     0.06900     0.00000       1.062
      642.090     130.825      -0.110    9999.990      19.386      40.000      40.000      65.000      65.005      -0.000
      642.090   16157.348      -0.059   13557.615   -1908.688   21005.332      40.661       0.000      -0.046       0.055
      642.090    2473.837   21091.914     -40.661    1642.830       0.635      -0.037
      642.090       0.000  208790.000       0.000       0.000       0.000
      642.090       0.000       0.000       0.000       0.000       0.000
      642.090       0.000       1.000       0.000
      643.090      36.793      36.978    -140.307   22306.709      94.983     -47.051    226289.0  21126782.0   21077.943      95.274
      643.090 0.000000185      41.098     222.399      21.490     0.87490     0.82420     1.20000     0.06900     0.00000       1.062
      643.090     130.907      -0.111    9999.990      19.385      40.000      40.000      65.000      65.005      -0.000
      643.090   16146.647      -0.060   13548.635   -1937.636   20988.654      40.871       0.000      -0.046       0.055
      643.090    2477.236   21077.945     -40.871    1643.906       0.635      -0.037
      643.090       0.000  208790.000       0.000       0.000       0.000
      643.090       0.000       0.000       0.000       0.000       0.000
      643.090       0.000       1.000       0.000
      644.090      36.788      36.973    -140.236   22292.662      95.061     -47.377    226241.8  21126740.0   21063.969      95.357
      644.090 0.000000185      41.125     222.438      21.474     0.87490     0.82420     1.20000     0.06900     0.00000       1.062
      644.090     130.990      -0.112    9999.990      19.385      40.000      40.000      65.000      65.005      -0.000
      644.090   16135.943      -0.058   13539.650   -1966.542   20971.930      41.105       0.000      -0.046       0.055
      644.090    2480.631   21063.969     -41.105    1645.004       0.636      -0.037
      644.090       0.000  208790.000       0.000       0.000       0.000
      644.090       0.000       0.000       0.000       0.000       0.000
      644.090       0.000       1.000       0.000
      645.090      36.783      36.967    -140.165   22278.607      95.139     -47.728    226194.3  21126700.0   21049.986      95.439
      645.090 0.000000186      41.153     222.478      21.458     0.87490     0.82420     1.20000     0.06900     0.00000       1.062
      645.090     131.072      -0.113    9999.990      19.384      40.000      40.000      65.000      65.005      -0.000
      645.090   16125.233      -0.058   13530.661   -1995.405   20955.156      41.364       0.000      -0.046       0.055
      645.090    2484.025   21049.986     -41.364    1646.122       0.636      -0.037
      645.090       0.000  208790.000       0.000       0.000       0.000
      645.090       0.000       0.000       0.000       0.000       0.000
      645.090       0.000       1.000       0.000
      646.089      36.777      36.962    -140.094   22264.539      95.216     -48.102    226146.4  21126658.0   21035.992      95.522
      646.089 0.000000186      41.182     222.518      21.441     0.87490     0.82420     1.20000     0.06900     0.00000       1.062
      646.089     131.155      -0.113    9999.990      19.383      40.000      40.000      65.000      65.005      -0.000
      646.089   16114.514      -0.060   13521.666   -2024.226   20938.332      41.647       0.000      -0.046       0.055
      646.089    2487.416   21035.994     -41.647    1647.264       0.637      -0.037
      646.089       0.000  208790.000       0.000       0.000       0.000
      646.089       0.000       0.000       0.000       0.000       0.000
      646.089       0.000       1.000       0.000
      647.089      36.772      36.956    -140.023   22250.459      95.294     -48.501    226098.1  21126616.0   21021.990      95.604
      647.089 0.000000187      41.211     222.558      21.425     0.87490     0.82420     1.20000     0.06900     0.00000       1.062
      647.089     131.237      -0.114    9999.990      19.381      40.000      40.000      65.000      65.005      -0.000
      647.089   16103.786      -0.059   13512.667   -2053.004   20921.461      41.954       0.000      -0.046       0.055
      647.089    2490.805   21021.990     -41.954    1648.433       0.637      -0.037
      647.089       0.000  208790.000       0.000       0.000       0.000
      647.089       0.000       0.000       0.000       0.000       0.000
      647.089       0.000       1.000       0.000
      648.089      36.766      36.951    -139.952   22236.373      95.372     -48.924    226049.4  21126574.0   21007.980      95.687
      648.089 0.000000187      41.241     222.599      21.409     0.87490     0.82420     1.20000     0.06900     0.00000       1.062
      648.089     131.320      -0.115    9999.990      19.380      40.000      40.000      65.000      65.005      -0.000
      648.089   16093.057      -0.057   13503.658   -2081.739   20904.541      42.285       0.000      -0.046       0.055
      648.089    2494.190   21007.980     -42.285    1649.626       0.638      -0.037
      648.089       0.000  208790.000       0.000       0.000       0.000
      648.089       0.000       0.000       0.000       0.000       0.000
      648.089       0.000       1.000       0.000
      649.089      36.761      36.945    -139.881   22222.271      95.450     -49.370    226000.3  21126532.0   20993.959      95.769
      649.089 0.000000187      41.271     222.640      21.393     0.87490     0.82420     1.20000     0.06900     0.00000       1.062
      649.089     131.402      -0.116    9999.990      19.379      40.000      40.000      65.000      65.005      -0.000
      649.089   16082.317      -0.056   13494.645   -2110.432   20887.570      42.641       0.000      -0.046       0.055
      649.089    2497.574   20993.961     -42.641    1650.847       0.638      -0.037
      649.089       0.000  208790.000       0.000       0.000       0.000
      649.089       0.000       0.000       0.000       0.000       0.000
      649.089       0.000       1.000       0.000
      650.088      36.755      36.939    -139.811   22208.160      95.527     -49.840    225950.7  21126488.0   20979.932      95.852
      650.088 0.000000188      41.302     222.681      21.376     0.87490     0.82420     1.20000     0.06900     0.00000       1.062
      650.088     131.485      -0.117    9999.990      19.378      40.000      40.000      65.000      65.005      -0.000
      650.088   16071.568      -0.060   13485.628   -2139.081   20870.553      43.020       0.000      -0.046       0.056
      650.088    2500.955   20979.930     -43.020    1652.098       0.639      -0.037
      650.088       0.000  208790.000       0.000       0.000       0.000
      650.088       0.000       0.000       0.000       0.000       0.000
      650.088       0.000       1.000       0.000
      651.088      36.749      36.934    -139.740   22194.039      95.605     -50.334    225900.6  21126446.0   20965.889      95.934
      651.088 0.000000188      41.335     222.723      21.360     0.87490     0.82420     1.20000     0.06900     0.00000       1.062
      651.088     131.567      -0.119    9999.990      19.376      40.000      40.000      65.000      65.005      -0.000
      651.088   16060.812      -0.059   13476.603   -2167.687   20853.482      43.423       0.000      -0.046       0.056
      651.088    2504.334   20965.889     -43.423    1653.382       0.639      -0.037
      651.088       0.000  208790.000       0.000       0.000       0.000
      651.088       0.000       0.000       0.000       0.000       0.000
      651.088       0.000       1.000       0.000
      652.088      36.743      36.928    -139.670   22179.906      95.683     -50.851    225850.1  21126402.0   20951.840      96.017
      652.088 0.000000188      41.367     222.765      21.344     0.87490     0.82420     1.20000     0.06900     0.00000       1.062
      652.088     131.650      -0.120    9999.990      19.375      40.000      40.000      65.000      65.005      -0.000
      652.088   16050.052      -0.057   13467.566   -2196.250   20836.365      43.849       0.001      -0.046       0.056
      652.088    2507.709   20951.838     -43.849    1654.696       0.640      -0.037
      652.088       0.000  208790.000       0.000       0.000       0.000
      652.088       0.000       0.000       0.000       0.000       0.000
      652.088       0.000       1.000       0.000
      653.088      36.737      36.922    -139.599   22165.762      95.760     -51.391    225799.0  21126358.0   20937.777      96.100
      653.088 0.000000189      41.401     222.808      21.327     0.87490     0.82420     1.20000     0.06900     0.00000       1.062
      653.088     131.732      -0.121    9999.990      19.373      40.000      40.000      65.000      65.005      -0.000
      653.088   16039.283      -0.057   13458.527   -2224.770   20819.197      44.299       0.001      -0.046       0.056
      653.088    2511.083   20937.777     -44.299    1656.044       0.640      -0.037
      653.088       0.000  208790.000       0.000       0.000       0.000
      653.088       0.000       0.000       0.000       0.000       0.000
      653.088       0.000       1.000       0.000
      654.087      36.731      36.916    -139.529   22151.604      95.838     -51.955    225747.3  21126314.0   20923.709      96.182
      654.087 0.000000189      41.436     222.851      21.311     0.87490     0.82420     1.20000     0.06900     0.00000       1.062
      654.087     131.815      -0.123    9999.990      19.371      40.000      40.000      65.000      65.005      -0.000
      654.087   16028.502      -0.057   13449.484   -2253.245   20801.980      44.772       0.001      -0.046       0.056
      654.087    2514.453   20923.707     -44.772    1657.433       0.641      -0.037
      654.087       0.000  208790.000       0.000       0.000       0.000
      654.087       0.000       0.000       0.000       0.000       0.000
      654.087       0.000       1.000       0.000
      655.087      36.725      36.909    -139.458   22137.436      95.916     -52.541    225695.1  21126268.0   20909.623      96.265
      655.087 0.000000190      41.471     222.895      21.295     0.87490     0.82420     1.20000     0.06900     0.00000       1.062
      655.087     131.897      -0.124    9999.990      19.370      40.000      40.000      65.000      65.005      -0.000
      655.087   16017.715      -0.058   13440.430   -2281.678   20784.711      45.268       0.001      -0.046       0.056
      655.087    2517.821   20909.623     -45.268    1658.854       0.641      -0.037
      655.087       0.000  208790.000       0.000       0.000       0.000
      655.087       0.000       0.000       0.000       0.000       0.000
      655.087       0.000       1.000       0.000
      656.087      36.719      36.903    -139.388   22123.254      95.994     -53.150    225642.3  21126222.0   20895.531      96.347
      656.087 0.000000190      41.508     222.939      21.278     0.87490     0.82420     1.20000     0.06900     0.00000       1.062
      656.087     131.980      -0.126    9999.990      19.368      40.000      40.000      65.000      65.005      -0.000
      656.087   16006.918      -0.059   13431.370   -2310.066   20767.395      45.787       0.001      -0.046       0.056
      656.087    2521.188   20895.529     -45.787    1660.320       0.642      -0.037
      656.087       0.000  208790.000       0.000       0.000       0.000
      656.087       0.000       0.000       0.000       0.000       0.000
      656.087       0.000       1.000       0.000
      657.087      36.712      36.897    -139.318   22109.061      96.071     -53.781    225588.9  21126176.0   20881.424      96.430
      657.087 0.000000191      41.546     222.984      21.262     0.87490     0.82420     1.20000     0.06900     0.00000       1.062
      657.087     132.062      -0.127    9999.990      19.366      40.000      40.000      65.000      65.005      -0.000
      657.087   15996.116      -0.057   13422.302   -2338.411   20750.025      46.329       0.001      -0.046       0.056
      657.087    2524.551   20881.426     -46.329    1661.825       0.642      -0.037
      657.087       0.000  208790.000       0.000       0.000       0.000
      657.087       0.000       0.000       0.000       0.000       0.000
      657.087       0.000       1.000       0.000
      658.086      36.706      36.890    -139.248   22094.852      96.149     -54.435    225534.8  21126130.0   20867.305      96.512
      658.086 0.000000191      41.584     223.029      21.245     0.87490     0.82420     1.20000     0.06900     0.00000       1.062
      658.086     132.145      -0.129    9999.990      19.364      40.000      40.000      65.000      65.005      -0.000
      658.086   15985.299      -0.058   13413.225   -2366.712   20732.604      46.893       0.001      -0.046       0.056
      658.086    2527.913   20867.303     -46.893    1663.374       0.643      -0.037
      658.086       0.000  208790.000       0.000       0.000       0.000
      658.086       0.000       0.000       0.000       0.000       0.000
      658.086       0.000       1.000       0.000
      659.086      36.699      36.884    -139.178   22080.629      96.227     -55.111    225480.1  21126084.0   20853.172      96.595
      659.086 0.000000191      41.624     223.074      21.229     0.87490     0.82420     1.20000     0.06900     0.00000       1.062
      659.086     132.228      -0.130    9999.990      19.362      40.000      40.000      65.000      65.005      -0.000
      659.086   15974.476      -0.059   13404.140   -2394.969   20715.133      47.479       0.001      -0.046       0.056
      659.086    2531.269   20853.174     -47.479    1664.968       0.643      -0.037
      659.086       0.000  208790.000       0.000       0.000       0.000
      659.086       0.000       0.000       0.000       0.000       0.000
      659.086       0.000       1.000       0.000
      660.086      36.693      36.877    -139.107   22066.395      96.305     -55.809    225424.7  21126036.0   20839.031      96.678
      660.086 0.000000192      41.665     223.121      21.212     0.87490     0.82420     1.20000     0.06900     0.00000       1.062
      660.086     132.310      -0.132    9999.990      19.359      40.000      40.000      65.000      65.005      -0.000
      660.086   15963.641      -0.058   13395.049   -2423.181   20697.611      48.088       0.001      -0.046       0.056
      660.086    2534.626   20839.029     -48.088    1666.606       0.644      -0.037
      660.086       0.000  208790.000       0.000       0.000       0.000
      660.086       0.000       0.000       0.000       0.000       0.000
      660.086       0.000       1.000       0.000
      661.086      36.686      36.871    -139.038   22052.143      96.382     -56.529    225368.5  21125986.0   20824.875      96.760
      661.086 0.000000192      41.707     223.168      21.195     0.87490     0.82420     1.20000     0.06900     0.00000       1.062
      661.086     132.393      -0.134    9999.990      19.357      40.000      40.000      65.000      65.005      -0.000
      661.086   15952.800      -0.059   13385.947   -2451.364   20680.035      48.718       0.001      -0.046       0.056
      661.086    2537.978   20824.875     -48.718    1668.294       0.645      -0.037
      661.086       0.000  208790.000       0.000       0.000       0.000
      661.086       0.000       0.000       0.000       0.000       0.000
      661.086       0.000       1.000       0.000
      662.085      36.680      36.864    -138.968   22037.879      96.460     -57.270    225311.7  21125938.0   20810.707      96.843
      662.085 0.000000193      41.751     223.215      21.179     0.87490     0.82420     1.20000     0.06900     0.00000       1.062
      662.085     132.476      -0.136    9999.990      19.355      40.000      40.000      65.000      65.005      -0.000
      662.085   15941.948      -0.056   13376.838   -2479.513   20662.408      49.370       0.001      -0.046       0.056
      662.085    2541.330   20810.707     -49.370    1670.031       0.645      -0.037
      662.085       0.000  208790.000       0.000       0.000       0.000
      662.085       0.000       0.000       0.000       0.000       0.000
      662.085       0.000       1.000       0.000
      663.085      36.673      36.857    -138.898   22023.598      96.538     -58.033    225254.0  21125888.0   20796.523      96.926
      663.085 0.000000193      41.796     223.263      21.162     0.87490     0.82420     1.20000     0.06900     0.00000       1.062
      663.085     132.558      -0.138    9999.990      19.353      40.000      40.000      65.000      65.005      -0.000
      663.085   15931.081      -0.058   13367.723   -2507.617   20644.727      50.044       0.001      -0.046       0.056
      663.085    2544.676   20796.523     -50.044    1671.817       0.646      -0.037
      663.085       0.000  208790.000       0.000       0.000       0.000
      663.085       0.000       0.000       0.000       0.000       0.000
      663.085       0.000       1.000       0.000
      664.085      36.666      36.851    -138.828   22009.303      96.616     -58.816    225195.7  21125838.0   20782.326      97.008
      664.085 0.000000194      41.842     223.312      21.145     0.87490     0.82420     1.20000     0.06900     0.00000       1.062
      664.085     132.641      -0.140    9999.990      19.350      40.000      40.000      65.000      65.005      -0.000
      664.085   15920.209      -0.057   13358.594   -2535.677   20626.992      50.738       0.001      -0.046       0.056
      664.085    2548.023   20782.326     -50.738    1673.659       0.647      -0.037
      664.085       0.000  208790.000       0.000       0.000       0.000
      664.085       0.000       0.000       0.000       0.000       0.000
      664.085       0.000       1.000       0.000
      665.085      36.659      36.844    -138.758   21994.992      96.694     -59.620    225136.5  21125786.0   20768.115      97.091
      665.085 0.000000194      41.889     223.361      21.128     0.87490     0.82420     1.20000     0.06900     0.00000       1.062
      665.085     132.724      -0.142    9999.990      19.347      40.000      40.000      65.000      65.005      -0.000
      665.085   15909.321      -0.058   13349.459   -2563.691   20609.207      51.454       0.001      -0.046       0.056
      665.085    2551.365   20768.113     -51.454    1675.552       0.648      -0.037
      665.085       0.000  208790.000       0.000       0.000       0.000
      665.085       0.000       0.000       0.000       0.000       0.000
      665.085       0.000       1.000       0.000
      666.084      36.652      36.837    -138.689   21980.662      96.771     -60.445    225076.5  21125736.0   20753.885      97.174
      666.084 0.000000195      41.938     223.412      21.111     0.87490     0.82420     1.20000     0.06900     0.00000       1.062
      666.084     132.806      -0.144    9999.990      19.345      40.000      40.000      65.000      65.005      -0.000
      666.084   15898.422      -0.057   13340.309   -2591.660   20591.363      52.190       0.001      -0.046       0.057
      666.084    2554.706   20753.883     -52.190    1677.503       0.648      -0.037
      666.084       0.000  208790.000       0.000       0.000       0.000
      666.084       0.000       0.000       0.000       0.000       0.000
      666.084       0.000       1.000       0.000
      667.084      36.645      36.830    -138.619   21966.318      96.849     -61.290    225015.7  21125682.0   20739.643      97.256
      667.084 0.000000195      41.988     223.462      21.095     0.87490     0.82420     1.20000     0.06900     0.00000       1.062
      667.084     132.889      -0.146    9999.990      19.342      40.000      40.000      65.000      65.005      -0.000
      667.084   15887.515      -0.056   13331.154   -2619.584   20573.471      52.947       0.001      -0.046       0.057
      667.084    2558.042   20739.643     -52.947    1679.509       0.649      -0.037
      667.084       0.000  208790.000       0.000       0.000       0.000
      667.084       0.000       0.000       0.000       0.000       0.000
      667.084       0.000       1.000       0.000
      668.084      36.638      36.822    -138.550   21951.953      96.927     -62.155    224954.0  21125630.0   20725.381      97.339
      668.084 0.000000196      42.039     223.514      21.078     0.87490     0.82420     1.20000     0.06900     0.00000       1.062
      668.084     132.972      -0.149    9999.990      19.339      40.000      40.000      65.000      65.005      -0.000
      668.084   15876.591      -0.057   13321.984   -2647.480   20555.520      53.724       0.001      -0.046       0.057
      668.084    2561.379   20725.381     -53.724    1681.574       0.650      -0.037
      668.084       0.000  208790.000       0.000       0.000       0.000
      668.084       0.000       0.000       0.000       0.000       0.000
      668.084       0.000       1.000       0.000
      669.084      36.631      36.815    -138.480   21937.576      97.005     -63.040    224891.5  21125576.0   20711.107      97.422
      669.084 0.000000196      42.093     223.566      21.061     0.87490     0.82420     1.20000     0.06900     0.00000       1.062
      669.084     133.055      -0.151    9999.990      19.337      40.000      40.000      65.000      65.005      -0.000
      669.084   15865.654      -0.059   13312.811   -2675.338   20537.516      54.521       0.001      -0.046       0.057
      669.084    2564.710   20711.105     -54.521    1683.700       0.651      -0.037
      669.084       0.000  208790.000       0.000       0.000       0.000
      669.084       0.000       0.000       0.000       0.000       0.000
      669.084       0.000       1.000       0.000
      670.083      36.623      36.808    -138.411   21923.176      97.083     -63.945    224828.1  21125520.0   20696.811      97.505
      670.083 0.000000197      42.147     223.619      21.044     0.87490     0.82420     1.19999     0.06900     0.00000       1.062
      670.083     133.137      -0.153    9999.990      19.334      40.000      40.000      65.000      65.005      -0.000
      670.083   15854.705      -0.059   13303.619   -2703.150   20519.451      55.337       0.001      -0.046       0.057
      670.083    2568.041   20696.811     -55.337    1685.889       0.652      -0.037
      670.083       0.000  208790.000       0.000       0.000       0.000
      670.083       0.000       0.000       0.000       0.000       0.000
      670.083       0.000       1.000       0.000
      671.083      36.616      36.800    -138.341   21908.760      97.161     -64.868    224763.7  21125464.0   20682.504      97.588
      671.083 0.000000197      42.204     223.673      21.027     0.87490     0.82420     1.19999     0.06900     0.00000       1.062
      671.083     133.220      -0.156    9999.990      19.331      40.000      40.000      65.000      65.005      -0.000
      671.083   15843.747      -0.057   13294.422   -2730.917   20501.340      56.173       0.001      -0.046       0.057
      671.083    2571.368   20682.504     -56.173    1688.142       0.652      -0.038
      671.083       0.000  208790.000       0.000       0.000       0.000
      671.083       0.000       0.000       0.000       0.000       0.000
      671.083       0.000       1.000       0.000
      672.083      36.609      36.793    -138.272   21894.322      97.238     -65.811    224698.4  21125408.0   20668.178      97.670
      672.083 0.000000198      42.262     223.727      21.009     0.87490     0.82420     1.19999     0.06900     0.00000       1.062
      672.083     133.303      -0.158    9999.990      19.328      40.000      40.000      65.000      65.005      -0.000
      672.083   15832.774      -0.058   13285.209   -2758.646   20483.166      57.028       0.001      -0.046       0.057
      672.083    2574.693   20668.178     -57.028    1690.460       0.653      -0.038
      672.083       0.000  208790.000       0.000       0.000       0.000
      672.083       0.000       0.000       0.000       0.000       0.000
      672.083       0.000       1.000       0.000
      673.083      36.601      36.785    -138.203   21879.865      97.316     -66.772    224632.2  21125350.0   20653.830      97.753
      673.083 0.000000198      42.321     223.783      20.992     0.87490     0.82420     1.19999     0.06900     0.00000       1.062
      673.083     133.386      -0.161    9999.990      19.324      40.000      40.000      65.000      65.005      -0.000
      673.083   15821.786      -0.056   13275.983   -2786.345   20464.936      57.902       0.001      -0.046       0.057
      673.083    2578.014   20653.828     -57.902    1692.843       0.654      -0.038
      673.083       0.000  208790.000       0.000       0.000       0.000
      673.083       0.000       0.000       0.000       0.000       0.000
      673.083       0.000       1.000       0.000
      674.082      36.594      36.778    -138.134   21865.387      97.394     -67.752    224564.9  21125292.0   20639.465      97.836
      674.082 0.000000199      42.383     223.839      20.975     0.87490     0.82420     1.19999     0.06900     0.00000       1.062
      674.082     133.469      -0.163    9999.990      19.321      40.000      40.000      65.000      65.005      -0.000
      674.082   15810.781      -0.057   13266.750   -2813.997   20446.648      58.794       0.002      -0.046       0.057
      674.082    2581.335   20639.463     -58.794    1695.295       0.655      -0.038
      674.082       0.000  208790.000       0.000       0.000       0.000
      674.082       0.000       0.000       0.000       0.000       0.000
      674.082       0.000       1.000       0.000
      675.082      36.586      36.770    -138.065   21850.889      97.472     -68.749    224496.7  21125234.0   20625.078      97.919
      675.082 0.000000200      42.446     223.896      20.958     0.87490     0.82420     1.19999     0.06900     0.00000       1.062
      675.082     133.552      -0.166    9999.990      19.318      40.000      40.000      65.000      65.005      -0.000
      675.082   15799.760      -0.061   13257.505   -2841.602   20428.305      59.704       0.001      -0.046       0.057
      675.082    2584.651   20625.078     -59.704    1697.816       0.656      -0.038
      675.082       0.000  208790.000       0.000       0.000       0.000
      675.082       0.000       0.000       0.000       0.000       0.000
      675.082       0.000       1.000       0.000
      676.082      36.578      36.762    -137.996   21836.371      97.550     -69.764    224427.5  21125172.0   20610.674      98.002
      676.082 0.000000200      42.510     223.954      20.940     0.87490     0.82420     1.19999     0.06900     0.00000       1.062
      676.082     133.635      -0.169    9999.990      19.315      40.000      40.000      65.000      65.005      -0.000
      676.082   15788.730      -0.056   13248.239   -2869.186   20409.898      60.632       0.002      -0.046       0.057
      676.082    2587.966   20610.674     -60.632    1700.407       0.657      -0.038
      676.082       0.000  208790.000       0.000       0.000       0.000
      676.082       0.000       0.000       0.000       0.000       0.000
      676.082       0.000       1.000       0.000
      677.082      36.570      36.755    -137.927   21821.828      97.628     -70.797    224357.3  21125112.0   20596.248      98.085
      677.082 0.000000201      42.577     224.012      20.923     0.87490     0.82420     1.19999     0.06900     0.00000       1.062
      677.082     133.718      -0.171    9999.990      19.311      40.000      40.000      65.000      65.005      -0.000
      677.082   15777.678      -0.058   13238.967   -2896.722   20391.436      61.578       0.002      -0.046       0.057
      677.082    2591.277   20596.246     -61.578    1703.072       0.658      -0.038
      677.082       0.000  208790.000       0.000       0.000       0.000
      677.082       0.000       0.000       0.000       0.000       0.000
      677.082       0.000       1.000       0.000
      678.081      36.562      36.747    -137.858   21807.264      97.706     -71.847    224286.0  21125050.0   20581.801      98.168
      678.081 0.000000201      42.645     224.072      20.906     0.87490     0.82419     1.19999     0.06900     0.00000       1.062
      678.081     133.801      -0.174    9999.990      19.308      40.000      40.000      65.000      65.005      -0.000
      678.081   15766.615      -0.057   13229.678   -2924.218   20372.912      62.541       0.002      -0.046       0.057
      678.081    2594.587   20581.801     -62.541    1705.811       0.659      -0.038
      678.081       0.000  208790.000       0.000       0.000       0.000
      678.081       0.000       0.000       0.000       0.000       0.000
      678.081       0.000       1.000       0.000
      679.081      36.554      36.739    -137.789   21792.676      97.784     -72.913    224213.7  21124986.0   20567.330      98.251
      679.081 0.000000202      42.716     224.132      20.888     0.87490     0.82419     1.19999     0.06900     0.00000       1.062
      679.081     133.884      -0.177    9999.990      19.304      40.000      40.000      65.000      65.005      -0.000
      679.081   15755.531      -0.057   13220.375   -2951.685   20354.326      63.521       0.002      -0.046       0.057
      679.081    2597.892   20567.330     -63.521    1708.626       0.660      -0.038
      679.081       0.000  208790.000       0.000       0.000       0.000
      679.081       0.000       0.000       0.000       0.000       0.000
      679.081       0.000       1.000       0.000
      680.081      36.546      36.731    -137.721   21778.062      97.862     -73.996    224140.3  21124922.0   20552.836      98.334
      680.081 0.000000203      42.788     224.194      20.870     0.87490     0.82419     1.19999     0.06900     0.00000       1.062
      680.081     133.967      -0.180    9999.990      19.301      40.000      40.000      65.000      65.005      -0.000
      680.081   15744.429      -0.059   13211.057   -2979.102   20335.680      64.517       0.002      -0.046       0.058
      680.081    2601.196   20552.836     -64.517    1711.513       0.661      -0.038
      680.081       0.000  208790.000       0.000       0.000       0.000
      680.081       0.000       0.000       0.000       0.000       0.000
      680.081       0.000       1.000       0.000
      681.081      36.538      36.723    -137.652   21763.424      97.941     -75.095    224065.8  21124858.0   20538.322      98.418
      681.081 0.000000203      42.862     224.256      20.853     0.87490     0.82419     1.19999     0.06900     0.00000       1.062
      681.081     134.050      -0.183    9999.990      19.297      40.000      40.000      65.000      65.005      -0.000
      681.081   15733.314      -0.057   13201.727   -3006.493   20316.973      65.530       0.002      -0.046       0.058
      681.081    2604.497   20538.324     -65.530    1714.484       0.663      -0.038
      681.081       0.000  208790.000       0.000       0.000       0.000
      681.081       0.000       0.000       0.000       0.000       0.000
      681.081       0.000       1.000       0.000
      682.081      36.530      36.714    -137.583   21748.762      98.019     -76.210    223990.2  21124792.0   20523.783      98.501
      682.081 0.000000204      42.938     224.319      20.835     0.87490     0.82419     1.19999     0.06900     0.00000       1.062
      682.081     134.133      -0.186    9999.990      19.293      40.000      40.000      65.000      65.005      -0.000
      682.081   15722.178      -0.057   13192.378   -3033.839   20298.203      66.558       0.002      -0.046       0.058
      682.081    2607.796   20523.785     -66.558    1717.530       0.664      -0.038
      682.081       0.000  208790.000       0.000       0.000       0.000
      682.081       0.000       0.000       0.000       0.000       0.000
      682.081       0.000       1.000       0.000
      683.080      36.522      36.706    -137.515   21734.074      98.097     -77.340    223913.5  21124724.0   20509.219      98.584
      683.080 0.000000205      43.017     224.383      20.817     0.87490     0.82419     1.19999     0.06900     0.00000       1.062
      683.080     134.217      -0.189    9999.990      19.290      40.000      40.000      65.000      65.005      -0.000
      683.080   15711.023      -0.057   13183.011   -3061.155   20279.369      67.602       0.002      -0.046       0.058
      683.080    2611.090   20509.219     -67.602    1720.661       0.665      -0.038
      683.080       0.000  208790.000       0.000       0.000       0.000
      683.080       0.000       0.000       0.000       0.000       0.000
      683.080       0.000       1.000       0.000
      684.080      36.514      36.698    -137.447   21719.357      98.175     -78.485    223835.7  21124656.0   20494.631      98.667
      684.080 0.000000205      43.097     224.448      20.800     0.87490     0.82419     1.19999     0.06900     0.00000       1.062
      684.080     134.300      -0.192    9999.990      19.286      40.000      40.000      65.000      65.005      -0.000
      684.080   15699.848      -0.057   13173.633   -3088.429   20260.473      68.662       0.002      -0.046       0.058
      684.080    2614.385   20494.629     -68.662    1723.873       0.666      -0.038
      684.080       0.000  208790.000       0.000       0.000       0.000
      684.080       0.000       0.000       0.000       0.000       0.000
      684.080       0.000       1.000       0.000
      685.080      36.505      36.689    -137.378   21704.613      98.253     -79.645    223756.7  21124588.0   20480.014      98.751
      685.080 0.000000206      43.179     224.514      20.782     0.87490     0.82419     1.19999     0.06900     0.00000       1.062
      685.080     134.383      -0.195    9999.990      19.282      40.000      40.000      65.000      65.005      -0.000
      685.080   15688.651      -0.058   13164.236   -3115.671   20241.508      69.736       0.002      -0.046       0.058
      685.080    2617.674   20480.012     -69.736    1727.167       0.667      -0.038
      685.080       0.000  208790.000       0.000       0.000       0.000
      685.080       0.000       0.000       0.000       0.000       0.000
      685.080       0.000       1.000       0.000
      686.080      36.497      36.681    -137.310   21689.842      98.332     -80.819    223676.5  21124518.0   20465.373      98.834
      686.080 0.000000207      43.264     224.581      20.764     0.87490     0.82419     1.19999     0.06900     0.00000       1.062
      686.080     134.467      -0.198    9999.990      19.278      40.000      40.000      65.000      65.005      -0.000
      686.080   15677.441      -0.057   13154.822   -3142.872   20222.482      70.824       0.002      -0.046       0.058
      686.080    2620.964   20465.373     -70.824    1730.548       0.669      -0.038
      686.080       0.000  208790.000       0.000       0.000       0.000
      686.080       0.000       0.000       0.000       0.000       0.000
      686.080       0.000       1.000       0.000
      687.079      36.488      36.672    -137.242   21675.045      98.410     -82.007    223595.2  21124446.0   20450.705      98.917
      687.079 0.000000207      43.351     224.649      20.746     0.87490     0.82419     1.19999     0.06900     0.00000       1.062
      687.079     134.550      -0.202    9999.990      19.274      40.000      40.000      65.000      65.005      -0.000
      687.079   15666.206      -0.056   13145.392   -3170.048   20203.389      71.927       0.002      -0.046       0.058
      687.079    2624.248   20450.705     -71.927    1734.016       0.670      -0.039
      687.079       0.000  208790.000       0.000       0.000       0.000
      687.079       0.000       0.000       0.000       0.000       0.000
      687.079       0.000       1.000       0.000
      688.079      36.479      36.664    -137.174   21660.213      98.488     -83.209    223512.6  21124374.0   20436.006      99.001
      688.079 0.000000208      43.439     224.718      20.728     0.87490     0.82419     1.19999     0.06900     0.00000       1.062
      688.079     134.634      -0.205    9999.990      19.270      40.000      40.000      65.000      65.005      -0.000
      688.079   15654.947      -0.057   13135.939   -3197.181   20184.227      73.043       0.003      -0.046       0.058
      688.079    2627.532   20436.004     -73.043    1737.568       0.671      -0.039
      688.079       0.000  208790.000       0.000       0.000       0.000
      688.079       0.000       0.000       0.000       0.000       0.000
      688.079       0.000       1.000       0.000
      689.079      36.471      36.655    -137.106   21645.354      98.567     -84.424    223428.9  21124300.0   20421.279      99.084
      689.079 0.000000209      43.531     224.788      20.709     0.87490     0.82419     1.19999     0.06900     0.00000       1.062
      689.079     134.717      -0.208    9999.990      19.266      40.000      40.000      65.000      65.005      -0.000
      689.079   15643.668      -0.059   13126.473   -3224.282   20164.998      74.173       0.003      -0.046       0.058
      689.079    2630.810   20421.279     -74.173    1741.215       0.673      -0.039
      689.079       0.000  208790.000       0.000       0.000       0.000
      689.079       0.000       0.000       0.000       0.000       0.000
      689.079       0.000       1.000       0.000
      690.079      36.462      36.646    -137.038   21630.461      98.645     -85.652    223343.9  21124226.0   20406.523      99.168
      690.079 0.000000210      43.624     224.859      20.691     0.87490     0.82419     1.19999     0.06900     0.00000       1.062
      690.079     134.801      -0.211    9999.990      19.262      40.000      40.000      65.000      65.005      -0.000
      690.079   15632.364      -0.056   13116.986   -3251.349   20145.701      75.315       0.003      -0.046       0.058
      690.079    2634.088   20406.521     -75.315    1744.950       0.674      -0.039
      690.079       0.000  208790.000       0.000       0.000       0.000
      690.079       0.000       0.000       0.000       0.000       0.000
      690.079       0.000       1.000       0.000
      691.078      36.453      36.637    -136.970   21615.539      98.724     -86.892    223257.7  21124150.0   20391.740      99.252
      691.078 0.000000210      43.720     224.931      20.673     0.87490     0.82419     1.19999     0.06900     0.00000       1.062
      691.078     134.884      -0.215    9999.990      19.258      40.000      40.000      65.000      65.005      -0.000
      691.078   15621.047      -0.055   13107.477   -3278.381   20126.336      76.470       0.003      -0.046       0.058
      691.078    2637.362   20391.740     -76.470    1748.778       0.676      -0.039
      691.078       0.000  208790.000       0.000       0.000       0.000
      691.078       0.000       0.000       0.000       0.000       0.000
      691.078       0.000       1.000       0.000
      692.078      36.444      36.628    -136.902   21600.586      98.802     -88.144    223170.2  21124072.0   20376.926      99.335
      692.078 0.000000211      43.818     225.004      20.655     0.87490     0.82419     1.19999     0.06900     0.00000       1.062
      692.078     134.968      -0.218    9999.990      19.253      40.000      40.000      65.000      65.005      -0.000
      692.078   15609.699      -0.056   13097.952   -3305.378   20106.902      77.638       0.003      -0.046       0.058
      692.078    2640.634   20376.926     -77.638    1752.696       0.677      -0.039
      692.078       0.000  208790.000       0.000       0.000       0.000
      692.078       0.000       0.000       0.000       0.000       0.000
      692.078       0.000       1.000       0.000
      693.078      36.435      36.619    -136.834   21585.596      98.881     -89.408    223081.5  21123994.0   20362.076      99.419
      693.078 0.000000212      43.918     225.078      20.636     0.87490     0.82419     1.19999     0.06900     0.00000       1.062
      693.078     135.052      -0.222    9999.990      19.249      40.000      40.000      65.000      65.005      -0.000
      693.078   15598.325      -0.056   13088.408   -3332.347   20087.395      78.817       0.003      -0.046       0.058
      693.078    2643.904   20362.076     -78.817    1756.712       0.679      -0.039
      693.078       0.000  208790.000       0.000       0.000       0.000
      693.078       0.000       0.000       0.000       0.000       0.000
      693.078       0.000       1.000       0.000
      694.078      36.426      36.610    -136.766   21570.572      98.959     -90.683    222991.5  21123916.0   20347.191      99.503
      694.078 0.000000213      44.021     225.153      20.618     0.87490     0.82419     1.19999     0.06900     0.00000       1.062
      694.078     135.136      -0.225    9999.990      19.245      40.000      40.000      65.000      65.005      -0.000
      694.078   15586.926      -0.057   13078.837   -3359.281   20067.812      80.007       0.003      -0.046       0.058
      694.078    2647.170   20347.191     -80.007    1760.827       0.680      -0.039
      694.078       0.000  208790.000       0.000       0.000       0.000
      694.078       0.000       0.000       0.000       0.000       0.000
      694.078       0.000       1.000       0.000
      695.077      36.417      36.601    -136.699   21555.518      99.038     -91.969    222900.3  21123834.0   20332.283      99.587
      695.077 0.000000213      44.126     225.230      20.599     0.87490     0.82419     1.19999     0.06900     0.00000       1.062
      695.077     135.220      -0.229    9999.990      19.240      40.000      40.000      65.000      65.005      -0.000
      695.077   15575.509      -0.056   13069.251   -3386.181   20048.166      81.209       0.003      -0.046       0.058
      695.077    2650.434   20332.285     -81.209    1765.035       0.682      -0.039
      695.077       0.000  208790.000       0.000       0.000       0.000
      695.077       0.000       0.000       0.000       0.000       0.000
      695.077       0.000       1.000       0.000
      696.077      36.408      36.592    -136.631   21540.420      99.117     -93.265    222807.7  21123752.0   20317.332      99.671
      696.077 0.000000214      44.234     225.307      20.580     0.87490     0.82419     1.19999     0.06900     0.00000       1.062
      696.077     135.304      -0.232    9999.990      19.236      40.000      40.000      65.000      65.005      -0.000
      696.077   15564.058      -0.055   13059.635   -3413.047   20028.438      82.420       0.003      -0.046       0.059
      696.077    2653.694   20317.332     -82.420    1769.344       0.684      -0.039
      696.077       0.000  208790.000       0.000       0.000       0.000
      696.077       0.000       0.000       0.000       0.000       0.000
      696.077       0.000       1.000       0.000
      697.077      36.398      36.582    -136.564   21525.291      99.196     -94.571    222713.9  21123670.0   20302.348      99.755
      697.077 0.000000215      44.344     225.385      20.562     0.87490     0.82419     1.19999     0.06900     0.00000       1.062
      697.077     135.388      -0.236    9999.990      19.232      40.000      40.000      65.000      65.005      -0.000
      697.077   15552.580      -0.054   13050.001   -3439.883   20008.637      83.642       0.004      -0.046       0.059
      697.077    2656.953   20302.346     -83.642    1773.749       0.685      -0.039
      697.077       0.000  208790.000       0.000       0.000       0.000
      697.077       0.000       0.000       0.000       0.000       0.000
      697.077       0.000       1.000       0.000
      698.077      36.389      36.573    -136.496   21510.119      99.275     -95.887    222618.7  21123586.0   20287.324      99.839
      698.077 0.000000216      44.457     225.465      20.543     0.87490     0.82419     1.19999     0.06900     0.00000       1.062
      698.077     135.472      -0.240    9999.990      19.227      40.000      40.000      65.000      65.005      -0.000
      698.077   15541.075      -0.057   13040.342   -3466.688   19988.758      84.874       0.004      -0.046       0.059
      698.077    2660.208   20287.324     -84.874    1778.254       0.687      -0.040
      698.077       0.000  208790.000       0.000       0.000       0.000
      698.077       0.000       0.000       0.000       0.000       0.000
      698.077       0.000       1.000       0.000
      699.076      36.380      36.564    -136.429   21494.914      99.354     -97.212    222522.2  21123500.0   20272.273      99.923
      699.076 0.000000217      44.572     225.545      20.524     0.87489     0.82419     1.19998     0.06900     0.00000       1.062
      699.076     135.556      -0.243    9999.990      19.222      40.000      40.000      65.000      65.005      -0.000
      699.076   15529.546      -0.057   13030.664   -3493.461   19968.809      86.115       0.004      -0.046       0.059
      699.076    2663.462   20272.271     -86.115    1782.865       0.689      -0.040
      699.076       0.000  208790.000       0.000       0.000       0.000
      699.076       0.000       0.000       0.000       0.000       0.000
      699.076       0.000       1.000       0.000
      700.076      36.370      36.554    -136.362   21479.666      99.433     -98.546    222424.4  21123414.0   20257.180     100.008
      700.076 0.000000218      44.690     225.627      20.505     0.87489     0.82419     1.19998     0.06900     0.00000       1.062
      700.076     135.640      -0.247    9999.990      19.218      40.000      40.000      65.000      65.005      -0.000
      700.076   15517.989      -0.056   13020.957   -3520.206   19948.779      87.365       0.004      -0.046       0.059
      700.076    2666.710   20257.180     -87.365    1787.584       0.691      -0.040
      700.076       0.000  208790.000       0.000       0.000       0.000
      700.076       0.000       0.000       0.000       0.000       0.000
      700.076       0.000       1.000       0.000
      701.076      36.361      36.544    -136.295   21464.379      99.512     -99.888    222325.2  21123326.0   20242.043     100.092
      701.076 0.000000219      44.809     225.710      20.486     0.87489     0.82419     1.19998     0.06900     0.00000       1.062
      701.076     135.725      -0.251    9999.990      19.213      40.000      40.000      65.000      65.005      -0.000
      701.076   15506.394      -0.058   13011.229   -3546.918   19928.668      88.623       0.004      -0.046       0.059
      701.076    2669.958   20242.043     -88.623    1792.347       0.693      -0.040
      701.076       0.000  208790.000       0.000       0.000       0.000
      701.076       0.000       0.000       0.000       0.000       0.000
      701.076       0.000       1.000       0.000
      702.076      36.351      36.535    -136.228   21449.055      99.591    -101.238    222224.8  21123236.0   20226.873     100.176
      702.076 0.000000220      44.925     225.794      20.467     0.87489     0.82419     1.19998     0.06900     0.00000       1.062
      702.076     135.809      -0.255    9999.990      19.209      40.000      40.000      65.000      65.005      -0.000
      702.076   15494.777      -0.058   13001.475   -3573.601   19908.484      89.890       0.004      -0.046       0.059
      702.076    2673.201   20226.875     -89.890    1796.988       0.694      -0.040
      702.076       0.000  208790.000       0.000       0.000       0.000
      702.076       0.000       0.000       0.000       0.000       0.000
      702.076       0.000       1.000       0.000
      703.075      36.341      36.525    -136.161   21433.688      99.670    -102.598    222122.9  21123146.0   20211.668     100.261
      703.075 0.000000221      45.044     225.879      20.447     0.87489     0.82418     1.19998     0.06900     0.00000       1.062
      703.075     135.894      -0.258    9999.990      19.204      40.000      40.000      65.000      65.005      -0.000
      703.075   15483.132      -0.056   12991.694   -3600.251   19888.223      91.166       0.004      -0.046       0.059
      703.075    2676.444   20211.668     -91.166    1801.735       0.696      -0.040
      703.075       0.000  208790.000       0.000       0.000       0.000
      703.075       0.000       0.000       0.000       0.000       0.000
      703.075       0.000       1.000       0.000
      704.075      36.331      36.515    -136.094   21418.281      99.749    -103.965    222019.7  21123054.0   20196.420     100.345
      704.075 0.000000221      45.165     225.965      20.428     0.87489     0.82418     1.19998     0.06900     0.00000       1.062
      704.075     135.978      -0.262    9999.990      19.199      40.000      40.000      65.000      65.005      -0.000
      704.075   15471.455      -0.057   12981.892   -3626.871   19867.881      92.450       0.004      -0.046       0.059
      704.075    2679.682   20196.422     -92.450    1806.587       0.698      -0.040
      704.075       0.000  208790.000       0.000       0.000       0.000
      704.075       0.000       0.000       0.000       0.000       0.000
      704.075       0.000       1.000       0.000
      705.075      36.322      36.505    -136.027   21402.834      99.829    -105.341    221915.1  21122962.0   20181.137     100.430
      705.075 0.000000222      45.289     226.053      20.409     0.87489     0.82418     1.19998     0.06900     0.00000       1.062
      705.075     136.063      -0.266    9999.990      19.194      40.000      40.000      65.000      65.005      -0.000
      705.075   15459.749      -0.056   12972.062   -3653.459   19847.461      93.743       0.004      -0.046       0.059
      705.075    2682.918   20181.137     -93.743    1811.542       0.700      -0.040
      705.075       0.000  208790.000       0.000       0.000       0.000
      705.075       0.000       0.000       0.000       0.000       0.000
      705.075       0.000       1.000       0.000
      706.075      36.312      36.495    -135.960   21387.344      99.908    -106.724    221809.2  21122866.0   20165.809     100.515
      706.075 0.000000223      45.416     226.141      20.389     0.87489     0.82418     1.19998     0.06900     0.00000       1.062
      706.075     136.148      -0.270    9999.990      19.190      40.000      40.000      65.000      65.005      -0.000
      706.075   15448.012      -0.057   12962.207   -3680.019   19826.959      95.043       0.005      -0.046       0.059
      706.075    2686.152   20165.811     -95.043    1816.605       0.702      -0.040
      706.075       0.000  208790.000       0.000       0.000       0.000
      706.075       0.000       0.000       0.000       0.000       0.000
      706.075       0.000       1.000       0.000
      707.074      36.302      36.485    -135.893   21371.811      99.988    -108.114    221701.8  21122772.0   20150.443     100.600
      707.074 0.000000224      45.545     226.231      20.370     0.87489     0.82418     1.19998     0.06900     0.00000       1.062
      707.074     136.232      -0.274    9999.990      19.185      40.000      40.000      65.000      65.005      -0.000
      707.074   15436.245      -0.056   12952.325   -3706.547   19806.377      96.350       0.005      -0.046       0.059
      707.074    2689.382   20150.443     -96.350    1821.772       0.704      -0.040
      707.074       0.000  208790.000       0.000       0.000       0.000
      707.074       0.000       0.000       0.000       0.000       0.000
      707.074       0.000       1.000       0.000
      708.074      36.291      36.475    -135.827   21356.234     100.067    -109.510    221593.1  21122674.0   20135.033     100.685
      708.074 0.000000225      45.677     226.322      20.350     0.87489     0.82418     1.19998     0.06900     0.00000       1.062
      708.074     136.317      -0.278    9999.990      19.180      40.000      40.000      65.000      65.005      -0.000
      708.074   15424.439      -0.058   12942.422   -3733.045   19785.713      97.663       0.005      -0.047       0.059
      708.074    2692.610   20135.035     -97.663    1827.051       0.706      -0.041
      708.074       0.000  208790.000       0.000       0.000       0.000
      708.074       0.000       0.000       0.000       0.000       0.000
      708.074       0.000       1.000       0.000
      709.074      36.281      36.465    -135.760   21340.611     100.147    -110.913    221482.9  21122576.0   20119.580     100.770
      709.074 0.000000226      45.812     226.414      20.330     0.87489     0.82418     1.19998     0.06900     0.00000       1.062
      709.074     136.402      -0.282    9999.990      19.175      40.000      39.999      65.000      65.005      -0.000
      709.074   15412.607      -0.056   12932.480   -3759.516   19764.963      98.983       0.005      -0.047       0.059
      709.074    2695.835   20119.580     -98.983    1832.440       0.708      -0.041
      709.074       0.000  208790.000       0.000       0.000       0.000
      709.074       0.000       0.000       0.000       0.000       0.000
      709.074       0.000       1.000       0.000
      710.074      36.271      36.455    -135.694   21324.943     100.226    -112.321    221371.4  21122476.0   20104.082     100.855
      710.074 0.000000227      45.949     226.507      20.310     0.87489     0.82418     1.19998     0.06900     0.00000       1.062
      710.074     136.488      -0.286    9999.990      19.170      40.000      39.999      65.000      65.005      -0.000
      710.074   15400.736      -0.056   12922.515   -3785.958   19744.127     100.309       0.005      -0.047       0.059
      710.074    2699.056   20104.082    -100.309    1837.938       0.710      -0.041
      710.074       0.000  208790.000       0.000       0.000       0.000
      710.074       0.000       0.000       0.000       0.000       0.000
      710.074       0.000       1.000       0.000
      711.073      36.261      36.444    -135.627   21309.229     100.306    -113.734    221258.4  21122376.0   20088.543     100.940
      711.073 0.000000228      46.089     226.601      20.290     0.87488     0.82417     1.19997     0.06900     0.00000       1.062
      711.073     136.573      -0.290    9999.990      19.165      40.000      39.999      65.000      65.005      -0.000
      711.073   15388.837      -0.056   12912.523   -3812.372   19723.211     101.639       0.005      -0.047       0.059
      711.073    2702.276   20088.543    -101.639    1843.547       0.712      -0.041
      711.073       0.000  208790.000       0.000       0.000       0.000
      711.073       0.000       0.000       0.000       0.000       0.000
      711.073       0.000       1.000       0.000
      712.073      36.250      36.434    -135.561   21293.463     100.386    -115.153    221144.1  21122274.0   20072.951     101.025
      712.073 0.000000229      46.232     226.697      20.270     0.87487     0.82416     1.19994     0.06900     0.00000       1.062
      712.073     136.658      -0.294    9999.990      19.160      40.000      39.999      65.000      65.005      -0.000
      712.073   15376.897      -0.055   12902.496   -3838.756   19702.201     102.975       0.005      -0.047       0.059
      712.073    2705.491   20072.951    -102.975    1849.270       0.715      -0.041
      712.073       0.000  208790.000       0.000       0.000       0.000
      712.073       0.000       0.000       0.000       0.000       0.000
      712.073       0.000       1.000       0.000
      713.073      36.240      36.424    -135.495   21277.650     100.466    -116.576    221028.3  21122170.0   20057.314     101.111
      713.073 0.000000231      46.378     226.794      20.250     0.87485     0.82414     1.19992     0.06900     0.00000       1.062
      713.073     136.743      -0.298    9999.990      19.155      40.000      39.999      65.000      65.005      -0.000
      713.073   15364.921      -0.056   12892.442   -3865.111   19681.105     104.316       0.006      -0.047       0.059
      713.073    2708.706   20057.314    -104.316    1855.107       0.717      -0.041
      713.073       0.000  208790.000       0.000       0.000       0.000
      713.073       0.000       0.000       0.000       0.000       0.000
      713.073       0.000       1.000       0.000
      714.073      36.229      36.413    -135.429   21261.787     100.546    -118.002    220911.1  21122064.0   20041.633     101.196
      714.073 0.000000232      46.527     226.892      20.230     0.87483     0.82412     1.19989     0.06900     0.00000       1.062
      714.073     136.829      -0.302    9999.990      19.150      40.000      39.999      65.000      65.005      -0.000
      714.073   15352.914      -0.055   12882.354   -3891.442   19659.922     105.660       0.006      -0.047       0.060
      714.073    2711.915   20041.633    -105.660    1861.064       0.719      -0.041
      714.073       0.000  208790.000       0.000       0.000       0.000
      714.073       0.000       0.000       0.000       0.000       0.000
      714.073       0.000       1.000       0.000
      715.072      36.219      36.402    -135.362   21245.873     100.626    -119.433    220792.4  21121958.0   20025.898     101.282
      715.072 0.000000233      46.679     226.991      20.210     0.87481     0.82411     1.19986     0.06900     0.00000       1.062
      715.072     136.915      -0.306    9999.990      19.145      40.000      39.999      65.000      65.005      -0.000
      715.072   15340.863      -0.057   12872.240   -3917.743   19638.646     107.009       0.006      -0.047       0.060
      715.072    2715.123   20025.900    -107.009    1867.132       0.721      -0.041
      715.072       0.000  208790.000       0.000       0.000       0.000
      715.072       0.000       0.000       0.000       0.000       0.000
      715.072       0.000       1.000       0.000
      716.072      36.208      36.392    -135.296   21229.906     100.707    -120.866    220672.3  21121852.0   20010.115     101.368
      716.072 0.000000234      46.834     227.091      20.189     0.87479     0.82409     1.19984     0.06900     0.00000       1.062
      716.072     137.000      -0.310    9999.990      19.140      40.000      39.999      65.000      65.005      -0.000
      716.072   15328.777      -0.053   12862.090   -3944.018   19617.281     108.360       0.006      -0.047       0.060
      716.072    2718.327   20010.117    -108.360    1873.321       0.724      -0.042
      716.072       0.000  208790.000       0.000       0.000       0.000
      716.072       0.000       0.000       0.000       0.000       0.000
      716.072       0.000       1.000       0.000
      717.072      36.197      36.381    -135.231   21213.893     100.787    -122.302    220550.8  21121742.0   19994.289     101.454
      717.072 0.000000235      46.991     227.193      20.169     0.87477     0.82407     1.19981     0.06900     0.00000       1.062
      717.072     137.086      -0.314    9999.990      19.135      40.000      39.999      65.000      65.005      -0.000
      717.072   15316.657      -0.053   12851.912   -3970.270   19595.830     109.714       0.006      -0.047       0.060
      717.072    2721.528   19994.291    -109.714    1879.625       0.726      -0.042
      717.072       0.000  208790.000       0.000       0.000       0.000
      717.072       0.000       0.000       0.000       0.000       0.000
      717.072       0.000       1.000       0.000
      718.072      36.187      36.370    -135.165   21197.820     100.867    -123.740    220427.9  21121632.0   19978.402     101.540
      718.072 0.000000236      47.152     227.296      20.148     0.87475     0.82405     1.19978     0.06900     0.00000       1.062
      718.072     137.172      -0.319    9999.990      19.130      40.000      39.999      65.000      65.005      -0.000
      718.072   15304.487      -0.058   12841.697   -3996.490   19574.275     111.070       0.006      -0.047       0.060
      718.072    2724.728   19978.400    -111.070    1886.053       0.729      -0.042
      718.072       0.000  208790.000       0.000       0.000       0.000
      718.072       0.000       0.000       0.000       0.000       0.000
      718.072       0.000       1.000       0.000
      719.071      36.176      36.359    -135.099   21181.697     100.948    -125.179    220303.5  21121520.0   19962.469     101.626
      719.071 0.000000237      47.316     227.399      20.128     0.87473     0.82404     1.19976     0.06900     0.00000       1.062
      719.071     137.258      -0.323    9999.990      19.125      40.000      39.999      65.000      65.005      -0.000
      719.071   15292.288      -0.057   12831.452   -4022.688   19552.635     112.428       0.007      -0.047       0.060
      719.071    2727.923   19962.471    -112.428    1892.602       0.731      -0.042
      719.071       0.000  208790.000       0.000       0.000       0.000
      719.071       0.000       0.000       0.000       0.000       0.000
      719.071       0.000       1.000       0.000
      720.071      36.165      36.348    -135.033   21165.518     101.029    -126.620    220177.6  21121406.0   19946.480     101.712
      720.071 0.000000239      47.483     227.505      20.107     0.87470     0.82402     1.19973     0.06900     0.00000       1.062
      720.071     137.345      -0.327    9999.990      19.120      40.000      39.999      65.000      65.005      -0.000
      720.071   15280.044      -0.056   12821.168   -4048.858   19530.896     113.788       0.007      -0.047       0.060
      720.071    2731.117   19946.480    -113.788    1899.272       0.734      -0.042
      720.071       0.000  208790.000       0.000       0.000       0.000
      720.071       0.000       0.000       0.000       0.000       0.000
      720.071       0.000       1.000       0.000
      721.071      36.154      36.337    -134.968   21149.277     101.109    -128.061    220050.4  21121292.0   19930.438     101.798
      721.071 0.000000240      47.652     227.611      20.086     0.87468     0.82400     1.19970     0.06900     0.00000       1.062
      721.071     137.431      -0.331    9999.990      19.114      40.000      39.999      65.000      65.005      -0.000
      721.071   15267.756      -0.056   12810.853   -4075.006   19509.061     115.148       0.007      -0.047       0.060
      721.071    2734.307   19930.438    -115.148    1906.060       0.736      -0.042
      721.071       0.000  208790.000       0.000       0.000       0.000
      721.071       0.000       0.000       0.000       0.000       0.000
      721.071       0.000       1.000       0.000
      722.071      36.143      36.326    -134.902   21132.982     101.190    -129.503    219921.7  21121176.0   19914.336     101.885
      722.071 0.000000241      47.825     227.719      20.065     0.87466     0.82398     1.19968     0.06900     0.00000       1.062
      722.071     137.517      -0.335    9999.990      19.109      40.000      39.999      65.000      65.005      -0.000
      722.071   15255.428      -0.056   12800.499   -4101.126   19487.125     116.508       0.007      -0.047       0.060
      722.071    2737.494   19914.338    -116.508    1912.975       0.739      -0.043
      722.071       0.000  208790.000       0.000       0.000       0.000
      722.071       0.000       0.000       0.000       0.000       0.000
      722.071       0.000       1.000       0.000
      723.070      36.132      36.315    -134.837   21116.627     101.271    -130.944    219791.5  21121060.0   19898.182     101.971
      723.070 0.000000242      48.001     227.827      20.044     0.87464     0.82397     1.19965     0.06900     0.00000       1.062
      723.070     137.604      -0.339    9999.990      19.104      40.000      39.999      65.000      65.005      -0.000
      723.070   15243.057      -0.055   12790.108   -4127.222   19465.092     117.868       0.007      -0.047       0.060
      723.070    2740.679   19898.182    -117.868    1920.017       0.742      -0.043
      723.070       0.000  208790.000       0.000       0.000       0.000
      723.070       0.000       0.000       0.000       0.000       0.000
      723.070       0.000       1.000       0.000
      724.070      36.120      36.304    -134.771   21100.209     101.352    -132.385    219659.9  21120942.0   19881.967     102.058
      724.070 0.000000244      48.180     227.937      20.023     0.87462     0.82395     1.19962     0.06900     0.00000       1.062
      724.070     137.691      -0.344    9999.990      19.099      40.000      39.999      65.000      65.005      -0.000
      724.070   15230.640      -0.054   12779.679   -4153.293   19442.955     119.227       0.008      -0.047       0.060
      724.070    2743.859   19881.967    -119.227    1927.178       0.744      -0.043
      724.070       0.000  208790.000       0.000       0.000       0.000
      724.070       0.000       0.000       0.000       0.000       0.000
      724.070       0.000       1.000       0.000
      725.070      36.109      36.292    -134.706   21083.736     101.433    -133.824    219526.9  21120822.0   19865.693     102.145
      725.070 0.000000245      48.363     228.048      20.001     0.87460     0.82393     1.19959     0.06900     0.00000       1.062
      725.070     137.778      -0.348    9999.990      19.094      40.000      39.999      65.000      65.005      -0.000
      725.070   15218.177      -0.053   12769.214   -4179.343   19420.719     120.585       0.008      -0.047       0.060
      725.070    2747.037   19865.691    -120.585    1934.469       0.747      -0.043
      725.070       0.000  208790.000       0.000       0.000       0.000
      725.070       0.000       0.000       0.000       0.000       0.000
      725.070       0.000       1.000       0.000
      726.070      36.098      36.281    -134.641   21067.199     101.515    -135.261    219392.4  21120700.0   19849.363     102.232
      726.070 0.000000246      48.548     228.161      19.980     0.87458     0.82391     1.19957     0.06900     0.00000       1.061
      726.070     137.865      -0.352    9999.990      19.089      40.000      39.999      65.000      65.005      -0.000
      726.070   15205.670      -0.057   12758.716   -4205.366   19398.383     121.942       0.008      -0.047       0.060
      726.070    2750.212   19849.363    -121.942    1941.889       0.750      -0.043
      726.070       0.000  208790.000       0.000       0.000       0.000
      726.070       0.000       0.000       0.000       0.000       0.000
      726.070       0.000       1.000       0.000
      727.070      36.086      36.270    -134.576   21050.598     101.596    -136.696    219256.5  21120578.0   19832.971     102.319
      727.070 0.000000248      48.737     228.274      19.959     0.87456     0.82389     1.19954     0.06900     0.00000       1.061
      727.070     137.952      -0.356    9999.990      19.083      40.000      39.999      65.000      65.005      -0.000
      727.070   15193.117      -0.056   12748.173   -4231.368   19375.939     123.296       0.008      -0.047       0.060
      727.070    2753.384   19832.971    -123.296    1949.435       0.753      -0.043
      727.070       0.000  208790.000       0.000       0.000       0.000
      727.070       0.000       0.000       0.000       0.000       0.000
      727.070       0.000       1.000       0.000
      728.069      36.075      36.258    -134.511   21033.932     101.678    -138.128    219119.2  21120454.0   19816.514     102.406
      728.069 0.000000249      48.929     228.389      19.937     0.87454     0.82387     1.19951     0.06900     0.00000       1.061
      728.069     138.039      -0.360    9999.990      19.078      40.000      39.999      65.000      65.005      -0.000
      728.069   15180.516      -0.056   12737.588   -4257.347   19353.389     124.647       0.008      -0.047       0.060
      728.069    2756.554   19816.514    -124.647    1957.110       0.756      -0.043
      728.069       0.000  208790.000       0.000       0.000       0.000
      728.069       0.000       0.000       0.000       0.000       0.000
      728.069       0.000       1.000       0.000
      729.069      36.063      36.246    -134.446   21017.201     101.759    -139.556    218980.4  21120328.0   19799.996     102.494
      729.069 0.000000251      49.124     228.505      19.915     0.87452     0.82386     1.19948     0.06900     0.00000       1.061
      729.069     138.127      -0.365    9999.990      19.073      40.000      39.999      65.000      65.005      -0.000
      729.069   15167.867      -0.056   12726.967   -4283.304   19330.734     125.995       0.009      -0.047       0.060
      729.069    2759.719   19799.996    -125.995    1964.916       0.759      -0.044
      729.069       0.000  208790.000       0.000       0.000       0.000
      729.069       0.000       0.000       0.000       0.000       0.000
      729.069       0.000       1.000       0.000
      730.069      36.052      36.235    -134.381   21000.404     101.841    -140.981    218840.2  21120202.0   19783.414     102.581
      730.069 0.000000252      49.322     228.622      19.894     0.87450     0.82384     1.19945     0.06900     0.00000       1.061
      730.069     138.214      -0.369    9999.990      19.068      40.000      39.999      65.000      65.005      -0.000
      730.069   15155.170      -0.055   12716.301   -4309.238   19307.971     127.340       0.009      -0.047       0.060
      730.069    2762.883   19783.414    -127.340    1972.849       0.762      -0.044
      730.069       0.000  208790.000       0.000       0.000       0.000
      730.069       0.000       0.000       0.000       0.000       0.000
      730.069       0.000       1.000       0.000
      731.069      36.040      36.223    -134.316   20983.537     101.923    -142.402    218698.6  21120074.0   19766.764     102.669
      731.069 0.000000253      49.524     228.741      19.872     0.87447     0.82382     1.19942     0.06900     0.00000       1.061
      731.069     138.302      -0.373    9999.990      19.063      40.000      39.999      65.000      65.005      -0.000
      731.069   15142.421      -0.056   12705.593   -4335.151   19285.096     128.680       0.009      -0.047       0.060
      731.069    2766.043   19766.766    -128.680    1980.917       0.765      -0.044
      731.069       0.000  208790.000       0.000       0.000       0.000
      731.069       0.000       0.000       0.000       0.000       0.000
      731.069       0.000       1.000       0.000
      732.068      36.028      36.211    -134.252   20966.604     102.005    -143.817    218555.5  21119944.0   19750.053     102.757
      732.068 0.000000255      49.729     228.860      19.850     0.87445     0.82380     1.19940     0.06900     0.00000       1.061
      732.068     138.390      -0.377    9999.990      19.057      40.000      39.999      65.000      65.005      -0.000
      732.068   15129.623      -0.056   12694.848   -4361.043   19262.113     130.015       0.009      -0.047       0.061
      732.068    2769.199   19750.055    -130.015    1989.119       0.768      -0.044
      732.068       0.000  208790.000       0.000       0.000       0.000
      732.068       0.000       0.000       0.000       0.000       0.000
      732.068       0.000       1.000       0.000
      733.068      36.016      36.199    -134.187   20949.598     102.088    -145.228    218411.1  21119814.0   19733.270     102.845
      733.068 0.000000256      49.938     228.981      19.828     0.87443     0.82378     1.19937     0.06900     0.00000       1.061
      733.068     138.478      -0.381    9999.990      19.052      40.000      39.999      65.000      65.005      -0.000
      733.068   15116.770      -0.056   12684.050   -4386.913   19239.014     131.346       0.010      -0.047       0.061
      733.068    2772.354   19733.268    -131.346    1997.453       0.771      -0.044
      733.068       0.000  208790.000       0.000       0.000       0.000
      733.068       0.000       0.000       0.000       0.000       0.000
      733.068       0.000       1.000       0.000
      734.068      36.004      36.187    -134.123   20932.520     102.170    -146.632    218265.2  21119682.0   19716.416     102.933
      734.068 0.000000258      50.149     229.103      19.805     0.87441     0.82376     1.19934     0.06900     0.00000       1.061
      734.068     138.566      -0.386    9999.990      19.047      40.000      39.999      65.000      65.005      -0.000
      734.068   15103.867      -0.054   12673.214   -4412.761   19215.803     132.670       0.010      -0.048       0.061
      734.068    2775.504   19716.418    -132.670    2005.917       0.775      -0.045
      734.068       0.000  208790.000       0.000       0.000       0.000
      734.068       0.000       0.000       0.000       0.000       0.000
      734.068       0.000       1.000       0.000
      735.068      35.992      36.175    -134.058   20915.371     102.253    -148.030    218118.0  21119548.0   19699.496     103.022
      735.068 0.000000260      50.364     229.226      19.783     0.87439     0.82374     1.19931     0.06900     0.00000       1.061
      735.068     138.655      -0.390    9999.990      19.042      40.000      39.999      65.000      65.005      -0.000
      735.068   15090.908      -0.056   12662.332   -4438.588   19192.477     133.988       0.010      -0.048       0.061
      735.068    2778.651   19699.496    -133.988    2014.515       0.778      -0.045
      735.068       0.000  208790.000       0.000       0.000       0.000
      735.068       0.000       0.000       0.000       0.000       0.000
      735.068       0.000       1.000       0.000
      736.067      35.980      36.163    -133.994   20898.148     102.335    -149.421    217969.3  21119414.0   19682.504     103.110
      736.067 0.000000261      50.582     229.350      19.761     0.87436     0.82372     1.19928     0.06900     0.00000       1.061
      736.067     138.743      -0.394    9999.990      19.037      40.000      39.999      65.000      65.005      -0.000
      736.067   15077.897      -0.055   12651.404   -4464.398   19169.033     135.299       0.010      -0.048       0.061
      736.067    2781.797   19682.506    -135.299    2023.248       0.781      -0.045
      736.067       0.000  208790.000       0.000       0.000       0.000
      736.067       0.000       0.000       0.000       0.000       0.000
      736.067       0.000       1.000       0.000
      737.067      35.968      36.151    -133.930   20880.854     102.418    -150.805    217819.2  21119278.0   19665.443     103.199
      737.067 0.000000263      50.804     229.476      19.738     0.87434     0.82370     1.19925     0.06900     0.00000       1.061
      737.067     138.832      -0.398    9999.990      19.032      40.000      39.999      65.000      65.005      -0.000
      737.067   15064.834      -0.055   12640.428   -4490.188   19145.475     136.603       0.010      -0.048       0.061
      737.067    2784.937   19665.443    -136.603    2032.119       0.785      -0.045
      737.067       0.000  208790.000       0.000       0.000       0.000
      737.067       0.000       0.000       0.000       0.000       0.000
      737.067       0.000       1.000       0.000
      738.067      35.956      36.139    -133.866   20863.479     102.501    -152.180    217667.8  21119142.0   19648.305     103.288
      738.067 0.000000264      51.029     229.602      19.716     0.87432     0.82369     1.19922     0.06900     0.00000       1.061
      738.067     138.921      -0.402    9999.990      19.027      40.000      39.999      65.000      65.005      -0.000
      738.067   15051.709      -0.054   12629.405   -4515.957   19121.793     137.899       0.011      -0.048       0.061
      738.067    2788.075   19648.303    -137.899    2041.122       0.788      -0.045
      738.067       0.000  208790.000       0.000       0.000       0.000
      738.067       0.000       0.000       0.000       0.000       0.000
      738.067       0.000       1.000       0.000
      739.067      35.943      36.127    -133.802   20846.031     102.584    -153.548    217515.0  21119002.0   19631.094     103.377
      739.067 0.000000266      51.258     229.730      19.693     0.87430     0.82367     1.19919     0.06900     0.00000       1.061
      739.067     139.010      -0.406    9999.990      19.022      40.000      39.999      65.000      65.005      -0.000
      739.067   15038.530      -0.055   12618.340   -4541.703   19097.996     139.187       0.011      -0.048       0.061
      739.067    2791.211   19631.096    -139.187    2050.263       0.792      -0.046
      739.067       0.000  208790.000       0.000       0.000       0.000
      739.067       0.000       0.000       0.000       0.000       0.000
      739.067       0.000       1.000       0.000
      740.066      35.931      36.114    -133.738   20828.502     102.667    -154.906    217360.9  21118862.0   19613.807     103.466
      740.066 0.000000268      51.490     229.859      19.670     0.87427     0.82365     1.19916     0.06900     0.00000       1.061
      740.066     139.099      -0.410    9999.990      19.017      40.000      39.999      65.000      65.005      -0.000
      740.066   15025.294      -0.052   12607.218   -4567.433   19074.072     140.466       0.011      -0.048       0.061
      740.066    2794.341   19613.807    -140.466    2059.540       0.795      -0.046
      740.066       0.000  208790.000       0.000       0.000       0.000
      740.066       0.000       0.000       0.000       0.000       0.000
      740.066       0.000       1.000       0.000
      741.066      35.919      36.102    -133.674   20810.889     102.751    -156.255    217205.4  21118722.0   19596.441     103.556
      741.066 0.000000269      51.725     229.989      19.647     0.87425     0.82363     1.19913     0.06900     0.00000       1.061
      741.066     139.189      -0.414    9999.990      19.011      40.000      39.999      65.000      65.005      -0.000
      741.066   15011.994      -0.055   12596.051   -4593.142   19050.023     141.735       0.011      -0.048       0.061
      741.066    2797.470   19596.441    -141.735    2068.956       0.799      -0.046
      741.066       0.000  208790.000       0.000       0.000       0.000
      741.066       0.000       0.000       0.000       0.000       0.000
      741.066       0.000       1.000       0.000
      742.066      35.906      36.089    -133.610   20793.201     102.835    -157.594    217048.5  21118580.0   19578.996     103.646
      742.066 0.000000271      51.964     230.120      19.624     0.87423     0.82361     1.19910     0.06900     0.00000       1.061
      742.066     139.278      -0.418    9999.990      19.006      40.000      39.999      65.000      65.005      -0.000
      742.066   14998.639      -0.054   12584.830   -4618.833   19025.852     142.995       0.012      -0.048       0.061
      742.066    2800.596   19578.996    -142.995    2078.505       0.802      -0.046
      742.066       0.000  208790.000       0.000       0.000       0.000
      742.066       0.000       0.000       0.000       0.000       0.000
      742.066       0.000       1.000       0.000
      743.066      35.894      36.077    -133.546   20775.428     102.918    -158.922    216890.3  21118436.0   19561.475     103.735
      743.066 0.000000273      52.206     230.252      19.601     0.87421     0.82359     1.19907     0.06900     0.00000       1.061
      743.066     139.368      -0.422    9999.990      19.001      40.000      39.999      65.000      65.005      -0.000
      743.066   14985.222      -0.055   12573.562   -4644.507   19001.555     144.244       0.012      -0.048       0.061
      743.066    2803.717   19561.477    -144.244    2088.197       0.806      -0.046
      743.066       0.000  208790.000       0.000       0.000       0.000
      743.066       0.000       0.000       0.000       0.000       0.000
      743.066       0.000       1.000       0.000
      744.065      35.881      36.064    -133.483   20757.572     103.002    -160.239    216730.8  21118292.0   19543.873     103.825
      744.065 0.000000275      52.452     230.386      19.577     0.87418     0.82357     1.19904     0.06900     0.00000       1.061
      744.065     139.458      -0.427    9999.990      18.997      40.000      39.999      65.000      65.005      -0.000
      744.065   14971.743      -0.055   12562.242   -4670.161   18977.129     145.482       0.012      -0.048       0.061
      744.065    2806.836   19543.873    -145.482    2098.022       0.810      -0.047
      744.065       0.000  208790.000       0.000       0.000       0.000
      744.065       0.000       0.000       0.000       0.000       0.000
      744.065       0.000       1.000       0.000
      745.065      35.868      36.051    -133.419   20739.631     103.087    -161.545    216569.9  21118146.0   19526.184     103.916
      745.065 0.000000276      52.701     230.520      19.554     0.87416     0.82355     1.19901     0.06900     0.00000       1.061
      745.065     139.549      -0.430    9999.990      18.992      40.000      39.999      65.000      65.005      -0.000
      745.065   14958.197      -0.055   12550.864   -4695.795   18952.568     146.709       0.012      -0.048       0.061
      745.065    2809.952   19526.184    -146.709    2107.991       0.814      -0.047
      745.065       0.000  208790.000       0.000       0.000       0.000
      745.065       0.000       0.000       0.000       0.000       0.000
      745.065       0.000       1.000       0.000
      746.065      35.856      36.038    -133.356   20721.605     103.171    -162.838    216407.8  21117998.0   19508.420     104.006
      746.065 0.000000278      52.954     230.656      19.530     0.87414     0.82353     1.19898     0.06900     0.00000       1.061
      746.065     139.639      -0.434    9999.990      18.987      40.000      39.999      65.000      65.005      -0.000
      746.065   14944.596      -0.053   12539.438   -4721.414   18927.885     147.924       0.013      -0.048       0.061
      746.065    2813.064   19508.420    -147.924    2118.096       0.818      -0.047
      746.065       0.000  208790.000       0.000       0.000       0.000
      746.065       0.000       0.000       0.000       0.000       0.000
      746.065       0.000       1.000       0.000
      747.065      35.843      36.026    -133.292   20703.492     103.255    -164.120    216244.4  21117850.0   19490.568     104.097
      747.065 0.000000280      53.210     230.792      19.507     0.87411     0.82351     1.19895     0.06900     0.00000       1.061
      747.065     139.730      -0.438    9999.990      18.982      40.000      39.999      65.000      65.005      -0.000
      747.065   14930.928      -0.054   12527.957   -4747.012   18903.066     149.126       0.013      -0.048       0.061
      747.065    2816.172   19490.570    -149.126    2128.337       0.822      -0.047
      747.065       0.000  208790.000       0.000       0.000       0.000
      747.065       0.000       0.000       0.000       0.000       0.000
      747.065       0.000       1.000       0.000
      748.064      35.830      36.013    -133.229   20685.291     103.340    -165.388    216079.7  21117700.0   19472.633     104.188
      748.064 0.000000282      53.470     230.930      19.483     0.87409     0.82349     1.19892     0.06900     0.00000       1.061
      748.064     139.821      -0.442    9999.990      18.977      40.000      39.999      65.000      65.005      -0.000
      748.064   14917.191      -0.055   12516.422   -4772.593   18878.113     150.315       0.013      -0.048       0.061
      748.064    2819.279   19472.633    -150.315    2138.720       0.826      -0.048
      748.064       0.000  208790.000       0.000       0.000       0.000
      748.064       0.000       0.000       0.000       0.000       0.000
      748.064       0.000       1.000       0.000
      749.064      35.817      36.000    -133.166   20667.000     103.425    -166.642    215913.8  21117548.0   19454.611     104.279
      749.064 0.000000284      53.733     231.069      19.459     0.87407     0.82346     1.19889     0.06900     0.00000       1.061
      749.064     139.912      -0.446    9999.990      18.972      40.000      39.999      65.000      65.005      -0.000
      749.064   14903.396      -0.055   12504.829   -4798.160   18853.027     151.491       0.013      -0.048       0.061
      749.064    2822.380   19454.613    -151.491    2149.244       0.830      -0.048
      749.064       0.000  208790.000       0.000       0.000       0.000
      749.064       0.000       0.000       0.000       0.000       0.000
      749.064       0.000       1.000       0.000
      750.064      35.804      35.987    -133.103   20648.617     103.510    -167.882    215746.5  21117396.0   19436.498     104.370
      750.064 0.000000286      53.999     231.208      19.435     0.87404     0.82344     1.19885     0.06900     0.00000       1.061
      750.064     140.003      -0.450    9999.990      18.967      40.000      39.999      65.000      65.005      -0.000
      750.064   14889.522      -0.054   12493.180   -4823.706   18827.799     152.653       0.014      -0.048       0.061
      750.064    2825.479   19436.496    -152.653    2159.903       0.834      -0.048
      750.064       0.000  208790.000       0.000       0.000       0.000
      750.064       0.000       0.000       0.000       0.000       0.000
      750.064       0.000       1.000       0.000
      751.064      35.791      35.973    -133.040   20630.143     103.595    -169.108    215578.1  21117244.0   19418.297     104.462
      751.064 0.000000288      54.270     231.349      19.411     0.87402     0.82342     1.19882     0.06900     0.00000       1.061
      751.064     140.095      -0.454    9999.990      18.963      40.000      39.999      65.000      65.005      -0.000
      751.064   14875.586      -0.056   12481.473   -4849.234   18802.434     153.800       0.014      -0.049       0.061
      751.064    2828.575   19418.295    -153.800    2170.703       0.838      -0.048
      751.064       0.000  208790.000       0.000       0.000       0.000
      751.064       0.000       0.000       0.000       0.000       0.000
      751.064       0.000       1.000       0.000
      752.063      35.777      35.960    -132.977   20611.574     103.681    -170.319    215408.5  21117090.0   19400.010     104.553
      752.063 0.000000290      54.543     231.491      19.387     0.87400     0.82340     1.19879     0.06900     0.00000       1.061
      752.063     140.186      -0.458    9999.990      18.958      40.000      39.999      65.000      65.005      -0.000
      752.063   14861.584      -0.054   12469.710   -4874.748   18776.932     154.933       0.014      -0.049       0.061
      752.063    2831.667   19400.008    -154.933    2181.641       0.842      -0.048
      752.063       0.000  208790.000       0.000       0.000       0.000
      752.063       0.000       0.000       0.000       0.000       0.000
      752.063       0.000       1.000       0.000
      753.063      35.764      35.947    -132.915   20592.914     103.766    -171.514    215237.6  21116934.0   19381.629     104.645
      753.063 0.000000292      54.820     231.634      19.362     0.87397     0.82338     1.19876     0.06900     0.00000       1.061
      753.063     140.278      -0.461    9999.990      18.953      40.000      39.999      65.000      65.005      -0.000
      753.063   14847.511      -0.054   12457.886   -4900.244   18751.287     156.049       0.015      -0.049       0.061
      753.063    2834.755   19381.627    -156.049    2192.719       0.846      -0.049
      753.063       0.000  208790.000       0.000       0.000       0.000
      753.063       0.000       0.000       0.000       0.000       0.000
      753.063       0.000       1.000       0.000
      754.063      35.751      35.934    -132.852   20574.156     103.852    -172.693    215065.5  21116778.0   19363.154     104.738
      754.063 0.000000294      55.100     231.778      19.338     0.87395     0.82336     1.19873     0.06900     0.00000       1.061
      754.063     140.371      -0.465    9999.990      18.949      40.000      39.998      65.000      65.005      -0.000
      754.063   14833.364      -0.055   12446.004   -4925.722   18725.498     157.150       0.015      -0.049       0.062
      754.063    2837.841   19363.154    -157.150    2203.934       0.851      -0.049
      754.063       0.000  208790.000       0.000       0.000       0.000
      754.063       0.000       0.000       0.000       0.000       0.000
      754.063       0.000       1.000       0.000
      755.063      35.737      35.920    -132.789   20555.301     103.938    -173.855    214892.3  21116620.0   19344.584     104.830
      755.063 0.000000296      55.384     231.923      19.313     0.87392     0.82334     1.19869     0.06900     0.00000       1.061
      755.063     140.463      -0.469    9999.990      18.944      40.000      39.998      65.000      65.005      -0.000
      755.063   14819.146      -0.053   12434.060   -4951.186   18699.564     158.235       0.015      -0.049       0.062
      755.063    2840.922   19344.584    -158.235    2215.286       0.855      -0.049
      755.063       0.000  208790.000       0.000       0.000       0.000
      755.063       0.000       0.000       0.000       0.000       0.000
      755.063       0.000       1.000       0.000
      756.062      35.724      35.907    -132.727   20536.348     104.025    -175.000    214718.0  21116462.0   19325.926     104.923
      756.062 0.000000298      55.672     232.068      19.289     0.87390     0.82332     1.19866     0.06900     0.00000       1.061
      756.062     140.556      -0.472    9999.990      18.940      40.000      39.998      65.000      65.005      -0.000
      756.062   14804.861      -0.054   12422.059   -4976.633   18673.488     159.302       0.016      -0.049       0.062
      756.062    2844.000   19325.928    -159.302    2226.778       0.859      -0.049
      756.062       0.000  208790.000       0.000       0.000       0.000
      756.062       0.000       0.000       0.000       0.000       0.000
      756.062       0.000       1.000       0.000
      757.062      35.710      35.893    -132.664   20517.297     104.111    -176.128    214542.4  21116302.0   19307.168     105.016
      757.062 0.000000300      55.962     232.215      19.264     0.87387     0.82330     1.19863     0.06900     0.00000       1.061
      757.062     140.649      -0.476    9999.990      18.935      40.000      39.998      65.000      65.005      -0.000
      757.062   14790.496      -0.053   12409.992   -5002.061   18647.262     160.352       0.016      -0.049       0.062
      757.062    2847.075   19307.166    -160.352    2238.408       0.864      -0.050
      757.062       0.000  208790.000       0.000       0.000       0.000
      757.062       0.000       0.000       0.000       0.000       0.000
      757.062       0.000       1.000       0.000
      758.062      35.697      35.879    -132.602   20498.143     104.198    -177.238    214365.8  21116140.0   19288.314     105.109
      758.062 0.000000302      56.257     232.363      19.239     0.87385     0.82327     1.19860     0.06900     0.00000       1.061
      758.062     140.742      -0.479    9999.990      18.931      40.000      39.998      65.000      65.005      -0.000
      758.062   14776.059      -0.054   12397.867   -5027.475   18620.889     161.384       0.016      -0.049       0.062
      758.062    2850.148   19288.312    -161.384    2250.177       0.868      -0.050
      758.062       0.000  208790.000       0.000       0.000       0.000
      758.062       0.000       0.000       0.000       0.000       0.000
      758.062       0.000       1.000       0.000
      759.062      35.683      35.866    -132.540   20478.893     104.285    -178.329    214188.1  21115978.0   19269.363     105.203
      759.062 0.000000305      56.554     232.512      19.214     0.87382     0.82325     1.19856     0.06900     0.00000       1.061
      759.062     140.835      -0.483    9999.990      18.927      40.000      39.998      65.000      65.005      -0.000
      759.062   14761.549      -0.056   12385.681   -5052.872   18594.367     162.397       0.017      -0.049       0.062
      759.062    2853.214   19269.365    -162.397    2262.082       0.873      -0.050
      759.062       0.000  208790.000       0.000       0.000       0.000
      759.062       0.000       0.000       0.000       0.000       0.000
      759.062       0.000       1.000       0.000
      760.061      35.669      35.852    -132.478   20459.535     104.372    -179.401    214009.3  21115816.0   19250.312     105.296
      760.061 0.000000307      56.855     232.661      19.189     0.87380     0.82323     1.19853     0.06900     0.00000       1.061
      760.061     140.929      -0.486    9999.990      18.923      40.000      39.998      65.000      65.005      -0.000
      760.061   14746.963      -0.054   12373.425   -5078.251   18567.693     163.392       0.017      -0.049       0.062
      760.061    2856.278   19250.312    -163.392    2274.120       0.877      -0.051
      760.061       0.000  208790.000       0.000       0.000       0.000
      760.061       0.000       0.000       0.000       0.000       0.000
      760.061       0.000       1.000       0.000
      761.061      35.656      35.838    -132.416   20440.070     104.459    -180.454    213829.4  21115652.0   19231.156     105.390
      761.061 0.000000309      57.160     232.811      19.164     0.87377     0.82321     1.19850     0.06900     0.00000       1.061
      761.061     141.023      -0.490    9999.990      18.918      40.000      39.998      65.000      65.005      -0.000
      761.061   14732.294      -0.056   12361.105   -5103.612   18540.861     164.367       0.017      -0.049       0.062
      761.061    2859.339   19231.156    -164.367    2286.294       0.882      -0.051
      761.061       0.000  208790.000       0.000       0.000       0.000
      761.061       0.000       0.000       0.000       0.000       0.000
      761.061       0.000       1.000       0.000
      762.061      35.642      35.824    -132.354   20420.504     104.547    -181.487    213648.5  21115488.0   19211.898     105.484
      762.061 0.000000311      57.468     232.963      19.138     0.87375     0.82319     1.19846     0.06900     0.00000       1.061
      762.061     141.117      -0.493    9999.990      18.914      40.000      39.998      65.000      65.005      -0.000
      762.061   14717.553      -0.053   12348.714   -5128.957   18513.875     165.322       0.018      -0.049       0.062
      762.061    2862.396   19211.900    -165.322    2298.602       0.887      -0.051
      762.061       0.000  208790.000       0.000       0.000       0.000
      762.061       0.000       0.000       0.000       0.000       0.000
      762.061       0.000       1.000       0.000
      763.061      35.628      35.810    -132.292   20400.828     104.635    -182.499    213466.5  21115322.0   19192.545     105.579
      763.061 0.000000314      57.779     233.115      19.113     0.87372     0.82316     1.19843     0.06900     0.00000       1.061
      763.061     141.212      -0.496    9999.990      18.910      40.000      39.998      65.000      65.005      -0.000
      763.061   14702.730      -0.053   12336.263   -5154.291   18486.734     166.258       0.018      -0.049       0.062
      763.061    2865.449   19192.541    -166.258    2311.040       0.892      -0.051
      763.061       0.000  208790.000       0.000       0.000       0.000
      763.061       0.000       0.000       0.000       0.000       0.000
      763.061       0.000       1.000       0.000
      764.060      35.614      35.796    -132.231   20381.049     104.723    -183.491    213283.6  21115154.0   19173.082     105.674
      764.060 0.000000316      58.093     233.268      19.087     0.87370     0.82314     1.19840     0.06900     0.00000       1.061
      764.060     141.307      -0.500    9999.990      18.906      40.000      39.998      65.000      65.005      -0.000
      764.060   14687.830      -0.054   12323.746   -5179.604   18459.438     167.172       0.018      -0.050       0.062
      764.060    2868.498   19173.082    -167.172    2323.619       0.896      -0.052
      764.060       0.000  208790.000       0.000       0.000       0.000
      764.060       0.000       0.000       0.000       0.000       0.000
      764.060       0.000       1.000       0.000
      765.060      35.600      35.782    -132.169   20361.156     104.811    -184.461    213099.7  21114988.0   19153.514     105.769
      765.060 0.000000318      58.411     233.422      19.061     0.87367     0.82312     1.19836     0.06900     0.00000       1.061
      765.060     141.402      -0.503    9999.990      18.902      40.000      39.998      65.000      65.005      -0.000
      765.060   14672.849      -0.051   12311.160   -5204.905   18431.979     168.065       0.019      -0.050       0.062
      765.060    2871.545   19153.516    -168.065    2336.326       0.901      -0.052
      765.060       0.000  208790.000       0.000       0.000       0.000
      765.060       0.000       0.000       0.000       0.000       0.000
      765.060       0.000       1.000       0.000
      766.060      35.586      35.768    -132.108   20341.156     104.900    -185.410    212914.8  21114818.0   19133.842     105.864
      766.060 0.000000321      58.732     233.576      19.035     0.87365     0.82310     1.19833     0.06900     0.00000       1.061
      766.060     141.497      -0.506    9999.990      18.898      40.000      39.998      65.000      65.005      -0.000
      766.060   14657.785      -0.053   12298.505   -5230.186   18404.361     168.937       0.019      -0.050       0.062
      766.060    2874.587   19133.842    -168.937    2349.168       0.906      -0.052
      766.060       0.000  208790.000       0.000       0.000       0.000
      766.060       0.000       0.000       0.000       0.000       0.000
      766.060       0.000       1.000       0.000
      767.060      35.571      35.754    -132.046   20321.043     104.989    -186.336    212729.0  21114650.0   19114.059     105.960
      767.060 0.000000323      59.056     233.732      19.009     0.87362     0.82307     1.19829     0.06900     0.00000       1.061
      767.060     141.593      -0.509    9999.990      18.894      40.000      39.998      65.000      65.005      -0.000
      767.060   14642.638      -0.052   12285.780   -5255.449   18376.580     169.786       0.020      -0.050       0.062
      767.060    2877.625   19114.059    -169.786    2362.134       0.911      -0.052
      767.060       0.000  208790.000       0.000       0.000       0.000
      767.060       0.000       0.000       0.000       0.000       0.000
      767.060       0.000       1.000       0.000
      768.060      35.557      35.739    -131.985   20300.816     105.078    -187.240    212542.2  21114480.0   19094.166     106.056
      768.060 0.000000326      59.384     233.888      18.983     0.87360     0.82305     1.19826     0.06900     0.00000       1.061
      768.060     141.688      -0.512    9999.990      18.891      40.000      39.998      65.000      65.005      -0.000
      768.060   14627.407      -0.054   12272.987   -5280.700   18348.633     170.613       0.020      -0.050       0.062
      768.060    2880.659   19094.168    -170.613    2375.237       0.916      -0.053
      768.060       0.000  208790.000       0.000       0.000       0.000
      768.060       0.000       0.000       0.000       0.000       0.000
      768.060       0.000       1.000       0.000
      769.059      35.543      35.725    -131.924   20280.477     105.167    -188.121    212354.6  21114308.0   19074.168     106.152
      769.059 0.000000328      59.715     234.045      18.957     0.87357     0.82303     1.19822     0.06900     0.00000       1.061
      769.059     141.785      -0.515    9999.990      18.887      40.000      39.998      65.000      65.005      -0.000
      769.059   14612.094      -0.053   12260.126   -5305.931   18320.525     171.417       0.020      -0.050       0.062
      769.059    2883.691   19074.170    -171.417    2388.464       0.921      -0.053
      769.059       0.000  208790.000       0.000       0.000       0.000
      769.059       0.000       0.000       0.000       0.000       0.000
      769.059       0.000       1.000       0.000
      770.059      35.528      35.710    -131.863   20260.025     105.257    -188.978    212166.0  21114136.0   19054.062     106.248
      770.059 0.000000331      60.049     234.202      18.931     0.87354     0.82301     1.19819     0.06900     0.00000       1.061
      770.059     141.881      -0.518    9999.990      18.884      40.000      39.998      65.000      65.005      -0.000
      770.059   14596.697      -0.055   12247.191   -5331.145   18292.252     172.198       0.021      -0.050       0.062
      770.059    2886.719   19054.062    -172.198    2401.820       0.926      -0.053
      770.059       0.000  208790.000       0.000       0.000       0.000
      770.059       0.000       0.000       0.000       0.000       0.000
      770.059       0.000       1.000       0.000
      771.059      35.514      35.696    -131.802   20239.457     105.347    -189.813    211976.7  21113964.0   19033.838     106.345
      771.059 0.000000333      60.370     234.361      18.904     0.87352     0.82298     1.19815     0.06900     0.00000       1.061
      771.059     141.978      -0.521    9999.990      18.880      40.000      39.998      65.000      65.005      -0.000
      771.059   14581.213      -0.054   12234.182   -5356.343   18263.809     172.956       0.021      -0.050       0.062
      771.059    2889.741   19033.838    -172.956    2414.685       0.931      -0.054
      771.059       0.000  208790.000       0.000       0.000       0.000
      771.059       0.000       0.000       0.000       0.000       0.000
      771.059       0.000       1.000       0.000
      772.059      35.499      35.681    -131.741   20218.777     105.437    -190.627    211786.5  21113790.0   19013.512     106.442
      772.059 0.000000336      60.692     234.520      18.878     0.87349     0.82296     1.19812     0.06900     0.00000       1.061
      772.059     142.075      -0.523    9999.990      18.877      40.000      39.998      65.000      65.005      -0.000
      772.059   14565.651      -0.054   12221.105   -5381.518   18235.205     173.694       0.021      -0.050       0.062
      772.059    2892.760   19013.512    -173.694    2427.546       0.936      -0.054
      772.059       0.000  208790.000       0.000       0.000       0.000
      772.059       0.000       0.000       0.000       0.000       0.000
      772.059       0.000       1.000       0.000
      773.058      35.485      35.667    -131.680   20197.984     105.527    -191.420    211595.5  21113616.0   18993.072     106.540
      773.058 0.000000338      61.016     234.680      18.851     0.87346     0.82294     1.19808     0.06900     0.00000       1.061
      773.058     142.172      -0.526    9999.990      18.873      40.000      39.998      65.000      65.005      -0.000
      773.058   14550.000      -0.056   12207.961   -5406.672   18206.436     174.410       0.022      -0.050       0.062
      773.058    2895.776   18993.072    -174.410    2440.525       0.941      -0.054
      773.058       0.000  208790.000       0.000       0.000       0.000
      773.058       0.000       0.000       0.000       0.000       0.000
      773.058       0.000       1.000       0.000
      774.058      35.470      35.652    -131.620   20177.078     105.618    -192.191    211403.8  21113442.0   18972.529     106.637
      774.058 0.000000341      61.344     234.840      18.824     0.87344     0.82291     1.19805     0.06900     0.00000       1.061
      774.058     142.270      -0.529    9999.990      18.870      40.000      39.998      65.000      65.005      -0.000
      774.058   14534.271      -0.052   12194.743   -5431.806   18177.504     175.105       0.022      -0.050       0.062
      774.058    2898.788   18972.527    -175.105    2453.615       0.946      -0.055
      774.058       0.000  208790.000       0.000       0.000       0.000
      774.058       0.000       0.000       0.000       0.000       0.000
      774.058       0.000       1.000       0.000
      775.058      35.455      35.637    -131.559   20156.061     105.709    -192.940    211211.2  21113266.0   18951.875     106.735
      775.058 0.000000343      61.674     235.001      18.797     0.87341     0.82289     1.19801     0.06900     0.00000       1.061
      775.058     142.368      -0.531    9999.990      18.867      40.000      39.998      65.000      65.005      -0.000
      775.058   14518.457      -0.053   12181.460   -5456.917   18148.408     175.778       0.022      -0.050       0.062
      775.058    2901.796   18951.875    -175.778    2466.820       0.951      -0.055
      775.058       0.000  208790.000       0.000       0.000       0.000
      775.058       0.000       0.000       0.000       0.000       0.000
      775.058       0.000       1.000       0.000
      776.058      35.440      35.622    -131.499   20134.928     105.800    -193.667    211018.0  21113090.0   18931.111     106.833
      776.058 0.000000346      62.007     235.163      18.770     0.87339     0.82287     1.19798     0.06900     0.00000       1.061
      776.058     142.466      -0.534    9999.990      18.863      40.000      39.998      65.000      65.005      -0.000
      776.058   14502.561      -0.051   12168.102   -5482.008   18119.145     176.429       0.023      -0.051       0.062
      776.058    2904.800   18931.111    -176.429    2480.133       0.957      -0.055
      776.058       0.000  208790.000       0.000       0.000       0.000
      776.058       0.000       0.000       0.000       0.000       0.000
      776.058       0.000       1.000       0.000
      777.057      35.425      35.607    -131.438   20113.676     105.891    -194.372    210824.0  21112914.0   18910.232     106.932
      777.057 0.000000349      62.343     235.325      18.743     0.87336     0.82284     1.19794     0.06900     0.00000       1.061
      777.057     142.565      -0.536    9999.990      18.860      40.000      39.998      65.000      65.005      -0.000
      777.057   14486.572      -0.053   12154.672   -5507.074   18089.711     177.058       0.023      -0.051       0.063
      777.057    2907.800   18910.230    -177.058    2493.556       0.962      -0.055
      777.057       0.000  208790.000       0.000       0.000       0.000
      777.057       0.000       0.000       0.000       0.000       0.000
      777.057       0.000       1.000       0.000
      778.057      35.410      35.592    -131.378   20092.307     105.983    -195.054    210629.3  21112736.0   18889.238     107.031
      778.057 0.000000351      62.681     235.488      18.716     0.87333     0.82282     1.19791     0.06900     0.00000       1.061
      778.057     142.663      -0.539    9999.990      18.857      40.000      39.998      65.000      65.005      -0.000
      778.057   14470.497      -0.053   12141.170   -5532.119   18060.105     177.665       0.024      -0.051       0.063
      778.057    2910.796   18889.236    -177.665    2507.084       0.967      -0.056
      778.057       0.000  208790.000       0.000       0.000       0.000
      778.057       0.000       0.000       0.000       0.000       0.000
      778.057       0.000       1.000       0.000
      779.057      35.395      35.577    -131.318   20070.820     106.075    -195.713    210433.9  21112558.0   18868.135     107.130
      779.057 0.000000354      63.022     235.651      18.688     0.87330     0.82280     1.19787     0.06900     0.00000       1.061
      779.057     142.762      -0.541    9999.990      18.854      40.000      39.998      65.000      65.005      -0.000
      779.057   14454.340      -0.051   12127.596   -5557.142   18030.334     178.248       0.024      -0.051       0.063
      779.057    2913.789   18868.135    -178.248    2520.721       0.972      -0.056
      779.057       0.000  208790.000       0.000       0.000       0.000
      779.057       0.000       0.000       0.000       0.000       0.000
      779.057       0.000       1.000       0.000
      780.057      35.380      35.562    -131.258   20049.217     106.167    -196.348    210237.9  21112380.0   18846.918     107.229
      780.057 0.000000357      63.365     235.815      18.661     0.87328     0.82277     1.19783     0.06900     0.00000       1.061
      780.057     142.862      -0.544    9999.990      18.851      40.000      39.998      65.000      65.005      -0.000
      780.057   14438.093      -0.053   12113.949   -5582.140   18000.391     178.807       0.025      -0.051       0.063
      780.057    2916.777   18846.916    -178.807    2534.461       0.977      -0.056
      780.057       0.000  208790.000       0.000       0.000       0.000
      780.057       0.000       0.000       0.000       0.000       0.000
      780.057       0.000       1.000       0.000
      781.056      35.365      35.547    -131.198   20027.492     106.259    -196.960    210041.3  21112200.0   18825.582     107.329
      781.056 0.000000360      63.711     235.980      18.633     0.87325     0.82275     1.19780     0.06900     0.00000       1.061
      781.056     142.962      -0.546    9999.990      18.849      40.000      39.998      65.000      65.005      -0.000
      781.056   14421.759      -0.053   12100.226   -5607.115   17970.271     179.344       0.025      -0.051       0.063
      781.056    2919.761   18825.582    -179.344    2548.299       0.983      -0.057
      781.056       0.000  208790.000       0.000       0.000       0.000
      781.056       0.000       0.000       0.000       0.000       0.000
      781.056       0.000       1.000       0.000
      782.056      35.350      35.532    -131.139   20005.646     106.352    -197.548    209844.1  21112022.0   18804.129     107.429
      782.056 0.000000362      64.060     236.145      18.605     0.87322     0.82272     1.19776     0.06900     0.00000       1.061
      782.056     143.062      -0.548    9999.990      18.846      40.000      39.997      65.000      65.005      -0.000
      782.056   14405.335      -0.052   12086.426   -5632.065   17939.979     179.856       0.025      -0.051       0.063
      782.056    2922.740   18804.133    -179.856    2562.236       0.988      -0.057
      782.056       0.000  208790.000       0.000       0.000       0.000
      782.056       0.000       0.000       0.000       0.000       0.000
      782.056       0.000       1.000       0.000
      783.056      35.334      35.516    -131.079   19983.680     106.445    -198.111    209646.3  21111842.0   18782.564     107.530
      783.056 0.000000365      64.411     236.310      18.577     0.87319     0.82270     1.19772     0.06900     0.00000       1.061
      783.056     143.162      -0.550    9999.990      18.843      40.000      39.997      65.000      65.005      -0.000
      783.056   14388.820      -0.054   12072.555   -5656.996   17909.512     180.344       0.026      -0.051       0.063
      783.056    2925.717   18782.564    -180.344    2576.279       0.993      -0.057
      783.056       0.000  208790.000       0.000       0.000       0.000
      783.056       0.000       0.000       0.000       0.000       0.000
      783.056       0.000       1.000       0.000
      784.056      35.319      35.501    -131.019   19961.590     106.538    -198.650    209447.9  21111660.0   18760.879     107.630
      784.056 0.000000368      64.765     236.476      18.549     0.87317     0.82267     1.19769     0.06900     0.00000       1.061
      784.056     143.263      -0.552    9999.990      18.841      40.000      39.997      65.000      65.005      -0.000
      784.056   14372.217      -0.052   12058.607   -5681.901   17878.867     180.808       0.026      -0.051       0.063
      784.056    2928.689   18760.881    -180.808    2590.414       0.999      -0.058
      784.056       0.000  208790.000       0.000       0.000       0.000
      784.056       0.000       0.000       0.000       0.000       0.000
      784.056       0.000       1.000       0.000
      785.055      35.304      35.485    -130.960   19939.373     106.632    -199.164    209249.0  21111480.0   18739.072     107.731
      785.055 0.000000371      65.120     236.642      18.521     0.87314     0.82265     1.19765     0.06900     0.00000       1.061
      785.055     143.364      -0.554    9999.990      18.838      40.000      39.997      65.000      65.005      -0.000
      785.055   14355.518      -0.053   12044.580   -5706.779   17848.043     181.247       0.026      -0.051       0.063
      785.055    2931.657   18739.070    -181.247    2604.642       1.004      -0.058
      785.055       0.000  208790.000       0.000       0.000       0.000
      785.055       0.000       0.000       0.000       0.000       0.000
      785.055       0.000       1.000       0.000
      786.055      35.288      35.470    -130.901   19917.033     106.726    -199.653    209049.7  21111298.0   18717.145     107.833
      786.055 0.000000374      65.478     236.809      18.493     0.87311     0.82263     1.19761     0.06900     0.00000       1.061
      786.055     143.465      -0.556    9999.990      18.836      40.000      39.997      65.000      65.005      -0.000
      786.055   14338.732      -0.053   12030.475   -5731.633   17817.041     181.661       0.027      -0.051       0.063
      786.055    2934.620   18717.146    -181.661    2618.961       1.010      -0.058
      786.055       0.000  208790.000       0.000       0.000       0.000
      786.055       0.000       0.000       0.000       0.000       0.000
      786.055       0.000       1.000       0.000
      787.055      35.273      35.454    -130.842   19894.572     106.820    -200.116    208849.8  21111116.0   18695.102     107.934
      787.055 0.000000377      65.839     236.976      18.465     0.87308     0.82260     1.19757     0.06900     0.00000       1.061
      787.055     143.567      -0.558    9999.990      18.834      40.000      39.997      65.000      65.005      -0.000
      787.055   14321.851      -0.052   12016.296   -5756.461   17785.859     182.050       0.027      -0.052       0.063
      787.055    2937.579   18695.100    -182.050    2633.372       1.015      -0.058
      787.055       0.000  208790.000       0.000       0.000       0.000
      787.055       0.000       0.000       0.000       0.000       0.000
      787.055       0.000       1.000       0.000
      788.055      35.257      35.438    -130.782   19871.979     106.914    -200.555    208649.5  21110934.0   18672.934     108.036
      788.055 0.000000380      66.201     237.144      18.437     0.87305     0.82258     1.19754     0.06900     0.00000       1.061
      788.055     143.669      -0.560    9999.990      18.831      40.000      39.997      65.000      65.005      -0.000
      788.055   14304.878      -0.053   12002.039   -5781.263   17754.498     182.414       0.028      -0.052       0.063
      788.055    2940.534   18672.934    -182.414    2647.873       1.021      -0.059
      788.055       0.000  208790.000       0.000       0.000       0.000
      788.055       0.000       0.000       0.000       0.000       0.000
      788.055       0.000       1.000       0.000
      789.054      35.241      35.423    -130.723   19849.262     107.009    -200.967    208448.7  21110752.0   18650.646     108.139
      789.054 0.000000383      66.566     237.312      18.408     0.87303     0.82255     1.19750     0.06900     0.00000       1.061
      789.054     143.771      -0.561    9999.990      18.829      40.000      39.997      65.000      65.005      -0.000
      789.054   14287.812      -0.051   11987.697   -5806.038   17722.953     182.752       0.028      -0.052       0.063
      789.054    2943.484   18650.643    -182.752    2662.449       1.026      -0.059
      789.054       0.000  208790.000       0.000       0.000       0.000
      789.054       0.000       0.000       0.000       0.000       0.000
      789.054       0.000       1.000       0.000
      790.054      35.225      35.407    -130.665   19826.418     107.104    -201.354    208247.6  21110568.0   18628.232     108.242
      790.054 0.000000386      66.933     237.480      18.379     0.87300     0.82253     1.19746     0.06900     0.00000       1.061
      790.054     143.874      -0.563    9999.990      18.827      40.000      39.997      65.000      65.005      -0.000
      790.054   14270.655      -0.052   11973.283   -5830.786   17691.229     183.064       0.029      -0.052       0.063
      790.054    2946.432   18628.234    -183.064    2677.117       1.032      -0.059
      790.054       0.000  208790.000       0.000       0.000       0.000
      790.054       0.000       0.000       0.000       0.000       0.000
      790.054       0.000       1.000       0.000
      791.054      35.210      35.391    -130.606   19803.443     107.199    -201.714    208046.1  21110386.0   18605.699     108.345
      791.054 0.000000389      67.301     237.649      18.351     0.87297     0.82250     1.19742     0.06900     0.00000       1.061
      791.054     143.977      -0.565    9999.990      18.825      40.000      39.997      65.000      65.005      -0.000
      791.054   14253.399      -0.052   11958.788   -5855.508   17659.314     183.351       0.029      -0.052       0.063
      791.054    2949.375   18605.697    -183.351    2691.861       1.038      -0.060
      791.054       0.000  208790.000       0.000       0.000       0.000
      791.054       0.000       0.000       0.000       0.000       0.000
      791.054       0.000       1.000       0.000
      792.054      35.194      35.375    -130.547   19780.342     107.295    -202.049    207844.2  21110202.0   18583.039     108.448
      792.054 0.000000392      67.672     237.818      18.322     0.87294     0.82248     1.19739     0.06900     0.00000       1.061
      792.054     144.080      -0.566    9999.990      18.823      40.000      39.997      65.000      65.005      -0.000
      792.054   14236.051      -0.052   11944.214   -5880.200   17627.221     183.611       0.029      -0.052       0.063
      792.054    2952.313   18583.039    -183.611    2706.681       1.043      -0.060
      792.054       0.000  208790.000       0.000       0.000       0.000
      792.054       0.000       0.000       0.000       0.000       0.000
      792.054       0.000       1.000       0.000
      793.053      35.178      35.359    -130.489   19757.109     107.391    -202.357    207642.0  21110018.0   18560.256     108.552
      793.053 0.000000395      68.044     237.987      18.293     0.87291     0.82245     1.19735     0.06900     0.00000       1.061
      793.053     144.184      -0.568    9999.990      18.822      40.000      39.997      65.000      65.005      -0.000
      793.053   14218.606      -0.052   11929.560   -5904.862   17594.941     183.845       0.030      -0.052       0.063
      793.053    2955.247   18560.258    -183.845    2721.573       1.049      -0.060
      793.053       0.000  208790.000       0.000       0.000       0.000
      793.053       0.000       0.000       0.000       0.000       0.000
      793.053       0.000       1.000       0.000
      794.053      35.162      35.343    -130.430   19733.744     107.487    -202.638    207439.5  21109834.0   18537.346     108.656
      794.053 0.000000398      68.419     238.156      18.264     0.87288     0.82243     1.19731     0.06900     0.00000       1.061
      794.053     144.288      -0.569    9999.990      18.820      40.000      39.997      65.000      65.005      -0.000
      794.053   14201.064      -0.051   11914.822   -5929.496   17562.471     184.053       0.030      -0.052       0.063
      794.053    2958.176   18537.346    -184.053    2736.544       1.055      -0.061
      794.053       0.000  208790.000       0.000       0.000       0.000
      794.053       0.000       0.000       0.000       0.000       0.000
      794.053       0.000       1.000       0.000
      795.053      35.145      35.327    -130.372   19710.248     107.583    -202.893    207236.8  21109650.0   18514.309     108.760
      795.053 0.000000401      68.795     238.326      18.235     0.87285     0.82240     1.19727     0.06900     0.00000       1.061
      795.053     144.393      -0.570    9999.990      18.818      40.000      39.997      65.000      65.005      -0.000
      795.053   14183.428      -0.052   11900.004   -5954.101   17529.814     184.234       0.031      -0.052       0.063
      795.053    2961.101   18514.311    -184.234    2751.573       1.061      -0.061
      795.053       0.000  208790.000       0.000       0.000       0.000
      795.053       0.000       0.000       0.000       0.000       0.000
      795.053       0.000       1.000       0.000
      796.053      35.129      35.311    -130.314   19686.617     107.680    -203.121    207033.8  21109466.0   18491.146     108.865
      796.053 0.000000405      69.172     238.496      18.205     0.87283     0.82237     1.19723     0.06900     0.00000       1.061
      796.053     144.497      -0.571    9999.990      18.817      40.000      39.997      65.000      65.005      -0.000
      796.053   14165.688      -0.052   11885.104   -5978.674   17496.969     184.389       0.031      -0.053       0.063
      796.053    2964.022   18491.145    -184.389    2766.676       1.066      -0.061
      796.053       0.000  208790.000       0.000       0.000       0.000
      796.053       0.000       0.000       0.000       0.000       0.000
      796.053       0.000       1.000       0.000
      797.052      35.113      35.294    -130.256   19662.857     107.777    -203.322    206830.5  21109282.0   18467.854     108.970
      797.052 0.000000408      69.551     238.666      18.176     0.87280     0.82235     1.19719     0.06900     0.00000       1.061
      797.052     144.603      -0.572    9999.990      18.815      40.000      39.997      65.000      65.005      -0.000
      797.052   14147.855      -0.051   11870.121   -6003.216   17463.934     184.517       0.032      -0.053       0.063
      797.052    2966.938   18467.852    -184.517    2781.836       1.072      -0.062
      797.052       0.000  208790.000       0.000       0.000       0.000
      797.052       0.000       0.000       0.000       0.000       0.000
      797.052       0.000       1.000       0.000
      798.052      35.097      35.278    -130.198   19638.965     107.875    -203.497    206627.2  21109096.0   18444.438     109.076
      798.052 0.000000411      69.932     238.836      18.146     0.87277     0.82232     1.19715     0.06900     0.00000       1.061
      798.052     144.708      -0.574    9999.990      18.814      40.000      39.997      65.000      65.005      -0.000
      798.052   14129.927      -0.052   11855.061   -6027.724   17430.713     184.618       0.032      -0.053       0.064
      798.052    2969.851   18444.439    -184.618    2797.057       1.078      -0.062
      798.052       0.000  208790.000       0.000       0.000       0.000
      798.052       0.000       0.000       0.000       0.000       0.000
      798.052       0.000       1.000       0.000
      799.052      35.080      35.261    -130.140   19614.936     107.973    -203.644    206423.6  21108912.0   18420.891     109.182
      799.052 0.000000414      70.314     239.006      18.117     0.87274     0.82230     1.19711     0.06900     0.00000       1.061
      799.052     144.814      -0.574    9999.990      18.813      40.000      39.997      65.000      65.005      -0.000
      799.052   14111.896      -0.051   11839.914   -6052.201   17397.297     184.693       0.033      -0.053       0.064
      799.052    2972.759   18420.891    -184.693    2812.337       1.084      -0.062
      799.052       0.000  208790.000       0.000       0.000       0.000
      799.052       0.000       0.000       0.000       0.000       0.000
      799.052       0.000       1.000       0.000
      800.052      35.064      35.245    -130.083   19590.771     108.071    -203.764    206219.9  21108728.0   18397.213     109.288
      800.052 0.000000418      70.697     239.177      18.087     0.87271     0.82227     1.19707     0.06900     0.00000       1.061
      800.052     144.920      -0.575    9999.990      18.812      40.000      39.997      65.000      65.005      -0.000
      800.052   14093.768      -0.051   11824.685   -6076.645   17363.689     184.740       0.033      -0.053       0.064
      800.052    2975.661   18397.213    -184.740    2827.659       1.090      -0.063
      800.052       0.000  208790.000       0.000       0.000       0.000
      800.052       0.000       0.000       0.000       0.000       0.000
      800.052       0.000       1.000       0.000
      801.051      35.047      35.228    -130.025   19566.477     108.169    -203.858    206016.2  21108542.0   18373.410     109.395
      801.051 0.000000421      71.082     239.347      18.057     0.87268     0.82224     1.19704     0.06900     0.00000       1.061
      801.051     145.027      -0.576    9999.990      18.811      40.000      39.997      65.000      65.005      -0.000
      801.051   14075.541      -0.052   11809.376   -6101.051   17329.895     184.761       0.034      -0.053       0.064
      801.051    2978.560   18373.410    -184.761    2843.033       1.096      -0.063
      801.051       0.000  208790.000       0.000       0.000       0.000
      801.051       0.000       0.000       0.000       0.000       0.000
      801.051       0.000       1.000       0.000
      802.051      35.031      35.212    -129.968   19542.041     108.268    -203.924    205812.3  21108358.0   18349.471     109.502
      802.051 0.000000425      71.467     239.518      18.027     0.87265     0.82222     1.19700     0.06900     0.00000       1.061
      802.051     145.134      -0.577    9999.990      18.810      40.000      39.997      65.000      65.005      -0.000
      802.051   14057.214      -0.050   11793.977   -6125.425   17295.900     184.754       0.034      -0.053       0.064
      802.051    2981.453   18349.473    -184.754    2858.447       1.102      -0.063
      802.051       0.000  208790.000       0.000       0.000       0.000
      802.051       0.000       0.000       0.000       0.000       0.000
      802.051       0.000       1.000       0.000
      803.051      35.014      35.195    -129.911   19517.469     108.367    -203.963    205608.5  21108174.0   18325.406     109.609
      803.051 0.000000428      71.854     239.689      17.997     0.87262     0.82219     1.19696     0.06900     0.00000       1.061
      803.051     145.241      -0.578    9999.990      18.809      40.000      39.997      65.000      65.005      -0.000
      803.051   14038.786      -0.050   11778.494   -6149.759   17261.715     184.721       0.034      -0.053       0.064
      803.051    2984.342   18325.404    -184.721    2873.905       1.107      -0.064
      803.051       0.000  208790.000       0.000       0.000       0.000
      803.051       0.000       0.000       0.000       0.000       0.000
      803.051       0.000       1.000       0.000
      804.051      34.997      35.178    -129.853   19492.768     108.467    -203.975    205404.5  21107988.0   18301.211     109.717
      804.051 0.000000431      72.242     239.859      17.967     0.87259     0.82217     1.19692     0.06900     0.00000       1.061
      804.051     145.349      -0.578    9999.990      18.808      40.000      39.996      65.000      65.005      -0.000
      804.051   14020.261      -0.049   11762.932   -6174.063   17227.338     184.661       0.035      -0.054       0.064
      804.051    2987.227   18301.209    -184.661    2889.407       1.113      -0.064
      804.051       0.000  208790.000       0.000       0.000       0.000
      804.051       0.000       0.000       0.000       0.000       0.000
      804.051       0.000       1.000       0.000
      805.050      34.981      35.161    -129.796   19467.924     108.566    -203.960    205200.5  21107804.0   18276.883     109.825
      805.050 0.000000435      72.630     240.030      17.937     0.87256     0.82214     1.19688     0.06900     0.00000       1.061
      805.050     145.457      -0.579    9999.990      18.807      40.000      39.996      65.000      65.005      -0.000
      805.050   14001.633      -0.052   11747.286   -6198.322   17192.766     184.574       0.035      -0.054       0.064
      805.050    2990.107   18276.883    -184.574    2904.950       1.119      -0.065
      805.050       0.000  208790.000       0.000       0.000       0.000
      805.050       0.000       0.000       0.000       0.000       0.000
      805.050       0.000       1.000       0.000
      806.050      34.964      35.145    -129.739   19442.941     108.666    -203.918    204996.6  21107620.0   18252.422     109.934
      806.050 0.000000438      73.020     240.201      17.906     0.87253     0.82211     1.19684     0.06900     0.00000       1.061
      806.050     145.566      -0.579    9999.990      18.807      40.000      39.996      65.000      65.005      -0.000
      806.050   13982.903      -0.051   11731.553   -6222.544   17157.996     184.461       0.036      -0.054       0.064
      806.050    2992.981   18252.422    -184.461    2920.521       1.125      -0.065
      806.050       0.000  208790.000       0.000       0.000       0.000
      806.050       0.000       0.000       0.000       0.000       0.000
      806.050       0.000       1.000       0.000
      807.050      34.947      35.128    -129.683   19417.826     108.767    -203.849    204792.7  21107436.0   18227.834     110.043
      807.050 0.000000442      73.410     240.371      17.876     0.87250     0.82209     1.19679     0.06900     0.00000       1.061
      807.050     145.675      -0.579    9999.990      18.806      40.000      39.996      65.000      65.005      -0.000
      807.050   13964.078      -0.050   11715.736   -6246.733   17123.033     184.320       0.036      -0.054       0.064
      807.050    2995.852   18227.834    -184.320    2936.116       1.131      -0.065
      807.050       0.000  208790.000       0.000       0.000       0.000
      807.050       0.000       0.000       0.000       0.000       0.000
      807.050       0.000       1.000       0.000
      808.050      34.930      35.111    -129.626   19392.570     108.867    -203.754    204588.9  21107252.0   18203.111     110.152
      808.050 0.000000445      73.800     240.542      17.845     0.87247     0.82206     1.19676     0.06900     0.00000       1.061
      808.050     145.784      -0.580    9999.990      18.806      40.000      39.996      65.000      65.005      -0.000
      808.050   13945.146      -0.052   11699.834   -6270.874   17087.875     184.153       0.037      -0.054       0.064
      808.050    2998.717   18203.109    -184.153    2951.738       1.137      -0.066
      808.050       0.000  208790.000       0.000       0.000       0.000
      808.050       0.000       0.000       0.000       0.000       0.000
      808.050       0.000       1.000       0.000
      809.049      34.913      35.093    -129.569   19367.178     108.968    -203.631    204385.2  21107066.0   18178.260     110.262
      809.049 0.000000449      74.191     240.712      17.815     0.87244     0.82203     1.19671     0.06900     0.00000       1.061
      809.049     145.894      -0.580    9999.990      18.806      40.000      39.996      65.000      65.005      -0.000
      809.049   13926.117      -0.051   11683.851   -6294.973   17052.523     183.959       0.037      -0.054       0.064
      809.049    3001.578   18178.258    -183.959    2967.379       1.143      -0.066
      809.049       0.000  208790.000       0.000       0.000       0.000
      809.049       0.000       0.000       0.000       0.000       0.000
      809.049       0.000       1.000       0.000
      810.049      34.896      35.076    -129.513   19341.643     109.070    -203.482    204181.6  21106884.0   18153.270     110.372
      810.049 0.000000453      74.583     240.883      17.784     0.87241     0.82201     1.19667     0.06900     0.00000       1.061
      810.049     146.004      -0.580    9999.990      18.806      40.000      39.996      65.000      65.005      -0.000
      810.049   13906.984      -0.050   11667.775   -6319.032   17016.971     183.739       0.038      -0.054       0.064
      810.049    3004.435   18153.270    -183.739    2983.035       1.149      -0.066
      810.049       0.000  208790.000       0.000       0.000       0.000
      810.049       0.000       0.000       0.000       0.000       0.000
      810.049       0.000       1.000       0.000
      811.049      34.878      35.059    -129.457   19315.973     109.172    -203.307    203978.2  21106700.0   18128.150     110.482
      811.049 0.000000456      74.975     241.053      17.753     0.87238     0.82198     1.19663     0.06900     0.00000       1.061
      811.049     146.114      -0.580    9999.990      18.806      40.000      39.996      65.000      65.005      -0.000
      811.049   13887.753      -0.048   11651.619   -6343.050   16981.223     183.493       0.038      -0.054       0.064
      811.049    3007.286   18128.152    -183.493    2998.700       1.155      -0.067
      811.049       0.000  208790.000       0.000       0.000       0.000
      811.049       0.000       0.000       0.000       0.000       0.000
      811.049       0.000       1.000       0.000
      812.049      34.861      35.042    -129.401   19290.164     109.274    -203.105    203775.0  21106516.0   18102.902     110.593
      812.049 0.000000460      75.367     241.223      17.722     0.87235     0.82195     1.19659     0.06900     0.00000       1.061
      812.049     146.225      -0.580    9999.990      18.806      40.000      39.996      65.000      65.005      -0.000
      812.049   13868.420      -0.049   11635.377   -6367.025   16945.279     183.221       0.039      -0.055       0.064
      812.049    3010.132   18102.902    -183.221    3014.377       1.161      -0.067
      812.049       0.000  208790.000       0.000       0.000       0.000
      812.049       0.000       0.000       0.000       0.000       0.000
      812.049       0.000       1.000       0.000
      813.049      34.844      35.024    -129.345   19264.217     109.376    -202.878    203572.0  21106334.0   18077.520     110.705
      813.049 0.000000464      75.759     241.393      17.691     0.87232     0.82192     1.19655     0.06900     0.00000       1.061
      813.049     146.336      -0.580    9999.990      18.806      40.000      39.996      65.000      65.005      -0.000
      813.049   13848.982      -0.050   11619.054   -6390.954   16909.139     182.922       0.039      -0.055       0.064
      813.049    3012.974   18077.520    -182.922    3030.054       1.167      -0.067
      813.049       0.000  208790.000       0.000       0.000       0.000
      813.049       0.000       0.000       0.000       0.000       0.000
      813.049       0.000       1.000       0.000
      814.048      34.826      35.007    -129.289   19238.131     109.479    -202.624    203369.2  21106150.0   18052.006     110.816
      814.048 0.000000467      76.151     241.563      17.660     0.87228     0.82190     1.19651     0.06900     0.00000       1.061
      814.048     146.448      -0.580    9999.990      18.806      40.000      39.996      65.000      65.005      -0.000
      814.048   13829.447      -0.049   11602.642   -6414.838   16872.801     182.598       0.040      -0.055       0.064
      814.048    3015.810   18052.006    -182.598    3045.733       1.173      -0.068
      814.048       0.000  208790.000       0.000       0.000       0.000
      814.048       0.000       0.000       0.000       0.000       0.000
      814.048       0.000       1.000       0.000
      815.048      34.809      34.990    -129.233   19211.904     109.582    -202.345    203166.7  21105968.0   18026.355     110.928
      815.048 0.000000471      76.543     241.732      17.628     0.87225     0.82187     1.19647     0.06900     0.00000       1.061
      815.048     146.560      -0.579    9999.990      18.806      40.000      39.996      65.000      65.005      -0.000
      815.048   13809.806      -0.050   11586.143   -6438.674   16836.262     182.249       0.040      -0.055       0.064
      815.048    3018.642   18026.354    -182.249    3061.404       1.179      -0.068
      815.048       0.000  208790.000       0.000       0.000       0.000
      815.048       0.000       0.000       0.000       0.000       0.000
      815.048       0.000       1.000       0.000
      816.048      34.792      34.972    -129.177   19185.537     109.685    -202.040    202964.5  21105786.0   18000.574     111.041
      816.048 0.000000475      76.934     241.901      17.597     0.87222     0.82184     1.19643     0.06900     0.00000       1.061
      816.048     146.672      -0.579    9999.990      18.807      40.000      39.996      65.000      65.006      -0.000
      816.048   13790.066      -0.047   11569.558   -6462.461   16799.527     181.874       0.041      -0.055       0.064
      816.048    3021.468   18000.572    -181.874    3077.064       1.185      -0.068
      816.048       0.000  208790.000       0.000       0.000       0.000
      816.048       0.000       0.000       0.000       0.000       0.000
      816.048       0.000       1.000       0.000
      817.048      34.774      34.954    -129.122   19159.031     109.789    -201.710    202762.6  21105604.0   17974.654     111.154
      817.048 0.000000479      77.326     242.070      17.566     0.87219     0.82181     1.19638     0.06900     0.00000       1.061
      817.048     146.785      -0.578    9999.990      18.807      40.000      39.996      65.000      65.006      -0.000
      817.048   13770.219      -0.051   11552.891   -6486.197   16762.594     181.475       0.041      -0.055       0.065
      817.048    3024.290   17974.654    -181.475    3092.713       1.191      -0.069
      817.048       0.000  208790.000       0.000       0.000       0.000
      817.048       0.000       0.000       0.000       0.000       0.000
      817.048       0.000       1.000       0.000
      818.047      34.756      34.937    -129.067   19132.387     109.893    -201.355    202561.1  21105422.0   17948.609     111.267
      818.047 0.000000482      77.717     242.239      17.534     0.87216     0.82179     1.19634     0.06900     0.00000       1.061
      818.047     146.898      -0.578    9999.990      18.808      40.000      39.996      65.000      65.006      -0.000
      818.047   13750.275      -0.049   11536.139   -6509.882   16725.467     181.050       0.042      -0.055       0.064
      818.047    3027.106   17948.609    -181.050    3108.345       1.197      -0.069
      818.047       0.000  208790.000       0.000       0.000       0.000
      818.047       0.000       0.000       0.000       0.000       0.000
      818.047       0.000       1.000       0.000
      819.047      34.739      34.919    -129.011   19105.605     109.998    -200.975    202359.9  21105242.0   17922.432     111.381
      819.047 0.000000486      78.107     242.408      17.502     0.87213     0.82176     1.19630     0.06900     0.00000       1.061
      819.047     147.012      -0.577    9999.990      18.808      40.000      39.996      65.000      65.006      -0.000
      819.047   13730.230      -0.049   11519.299   -6533.514   16688.143     180.601       0.042      -0.055       0.065
      819.047    3029.918   17922.430    -180.601    3123.951       1.203      -0.069
      819.047       0.000  208790.000       0.000       0.000       0.000
      819.047       0.000       0.000       0.000       0.000       0.000
      819.047       0.000       1.000       0.000
      820.047      34.721      34.901    -128.956   19078.684     110.103    -200.571    202159.1  21105062.0   17896.121     111.495
      820.047 0.000000490      78.497     242.576      17.471     0.87210     0.82173     1.19626     0.06900     0.00000       1.061
      820.047     147.126      -0.577    9999.990      18.809      40.000      39.996      65.000      65.006      -0.000
      820.047   13710.085      -0.049   11502.378   -6557.092   16650.623     180.128       0.043      -0.055       0.065
      820.047    3032.724   17896.121    -180.128    3139.536       1.209      -0.070
      820.047       0.000  208790.000       0.000       0.000       0.000
      820.047       0.000       0.000       0.000       0.000       0.000
      820.047       0.000       1.000       0.000
      821.047      34.703      34.883    -128.901   19051.625     110.208    -200.143    201958.7  21104882.0   17869.676     111.609
      821.047 0.000000494      78.886     242.743      17.439     0.87207     0.82170     1.19622     0.06900     0.00000       1.061
      821.047     147.241      -0.576    9999.990      18.810      40.000      39.996      65.000      65.006      -0.000
      821.047   13689.835      -0.052   11485.371   -6580.614   16612.904     179.632       0.043      -0.056       0.065
      821.047    3035.525   17869.676    -179.632    3155.086       1.215      -0.070
      821.047       0.000  208790.000       0.000       0.000       0.000
      821.047       0.000       0.000       0.000       0.000       0.000
      821.047       0.000       1.000       0.000
      822.046      34.685      34.865    -128.847   19024.430     110.313    -199.694    201758.8  21104702.0   17843.107     111.724
      822.046 0.000000498      79.251     242.911      17.407     0.87203     0.82168     1.19617     0.06900     0.00000       1.061
      822.046     147.355      -0.575    9999.990      18.811      40.000      39.996      65.000      65.006      -0.000
      822.046   13669.490      -0.049   11468.281   -6604.081   16574.996     179.114       0.044      -0.056       0.065
      822.046    3038.320   17843.107    -179.114    3169.677       1.221      -0.070
      822.046       0.000  208790.000       0.000       0.000       0.000
      822.046       0.000       0.000       0.000       0.000       0.000
      822.046       0.000       1.000       0.000
      823.046      34.667      34.847    -128.792   18997.104     110.419    -199.225    201559.3  21104524.0   17816.412     111.839
      823.046 0.000000502      79.612     243.078      17.375     0.87200     0.82165     1.19613     0.06900     0.00000       1.061
      823.046     147.471      -0.574    9999.990      18.812      40.000      39.996      65.000      65.006      -0.000
      823.046   13649.049      -0.050   11451.113   -6627.482   16536.900     178.577       0.044      -0.056       0.065
      823.046    3041.111   17816.412    -178.577    3184.111       1.226      -0.071
      823.046       0.000  208790.000       0.000       0.000       0.000
      823.046       0.000       0.000       0.000       0.000       0.000
      823.046       0.000       1.000       0.000
      824.046      34.649      34.829    -128.738   18969.652     110.525    -198.739    201360.3  21104344.0   17789.598     111.955
      824.046 0.000000505      79.971     243.244      17.343     0.87197     0.82162     1.19609     0.06900     0.00000       1.061
      824.046     147.586      -0.573    9999.990      18.813      40.000      39.996      65.000      65.006      -0.000
      824.046   13628.517      -0.050   11433.865   -6650.827   16498.623     178.023       0.045      -0.056       0.065
      824.046    3043.897   17789.596    -178.023    3198.496       1.232      -0.071
      824.046       0.000  208790.000       0.000       0.000       0.000
      824.046       0.000       0.000       0.000       0.000       0.000
      824.046       0.000       1.000       0.000
      825.046      34.631      34.811    -128.683   18942.068     110.632    -198.236    201161.8  21104168.0   17762.658     112.071
      825.046 0.000000509      80.330     243.411      17.311     0.87194     0.82159     1.19605     0.06900     0.00000       1.061
      825.046     147.702      -0.572    9999.990      18.814      40.000      39.995      65.000      65.006      -0.000
      825.046   13607.889      -0.049   11416.539   -6674.102   16460.160     177.451       0.045      -0.056       0.065
      825.046    3046.677   17762.658    -177.451    3212.833       1.237      -0.071
      825.046       0.000  208790.000       0.000       0.000       0.000
      825.046       0.000       0.000       0.000       0.000       0.000
      825.046       0.000       1.000       0.000
      826.045      34.613      34.793    -128.629   18914.357     110.738    -197.715    200963.8  21103990.0   17735.596     112.188
      826.045 0.000000513      80.687     243.576      17.278     0.87191     0.82156     1.19600     0.06900     0.00000       1.061
      826.045     147.819      -0.571    9999.990      18.816      40.000      39.995      65.000      65.006      -0.000
      826.045   13587.166      -0.047   11399.136   -6697.314   16421.512     176.863       0.046      -0.056       0.065
      826.045    3049.452   17735.598    -176.863    3227.123       1.243      -0.072
      826.045       0.000  208790.000       0.000       0.000       0.000
      826.045       0.000       0.000       0.000       0.000       0.000
      826.045       0.000       1.000       0.000
      827.045      34.595      34.775    -128.575   18886.518     110.846    -197.177    200766.3  21103814.0   17708.416     112.304
      827.045 0.000000517      81.043     243.742      17.246     0.87187     0.82154     1.19596     0.06900     0.00000       1.061
      827.045     147.935      -0.570    9999.990      18.817      40.000      39.995      65.000      65.006      -0.000
      827.045   13566.354      -0.049   11381.656   -6720.460   16382.685     176.258       0.046      -0.056       0.065
      827.045    3052.222   17708.416    -176.258    3241.350       1.248      -0.072
      827.045       0.000  208790.000       0.000       0.000       0.000
      827.045       0.000       0.000       0.000       0.000       0.000
      827.045       0.000       1.000       0.000
      828.045      34.576      34.756    -128.521   18858.553     110.953    -196.623    200569.4  21103638.0   17681.115     112.421
      828.045 0.000000521      81.398     243.907      17.214     0.87184     0.82151     1.19592     0.06900     0.00000       1.061
      828.045     148.053      -0.569    9999.990      18.818      40.000      39.995      65.000      65.006      -0.000
      828.045   13545.447      -0.049   11364.098   -6743.541   16343.672     175.637       0.047      -0.056       0.065
      828.045    3054.987   17681.115    -175.637    3255.523       1.254      -0.072
      828.045       0.000  208790.000       0.000       0.000       0.000
      828.045       0.000       0.000       0.000       0.000       0.000
      828.045       0.000       1.000       0.000
      829.045      34.558      34.738    -128.467   18830.459     111.061    -196.053    200373.0  21103462.0   17653.693     112.539
      829.045 0.000000525      81.750     244.071      17.181     0.87181     0.82148     1.19588     0.06900     0.00000       1.061
      829.045     148.170      -0.568    9999.990      18.820      40.000      39.995      65.000      65.006      -0.000
      829.045   13524.451      -0.048   11346.460   -6766.553   16304.479     175.000       0.047      -0.057       0.065
      829.045    3057.746   17653.695    -175.000    3269.633       1.259      -0.073
      829.045       0.000  208790.000       0.000       0.000       0.000
      829.045       0.000       0.000       0.000       0.000       0.000
      829.045       0.000       1.000       0.000
      830.044      34.540      34.720    -128.413   18802.240     111.169    -195.468    200177.2  21103288.0   17626.152     112.657
      830.044 0.000000529      82.102     244.235      17.148     0.87178     0.82145     1.19583     0.06900     0.00000       1.061
      830.044     148.288      -0.567    9999.990      18.821      40.000      39.995      65.000      65.006      -0.000
      830.044   13503.360      -0.049   11328.751   -6789.493   16265.106     174.349       0.048      -0.057       0.066
      830.044    3060.500   17626.154    -174.349    3283.678       1.264      -0.073
      830.044       0.000  208790.000       0.000       0.000       0.000
      830.044       0.000       0.000       0.000       0.000       0.000
      830.044       0.000       1.000       0.000
      831.044      34.521      34.701    -128.360   18773.893     111.277    -194.868    199982.0  21103114.0   17598.494     112.775
      831.044 0.000000532      82.451     244.398      17.116     0.87175     0.82142     1.19579     0.06900     0.00000       1.061
      831.044     148.406      -0.565    9999.990      18.823      40.000      39.995      65.000      65.006      -0.000
      831.044   13482.179      -0.048   11310.960   -6812.363   16225.551     173.682       0.048      -0.057       0.065
      831.044    3063.249   17598.492    -173.682    3297.652       1.270      -0.073
      831.044       0.000  208790.000       0.000       0.000       0.000
      831.044       0.000       0.000       0.000       0.000       0.000
      831.044       0.000       1.000       0.000
      832.044      34.503      34.683    -128.306   18745.424     111.386    -194.253    199787.4  21102940.0   17570.715     112.894
      832.044 0.000000536      82.799     244.561      17.083     0.87171     0.82139     1.19575     0.06900     0.00000       1.061
      832.044     148.525      -0.564    9999.990      18.824      40.000      39.995      65.000      65.006      -0.000
      832.044   13460.908      -0.048   11293.098   -6835.160   16185.818     173.002       0.049      -0.057       0.066
      832.044    3065.992   17570.717    -173.002    3311.554       1.275      -0.074
      832.044       0.000  208790.000       0.000       0.000       0.000
      832.044       0.000       0.000       0.000       0.000       0.000
      832.044       0.000       1.000       0.000
      833.044      34.484      34.664    -128.253   18716.826     111.495    -193.624    199593.5  21102768.0   17542.816     113.013
      833.044 0.000000540      83.145     244.724      17.050     0.87168     0.82137     1.19570     0.06900     0.00000       1.061
      833.044     148.644      -0.563    9999.990      18.826      40.000      39.995      65.000      65.006      -0.000
      833.044   13439.545      -0.047   11275.153   -6857.883   16145.903     172.308       0.049      -0.057       0.066
      833.044    3068.729   17542.816    -172.308    3325.381       1.280      -0.074
      833.044       0.000  208790.000       0.000       0.000       0.000
      833.044       0.000       0.000       0.000       0.000       0.000
      833.044       0.000       1.000       0.000
      834.043      34.465      34.645    -128.200   18688.105     111.604    -192.983    199400.1  21102596.0   17514.805     113.133
      834.043 0.000000544      83.489     244.886      17.018     0.87165     0.82134     1.19566     0.06900     0.00000       1.061
      834.043     148.763      -0.561    9999.990      18.828      40.000      39.995      65.000      65.006      -0.000
      834.043   13418.094      -0.049   11257.141   -6880.534   16105.813     171.601       0.049      -0.057       0.066
      834.043    3071.461   17514.807    -171.601    3339.128       1.286      -0.074
      834.043       0.000  208790.000       0.000       0.000       0.000
      834.043       0.000       0.000       0.000       0.000       0.000
      834.043       0.000       1.000       0.000
      835.043      34.447      34.626    -128.147   18659.266     111.714    -192.328    199207.4  21102424.0   17486.680     113.252
      835.043 0.000000548      83.830     245.047      16.985     0.87162     0.82131     1.19562     0.06900     0.00000       1.061
      835.043     148.883      -0.560    9999.990      18.829      40.000      39.995      65.000      65.006      -0.000
      835.043   13396.555      -0.049   11239.052   -6903.106   16065.550     170.881       0.050      -0.057       0.066
      835.043    3074.189   17486.680    -170.881    3352.795       1.291      -0.074
      835.043       0.000  208790.000       0.000       0.000       0.000
      835.043       0.000       0.000       0.000       0.000       0.000
      835.043       0.000       1.000       0.000
      836.043      34.428      34.608    -128.094   18630.299     111.824    -191.661    199015.4  21102254.0   17458.436     113.373
      836.043 0.000000552      84.170     245.208      16.952     0.87158     0.82128     1.19557     0.06900     0.00000       1.061
      836.043     149.003      -0.558    9999.990      18.831      40.000      39.995      65.000      65.006      -0.000
      836.043   13374.925      -0.048   11220.887   -6925.601   16025.106     170.149       0.050      -0.057       0.066
      836.043    3076.909   17458.434    -170.149    3366.375       1.296      -0.075
      836.043       0.000  208790.000       0.000       0.000       0.000
      836.043       0.000       0.000       0.000       0.000       0.000
      836.043       0.000       1.000       0.000
      837.043      34.409      34.589    -128.041   18601.211     111.934    -190.982    198824.0  21102084.0   17430.074     113.493
      837.043 0.000000556      84.507     245.368      16.919     0.87155     0.82125     1.19553     0.06900     0.00000       1.061
      837.043     149.124      -0.557    9999.990      18.833      40.000      39.995      65.000      65.006      -0.000
      837.043   13353.209      -0.047   11202.648   -6948.018   15984.489     169.406       0.051      -0.058       0.066
      837.043    3079.625   17430.074    -169.406    3379.868       1.301      -0.075
      837.043       0.000  208790.000       0.000       0.000       0.000
      837.043       0.000       0.000       0.000       0.000       0.000
      837.043       0.000       1.000       0.000
      838.042      34.390      34.570    -127.989   18572.002     112.045    -190.292    198633.4  21101914.0   17401.605     113.614
      838.042 0.000000560      84.843     245.528      16.885     0.87152     0.82122     1.19549     0.06900     0.00000       1.061
      838.042     149.245      -0.555    9999.990      18.835      40.000      39.995      65.000      65.006      -0.000
      838.042   13331.406      -0.047   11184.340   -6970.355   15943.699     168.651       0.051      -0.058       0.066
      838.042    3082.335   17401.605    -168.651    3393.270       1.306      -0.075
      838.042       0.000  208790.000       0.000       0.000       0.000
      838.042       0.000       0.000       0.000       0.000       0.000
      838.042       0.000       1.000       0.000
      839.042      34.371      34.551    -127.937   18542.672     112.156    -189.591    198443.4  21101746.0   17373.018     113.736
      839.042 0.000000564      85.175     245.687      16.852     0.87149     0.82119     1.19544     0.06900     0.00000       1.061
      839.042     149.366      -0.554    9999.990      18.837      40.000      39.995      65.000      65.006      -0.000
      839.042   13309.517      -0.048   11165.956   -6992.607   15902.736     167.887       0.052      -0.058       0.066
      839.042    3085.039   17373.020    -167.887    3406.573       1.311      -0.076
      839.042       0.000  208790.000       0.000       0.000       0.000
      839.042       0.000       0.000       0.000       0.000       0.000
      839.042       0.000       1.000       0.000
      840.042      34.352      34.532    -127.884   18513.221     112.267    -188.880    198254.1  21101578.0   17344.318     113.857
      840.042 0.000000568      85.506     245.845      16.819     0.87145     0.82117     1.19540     0.06900     0.00000       1.061
      840.042     149.488      -0.552    9999.990      18.839      40.000      39.995      65.000      65.006      -0.000
      840.042   13287.537      -0.047   11147.498   -7014.779   15861.599     167.113       0.052      -0.058       0.066
      840.042    3087.737   17344.316    -167.113    3419.786       1.316      -0.076
      840.042       0.000  208790.000       0.000       0.000       0.000
      840.042       0.000       0.000       0.000       0.000       0.000
      840.042       0.000       1.000       0.000
      841.042      34.333      34.513    -127.832   18483.648     112.378    -188.160    198065.5  21101412.0   17315.506     113.979
      841.042 0.000000573      85.834     246.003      16.786     0.87142     0.82114     1.19536     0.06900     0.00000       1.061
      841.042     149.610      -0.550    9999.990      18.841      40.000      39.995      65.000      65.006      -0.000
      841.042   13265.472      -0.049   11128.974   -7036.866   15820.291     166.329       0.053      -0.058       0.067
      841.042    3090.431   17315.508    -166.329    3432.901       1.321      -0.076
      841.042       0.000  208790.000       0.000       0.000       0.000
      841.042       0.000       0.000       0.000       0.000       0.000
      841.042       0.000       1.000       0.000
      842.041      34.314      34.493    -127.780   18453.961     112.490    -187.431    197877.7  21101246.0   17286.582     114.102
      842.041 0.000000577      86.159     246.160      16.752     0.87139     0.82111     1.19531     0.06900     0.00000       1.061
      842.041     149.732      -0.549    9999.990      18.843      40.000      39.995      65.000      65.006      -0.000
      842.041   13243.325      -0.047   11110.372   -7058.869   15778.813     165.538       0.053      -0.058       0.066
      842.041    3093.118   17286.586    -165.538    3445.906       1.326      -0.077
      842.041       0.000  208790.000       0.000       0.000       0.000
      842.041       0.000       0.000       0.000       0.000       0.000
      842.041       0.000       1.000       0.000
      843.041      34.295      34.474    -127.728   18424.156     112.603    -186.693    197690.7  21101080.0   17257.555     114.225
      843.041 0.000000581      86.482     246.317      16.719     0.87135     0.82108     1.19527     0.06900     0.00000       1.061
      843.041     149.855      -0.547    9999.990      18.845      40.000      39.995      65.000      65.006      -0.000
      843.041   13221.093      -0.049   11091.704   -7080.784   15737.170     164.738       0.054      -0.058       0.067
      843.041    3095.800   17257.555    -164.738    3458.803       1.331      -0.077
      843.041       0.000  208790.000       0.000       0.000       0.000
      843.041       0.000       0.000       0.000       0.000       0.000
      843.041       0.000       1.000       0.000
      844.041      34.276      34.455    -127.677   18394.232     112.715    -185.949    197504.3  21100916.0   17228.412     114.348
      844.041 0.000000585      86.802     246.473      16.685     0.87132     0.82105     1.19522     0.06900     0.00000       1.061
      844.041     149.978      -0.545    9999.990      18.847      40.000      39.995      65.000      65.006      -0.000
      844.041   13198.778      -0.046   11072.962   -7102.611   15695.357     163.931       0.054      -0.058       0.067
      844.041    3098.476   17228.414    -163.931    3471.596       1.336      -0.077
      844.041       0.000  208790.000       0.000       0.000       0.000
      844.041       0.000       0.000       0.000       0.000       0.000
      844.041       0.000       1.000       0.000
      845.041      34.256      34.436    -127.625   18364.193     112.828    -185.197    197318.7  21100752.0   17199.162     114.472
      845.041 0.000000589      87.119     246.629      16.652     0.87129     0.82102     1.19518     0.06900     0.00000       1.061
      845.041     150.102      -0.543    9999.990      18.849      40.000      39.995      65.000      65.006      -0.000
      845.041   13176.377      -0.046   11054.151   -7124.349   15653.378     163.117       0.055      -0.058       0.067
      845.041    3101.147   17199.162    -163.117    3484.283       1.341      -0.077
      845.041       0.000  208790.000       0.000       0.000       0.000
      845.041       0.000       0.000       0.000       0.000       0.000
      845.041       0.000       1.000       0.000
      846.040      34.237      34.416    -127.574   18334.039     112.941    -184.439    197133.8  21100590.0   17169.807     114.596
      846.040 0.000000593      87.433     246.783      16.618     0.87125     0.82099     1.19514     0.06900     0.00000       1.061
      846.040     150.226      -0.542    9999.990      18.851      40.000      39.994      65.000      65.006      -0.000
      846.040   13153.896      -0.047   11035.273   -7145.996   15611.233     162.298       0.055      -0.059       0.067
      846.040    3103.811   17169.805    -162.298    3496.847       1.346      -0.078
      846.040       0.000  208790.000       0.000       0.000       0.000
      846.040       0.000       0.000       0.000       0.000       0.000
      846.040       0.000       1.000       0.000
      847.040      34.218      34.397    -127.523   18303.771     113.054    -183.675    196949.7  21100428.0   17140.342     114.720
      847.040 0.000000597      87.745     246.938      16.584     0.87122     0.82096     1.19509     0.06900     0.00000       1.061
      847.040     150.350      -0.540    9999.990      18.854      40.000      39.994      65.000      65.006      -0.000
      847.040   13131.330      -0.049   11016.326   -7167.549   15568.926     161.473       0.056      -0.059       0.067
      847.040    3106.469   17140.340    -161.473    3509.305       1.351      -0.078
      847.040       0.000  208790.000       0.000       0.000       0.000
      847.040       0.000       0.000       0.000       0.000       0.000
      847.040       0.000       1.000       0.000
      848.040      34.198      34.377    -127.472   18273.389     113.168    -182.907    196766.4  21100268.0   17110.773     114.845
      848.040 0.000000602      88.053     247.091      16.551     0.87119     0.82093     1.19505     0.06900     0.00000       1.061
      848.040     150.475      -0.538    9999.990      18.856      40.000      39.994      65.000      65.006      -0.000
      848.040   13108.689      -0.046   10997.312   -7189.010   15526.458     160.644       0.056      -0.059       0.067
      848.040    3109.121   17110.775    -160.644    3521.640       1.355      -0.078
      848.040       0.000  208790.000       0.000       0.000       0.000
      848.040       0.000       0.000       0.000       0.000       0.000
      848.040       0.000       1.000       0.000
      849.040      34.178      34.358    -127.421   18242.896     113.282    -182.134    196583.9  21100106.0   17081.102     114.970
      849.040 0.000000606      88.359     247.244      16.517     0.87116     0.82090     1.19500     0.06900     0.00000       1.061
      849.040     150.600      -0.536    9999.990      18.858      40.000      39.994      65.000      65.006      -0.000
      849.040   13085.964      -0.048   10978.230   -7210.375   15483.829     159.811       0.056      -0.059       0.067
      849.040    3111.768   17081.102    -159.811    3533.858       1.360      -0.079
      849.040       0.000  208790.000       0.000       0.000       0.000
      849.040       0.000       0.000       0.000       0.000       0.000
      849.040       0.000       1.000       0.000
      850.039      34.159      34.338    -127.370   18212.293     113.396    -181.357    196402.0  21099948.0   17051.322     115.096
      850.039 0.000000610      88.662     247.396      16.483     0.87112     0.82087     1.19496     0.06900     0.00000       1.061
      850.039     150.726      -0.534    9999.990      18.860      40.000      39.994      65.000      65.006      -0.000
      850.039   13063.162      -0.047   10959.082   -7231.646   15441.039     158.974       0.057      -0.059       0.067
      850.039    3114.409   17051.324    -158.974    3545.959       1.365      -0.079
      850.039       0.000  208790.000       0.000       0.000       0.000
      850.039       0.000       0.000       0.000       0.000       0.000
      850.039       0.000       1.000       0.000
      851.039      34.139      34.318    -127.319   18181.576     113.511    -180.578    196221.0  21099788.0   17021.445     115.221
      851.039 0.000000614      88.961     247.548      16.449     0.87109     0.82084     1.19491     0.06900     0.00000       1.061
      851.039     150.851      -0.532    9999.990      18.863      40.000      39.994      65.000      65.006      -0.000
      851.039   13040.280      -0.044   10939.867   -7252.818   15398.092     158.135       0.057      -0.059       0.067
      851.039    3117.043   17021.445    -158.135    3557.929       1.369      -0.079
      851.039       0.000  208790.000       0.000       0.000       0.000
      851.039       0.000       0.000       0.000       0.000       0.000
      851.039       0.000       1.000       0.000
      852.039      34.119      34.298    -127.269   18150.752     113.626    -179.796    196040.8  21099632.0   16991.467     115.348
      852.039 0.000000618      89.257     247.699      16.415     0.87105     0.82082     1.19487     0.06900     0.00000       1.061
      852.039     150.978      -0.530    9999.990      18.865      40.000      39.994      65.000      65.006      -0.000
      852.039   13017.321      -0.044   10920.588   -7273.893   15354.988     157.294       0.058      -0.059       0.068
      852.039    3119.673   16991.465    -157.294    3569.777       1.374      -0.079
      852.039       0.000  208790.000       0.000       0.000       0.000
      852.039       0.000       0.000       0.000       0.000       0.000
      852.039       0.000       1.000       0.000
      853.039      34.100      34.279    -127.219   18119.822     113.741    -179.013    195861.4  21099474.0   16961.389     115.474
      853.039 0.000000623      89.551     247.849      16.381     0.87102     0.82079     1.19483     0.06900     0.00000       1.061
      853.039     151.104      -0.529    9999.990      18.867      40.000      39.994      65.000      65.006      -0.000
      853.039   12994.286      -0.045   10901.249   -7294.867   15311.732     156.452       0.058      -0.059       0.068
      853.039    3122.296   16961.389    -156.452    3581.502       1.378      -0.080
      853.039       0.000  208790.000       0.000       0.000       0.000
      853.039       0.000       0.000       0.000       0.000       0.000
      853.039       0.000       1.000       0.000
      854.039      34.080      34.259    -127.169   18088.781     113.857    -178.229    195682.7  21099318.0   16931.207     115.601
      854.039 0.000000627      89.841     247.999      16.347     0.87099     0.82076     1.19478     0.06900     0.00000       1.061
      854.039     151.231      -0.527    9999.990      18.870      40.000      39.994      65.000      65.006      -0.000
      854.039   12971.174      -0.045   10881.842   -7315.738   15268.318     155.609       0.059      -0.059       0.068
      854.039    3124.913   16931.209    -155.609    3593.093       1.382      -0.080
      854.039       0.000  208790.000       0.000       0.000       0.000
      854.039       0.000       0.000       0.000       0.000       0.000
      854.039       0.000       1.000       0.000
      855.038      34.060      34.239    -127.119   18057.637     113.972    -177.445    195504.8  21099162.0   16900.934     115.729
      855.038 0.000000631      90.127     248.148      16.313     0.87095     0.82073     1.19474     0.06900     0.00000       1.061
      855.038     151.358      -0.525    9999.990      18.872      40.000      39.994      65.000      65.006      -0.000
      855.038   12947.987      -0.046   10862.374   -7336.508   15224.757     154.767       0.059      -0.060       0.068
      855.038    3127.525   16900.934    -154.767    3604.558       1.387      -0.080
      855.038       0.000  208790.000       0.000       0.000       0.000
      855.038       0.000       0.000       0.000       0.000       0.000
      855.038       0.000       1.000       0.000
      856.038      34.040      34.219    -127.069   18026.383     114.089    -176.661    195327.7  21099008.0   16870.557     115.856
      856.038 0.000000635      90.411     248.296      16.279     0.87092     0.82070     1.19469     0.06900     0.00000       1.061
      856.038     151.486      -0.523    9999.990      18.874      40.000      39.994      65.000      65.006      -0.000
      856.038   12924.725      -0.044   10842.840   -7357.173   15181.041     153.926       0.060      -0.060       0.068
      856.038    3130.129   16870.557    -153.926    3615.889       1.391      -0.080
      856.038       0.000  208790.000       0.000       0.000       0.000
      856.038       0.000       0.000       0.000       0.000       0.000
      856.038       0.000       1.000       0.000
      857.038      34.020      34.199    -127.019   17995.029     114.205    -175.879    195151.4  21098854.0   16840.090     115.984
      857.038 0.000000640      90.691     248.444      16.244     0.87089     0.82067     1.19465     0.06900     0.00000       1.061
      857.038     151.614      -0.521    9999.990      18.877      40.000      39.994      65.000      65.006      -0.000
      857.038   12901.390      -0.046   10823.250   -7377.734   15137.180     153.086       0.060      -0.060       0.068
      857.038    3132.729   16840.090    -153.086    3627.087       1.395      -0.081
      857.038       0.000  208790.000       0.000       0.000       0.000
      857.038       0.000       0.000       0.000       0.000       0.000
      857.038       0.000       1.000       0.000
      858.038      34.000      34.179    -126.970   17963.574     114.322    -175.099    194975.9  21098702.0   16809.525     116.113
      858.038 0.000000644      90.968     248.591      16.210     0.87085     0.82064     1.19460     0.06900     0.00000       1.061
      858.038     151.742      -0.519    9999.990      18.879      40.000      39.994      65.000      65.006      -0.000
      858.038   12877.984      -0.044   10803.596   -7398.188   15093.170     152.249       0.060      -0.060       0.068
      858.038    3135.322   16809.525    -152.249    3638.155       1.400      -0.081
      858.038       0.000  208790.000       0.000       0.000       0.000
      858.038       0.000       0.000       0.000       0.000       0.000
      858.038       0.000       1.000       0.000
      859.037      33.980      34.158    -126.920   17932.014     114.439    -174.321    194801.1  21098550.0   16778.867     116.241
      859.037 0.000000648      91.241     248.737      16.176     0.87082     0.82061     1.19456     0.06900     0.00000       1.061
      859.037     151.871      -0.517    9999.990      18.881      40.000      39.994      65.000      65.006      -0.000
      859.037   12854.504      -0.044   10783.881   -7418.533   15049.014     151.415       0.061      -0.060       0.068
      859.037    3137.909   16778.867    -151.415    3649.086       1.404      -0.081
      859.037       0.000  208790.000       0.000       0.000       0.000
      859.037       0.000       0.000       0.000       0.000       0.000
      859.037       0.000       1.000       0.000
      860.037      33.960      34.138    -126.871   17900.355     114.556    -173.547    194627.2  21098400.0   16748.119     116.370
      860.037 0.000000652      91.511     248.883      16.141     0.87079     0.82058     1.19451     0.06900     0.00000       1.061
      860.037     152.000      -0.515    9999.990      18.884      40.000      39.994      65.000      65.006      -0.000
      860.037   12830.954      -0.045   10764.108   -7438.770   15004.715     150.584       0.061      -0.060       0.069
      860.037    3140.489   16748.115    -150.584    3659.882       1.408      -0.081
      860.037       0.000  208790.000       0.000       0.000       0.000
      860.037       0.000       0.000       0.000       0.000       0.000
      860.037       0.000       1.000       0.000
      861.037      33.939      34.118    -126.822   17868.598     114.673    -172.777    194454.0  21098250.0   16717.275     116.500
      861.037 0.000000657      91.778     249.028      16.107     0.87075     0.82055     1.19447     0.06900     0.00000       1.061
      861.037     152.129      -0.513    9999.990      18.886      40.000      39.994      65.000      65.006      -0.000
      861.037   12807.332      -0.045   10744.280   -7458.895   14960.274     149.759       0.062      -0.060       0.069
      861.037    3143.065   16717.275    -149.759    3670.543       1.412      -0.082
      861.037       0.000  208790.000       0.000       0.000       0.000
      861.037       0.000       0.000       0.000       0.000       0.000
      861.037       0.000       1.000       0.000
      862.037      33.919      34.098    -126.773   17836.742     114.791    -172.012    194281.5  21098100.0   16686.346     116.630
      862.037 0.000000661      92.041     249.173      16.072     0.87072     0.82052     1.19442     0.06900     0.00000       1.061
      862.037     152.259      -0.511    9999.990      18.888      40.000      39.994      65.000      65.006      -0.000
      862.037   12783.646      -0.047   10724.394   -7478.913   14915.692     148.938       0.062      -0.060       0.069
      862.037    3145.633   16686.350    -148.938    3681.065       1.416      -0.082
      862.037       0.000  208790.000       0.000       0.000       0.000
      862.037       0.000       0.000       0.000       0.000       0.000
      862.037       0.000       1.000       0.000
      863.036      33.899      34.077    -126.724   17804.787     114.909    -171.252    194109.8  21097952.0   16655.324     116.760
      863.036 0.000000665      92.301     249.316      16.038     0.87068     0.82049     1.19438     0.06900     0.00000       1.061
      863.036     152.389      -0.510    9999.990      18.890      40.000      39.994      65.000      65.006      -0.000
      863.036   12759.889      -0.046   10704.444   -7498.814   14870.969     148.124       0.063      -0.060       0.069
      863.036    3148.195   16655.326    -148.124    3691.451       1.420      -0.082
      863.036       0.000  208790.000       0.000       0.000       0.000
      863.036       0.000       0.000       0.000       0.000       0.000
      863.036       0.000       1.000       0.000
      864.036      33.878      34.057    -126.676   17772.740     115.028    -170.499    193939.0  21097804.0   16624.221     116.890
      864.036 0.000000670      92.557     249.460      16.003     0.87065     0.82046     1.19433     0.06900     0.00000       1.061
      864.036     152.520      -0.508    9999.990      18.893      40.000      39.994      65.000      65.006      -0.000
      864.036   12736.068      -0.044   10684.443   -7518.603   14826.114     147.316       0.063      -0.061       0.069
      864.036    3150.751   16624.223    -147.316    3701.693       1.424      -0.082
      864.036       0.000  208790.000       0.000       0.000       0.000
      864.036       0.000       0.000       0.000       0.000       0.000
      864.036       0.000       1.000       0.000
      865.036      33.858      34.036    -126.627   17740.598     115.146    -169.753    193768.8  21097656.0   16593.029     117.021
      865.036 0.000000674      92.810     249.602      15.969     0.87062     0.82043     1.19429     0.06900     0.00000       1.061
      865.036     152.651      -0.506    9999.990      18.895      40.000      39.994      65.000      65.006      -0.000
      865.036   12712.177      -0.047   10664.390   -7538.275   14781.122     146.516       0.063      -0.061       0.069
      865.036    3153.301   16593.029    -146.516    3711.805       1.428      -0.082
      865.036       0.000  208790.000       0.000       0.000       0.000
      865.036       0.000       0.000       0.000       0.000       0.000
      865.036       0.000       1.000       0.000
      866.036      33.838      34.016    -126.579   17708.361     115.265    -169.014    193599.4  21097510.0   16561.754     117.152
      866.036 0.000000679      93.059     249.744      15.934     0.87058     0.82040     1.19424     0.06900     0.00000       1.061
      866.036     152.782      -0.504    9999.990      18.897      40.000      39.994      65.000      65.006      -0.000
      866.036   12688.225      -0.046   10644.280   -7557.832   14735.998     145.723       0.064      -0.061       0.069
      866.036    3155.845   16561.756    -145.723    3721.782       1.431      -0.083
      866.036       0.000  208790.000       0.000       0.000       0.000
      866.036       0.000       0.000       0.000       0.000       0.000
      866.036       0.000       1.000       0.000
      867.035      33.817      33.995    -126.531   17676.031     115.384    -168.284    193430.7  21097364.0   16530.393     117.284
      867.035 0.000000683      93.305     249.885      15.900     0.87055     0.82037     1.19420     0.06900     0.00000       1.061
      867.035     152.913      -0.502    9999.990      18.899      40.000      39.994      65.000      65.006      -0.000
      867.035   12664.206      -0.045   10624.111   -7577.271   14690.739     144.940       0.064      -0.061       0.070
      867.035    3158.382   16530.393    -144.940    3731.614       1.435      -0.083
      867.035       0.000  208790.000       0.000       0.000       0.000
      867.035       0.000       0.000       0.000       0.000       0.000
      867.035       0.000       1.000       0.000
      868.035      33.796      33.974    -126.483   17643.609     115.504    -167.563    193262.7  21097220.0   16498.947     117.416
      868.035 0.000000687      93.548     250.026      15.865     0.87051     0.82034     1.19415     0.06900     0.00000       1.061
      868.035     153.045      -0.501    9999.990      18.901      40.000      39.994      65.000      65.006      -0.000
      868.035   12640.124      -0.044   10603.893   -7596.592   14645.351     144.166       0.065      -0.061       0.070
      868.035    3160.913   16498.947    -144.166    3741.316       1.439      -0.083
      868.035       0.000  208790.000       0.000       0.000       0.000
      868.035       0.000       0.000       0.000       0.000       0.000
      868.035       0.000       1.000       0.000
      869.035      33.776      33.954    -126.435   17611.100     115.624    -166.852    193095.4  21097076.0   16467.422     117.548
      869.035 0.000000692      93.787     250.166      15.830     0.87048     0.82031     1.19410     0.06900     0.00000       1.061
      869.035     153.177      -0.499    9999.990      18.903      40.000      39.993      65.000      65.006      -0.000
      869.035   12615.978      -0.044   10583.623   -7615.794   14599.832     143.402       0.065      -0.061       0.070
      869.035    3163.438   16467.422    -143.402    3750.877       1.443      -0.083
      869.035       0.000  208790.000       0.000       0.000       0.000
      869.035       0.000       0.000       0.000       0.000       0.000
      869.035       0.000       1.000       0.000
      870.035      33.755      33.933    -126.387   17578.498     115.744    -166.151    192928.9  21096934.0   16435.814     117.681
      870.035 0.000000696      94.023     250.306      15.795     0.87044     0.82028     1.19406     0.06900     0.00000       1.061
      870.035     153.310      -0.497    9999.990      18.905      40.000      39.993      65.000      65.006      -0.000
      870.035   12591.773      -0.043   10563.299   -7634.874   14554.188     142.650       0.065      -0.061       0.070
      870.035    3165.956   16435.816    -142.650    3760.289       1.446      -0.084
      870.035       0.000  208790.000       0.000       0.000       0.000
      870.035       0.000       0.000       0.000       0.000       0.000
      870.035       0.000       1.000       0.000
      871.034      33.734      33.912    -126.340   17545.811     115.864    -165.462    192763.1  21096792.0   16404.127     117.814
      871.034 0.000000701      94.255     250.445      15.760     0.87041     0.82025     1.19401     0.06900     0.00000       1.061
      871.034     153.443      -0.496    9999.990      18.907      40.000      39.993      65.000      65.006      -0.000
      871.034   12567.503      -0.044   10542.924   -7653.830   14508.416     141.909       0.066      -0.061       0.070
      871.034    3168.468   16404.127    -141.909    3769.583       1.450      -0.084
      871.034       0.000  208790.000       0.000       0.000       0.000
      871.034       0.000       0.000       0.000       0.000       0.000
      871.034       0.000       1.000       0.000
      872.034      33.713      33.891    -126.293   17513.035     115.984    -164.784    192597.9  21096650.0   16372.364     117.947
      872.034 0.000000705      94.484     250.583      15.726     0.87038     0.82022     1.19397     0.06900     0.00000       1.061
      872.034     153.576      -0.494    9999.990      18.909      40.000      39.993      65.000      65.006      -0.000
      872.034   12543.176      -0.045   10522.505   -7672.667   14462.523     141.180       0.066      -0.061       0.070
      872.034    3170.974   16372.366    -141.180    3778.733       1.453      -0.084
      872.034       0.000  208790.000       0.000       0.000       0.000
      872.034       0.000       0.000       0.000       0.000       0.000
      872.034       0.000       1.000       0.000
      873.034      33.693      33.870    -126.246   17480.176     116.105    -164.119    192433.4  21096508.0   16340.523     118.080
      873.034 0.000000709      94.709     250.721      15.691     0.87034     0.82019     1.19392     0.06900     0.00000       1.061
      873.034     153.709      -0.493    9999.990      18.911      40.000      39.993      65.000      65.006      -0.000
      873.034   12518.790      -0.042   10502.027   -7691.375   14416.509     140.464       0.067      -0.062       0.071
      873.034    3173.473   16340.522    -140.464    3787.741       1.456      -0.084
      873.034       0.000  208790.000       0.000       0.000       0.000
      873.034       0.000       0.000       0.000       0.000       0.000
      873.034       0.000       1.000       0.000
      874.034      33.672      33.849    -126.199   17447.232     116.226    -163.467    192269.6  21096368.0   16308.609     118.214
      874.034 0.000000714      94.932     250.858      15.656     0.87031     0.82016     1.19388     0.06900     0.00000       1.061
      874.034     153.843      -0.491    9999.990      18.913      40.000      39.993      65.000      65.006      -0.000
      874.034   12494.348      -0.042   10481.507   -7709.959   14370.377     139.762       0.067      -0.062       0.071
      874.034    3175.966   16308.608    -139.762    3796.626       1.460      -0.084
      874.034       0.000  208790.000       0.000       0.000       0.000
      874.034       0.000       0.000       0.000       0.000       0.000
      874.034       0.000       1.000       0.000
      875.033      33.651      33.828    -126.152   17414.205     116.347    -162.829    192106.4  21096228.0   16276.618     118.349
      875.033 0.000000718      95.150     250.995      15.621     0.87027     0.82013     1.19383     0.06900     0.00000       1.061
      875.033     153.977      -0.490    9999.990      18.915      40.000      39.993      65.000      65.006      -0.000
      875.033   12469.845      -0.042   10460.939   -7728.417   14324.124     139.075       0.067      -0.062       0.071
      875.033    3178.451   16276.618    -139.075    3805.375       1.463      -0.085
      875.033       0.000  208790.000       0.000       0.000       0.000
      875.033       0.000       0.000       0.000       0.000       0.000
      875.033       0.000       1.000       0.000
      876.033      33.630      33.807    -126.105   17381.100     116.469    -162.205    191943.9  21096090.0   16244.558     118.483
      876.033 0.000000723      95.366     251.131      15.586     0.87024     0.82010     1.19379     0.06900     0.00000       1.061
      876.033     154.112      -0.488    9999.990      18.916      40.000      39.993      65.000      65.006      -0.000
      876.033   12445.289      -0.042   10440.326   -7746.746   14277.760     138.402       0.068      -0.062       0.071
      876.033    3180.932   16244.557    -138.402    3813.993       1.466      -0.085
      876.033       0.000  208790.000       0.000       0.000       0.000
      876.033       0.000       0.000       0.000       0.000       0.000
      876.033       0.000       1.000       0.000
      877.033      33.609      33.786    -126.059   17347.906     116.591    -161.597    191782.0  21095952.0   16212.418     118.618
      877.033 0.000000727      95.578     251.267      15.551     0.87020     0.82007     1.19374     0.06900     0.00000       1.061
      877.033     154.247      -0.487    9999.990      18.918      40.000      39.993      65.000      65.006      -0.000
      877.033   12420.673      -0.044   10419.664   -7764.946   14231.273     137.745       0.068      -0.062       0.071
      877.033    3183.405   16212.419    -137.745    3822.474       1.470      -0.085
      877.033       0.000  208790.000       0.000       0.000       0.000
      877.033       0.000       0.000       0.000       0.000       0.000
      877.033       0.000       1.000       0.000
      878.033      33.588      33.765    -126.012   17314.639     116.713    -161.006    191620.6  21095814.0   16180.213     118.753
      878.033 0.000000732      95.766     251.402      15.516     0.87017     0.82004     1.19369     0.06900     0.00000       1.061
      878.033     154.382      -0.486    9999.990      18.919      40.000      39.993      65.000      65.006      -0.000
      878.033   12396.007      -0.043   10398.957   -7783.018   14184.680     137.105       0.069      -0.062       0.071
      878.033    3185.872   16180.213    -137.105    3829.990       1.473      -0.085
      878.033       0.000  208790.000       0.000       0.000       0.000
      878.033       0.000       0.000       0.000       0.000       0.000
      878.033       0.000       1.000       0.000
      879.032      33.566      33.744    -125.966   17281.301     116.835    -160.436    191459.9  21095678.0   16147.947     118.889
      879.032 0.000000736      95.945     251.537      15.481     0.87014     0.82001     1.19365     0.06900     0.00000       1.061
      879.032     154.435      -0.484    9999.990      19.088      40.000      39.994      64.780      64.759      -0.000
      879.032   12371.217      -0.060   10378.304   -7800.955   14137.986     136.487       0.069      -2.266      -1.777
      879.032    3188.333   16147.947    -136.487    3837.192       1.475      -0.085
      879.032       0.000  208790.000       0.000       0.000       0.000
      879.032       0.000       0.000       0.000       0.000       0.000
      879.032       0.000       1.000       0.000
      880.032      33.545      33.723    -125.920   17247.936     116.953    -157.948    191300.3  21095542.0   16115.615     119.020
      880.032 0.000000740      96.119     251.671      15.446     0.87016     0.82015     1.19376     0.06900     0.00000       1.061
      880.032     152.002      -0.476    9999.990      23.475      40.000      39.997      57.981      57.878      -0.001
      880.032   12345.742      -0.220   10358.365   -7817.639   14091.829     133.955       0.027      -5.799      -4.760
      880.032    3190.787   16115.616    -133.955    3844.526       1.478      -0.085
      880.032       0.000  208790.000       0.000       0.000       0.000
      880.032       0.000       0.000       0.000       0.000       0.000
      880.032       0.000       1.000       0.000
      881.032      33.524      33.701    -125.874   17214.605     117.062    -151.927    191144.8  21095410.0   16083.220     119.141
      881.032 0.000000744      96.278     251.801      15.410     0.87014     0.82016     1.19375     0.06900     0.00000       1.061
      881.032     149.132      -0.456    9999.990      27.286      40.000      39.998      51.183      51.044      -0.001
      881.032   12320.770      -0.216   10337.728   -7831.742   14046.973     127.898       0.018      -5.444      -4.474
      881.032    3193.234   16083.220    -127.898    3850.949       1.481      -0.086
      881.032       0.000  208790.000       0.000       0.000       0.000
      881.032       0.000       0.000       0.000       0.000       0.000
      881.032       0.000       1.000       0.000
      882.032      33.503      33.680    -125.829   17181.314     117.161    -142.955    190996.7  21095286.0   16050.760     119.252
      882.032 0.000000748      96.409     251.925      15.376     0.87011     0.82016     1.19373     0.06900     0.00000       1.061
      882.032     145.883      -0.424    9999.990      30.548      40.000      39.999      44.385      44.212      -0.001
      882.032   12295.779      -0.204   10317.008   -7843.048   14003.547     118.899       0.011      -5.108      -4.206
      882.032    3195.675   16050.759    -118.899    3856.271       1.483      -0.086
      882.032       0.000  208790.000       0.000       0.000       0.000
      882.032       0.000       0.000       0.000       0.000       0.000
      882.032       0.000       1.000       0.000
      883.031      33.481      33.659    -125.783   17148.074     117.250    -131.580    190858.7  21095172.0   16018.238     119.352
      883.031 0.000000752      96.504     252.041      15.341     0.87009     0.82015     1.19371     0.06900     0.00000       1.061
      883.031     142.324      -0.385    9999.990      33.274      40.000      39.999      37.586      37.385      -0.001
      883.031   12270.778      -0.176   10296.212   -7851.453   13961.629     107.506       0.006      -4.809      -3.967
      883.031    3198.110   16018.238    -107.506    3860.100       1.484      -0.086
      883.031       0.000  208790.000       0.000       0.000       0.000
      883.031       0.000       0.000       0.000       0.000       0.000
      883.031       0.000       1.000       0.000
      884.031      33.460      33.637    -125.738   17114.908     117.327    -118.309    190732.9  21095072.0   15985.670     119.440
      884.031 0.000000756      96.554     252.146      15.307     0.87006     0.82013     1.19368     0.06900     0.00000       1.061
      884.031     138.517      -0.338    9999.990      35.492      40.000      40.000      30.788      30.561      -0.001
      884.031   12245.762      -0.142   10275.356   -7856.899   13921.275      94.225       0.002      -4.553      -3.765
      884.031    3200.540   15985.670     -94.225    3862.142       1.485      -0.086
      884.031       0.000  208790.000       0.000       0.000       0.000
      884.031       0.000       0.000       0.000       0.000       0.000
      884.031       0.000       1.000       0.000
      885.031      33.439      33.616    -125.692   17081.820     117.394    -103.595    190621.1  21094984.0   15953.064     119.516
      885.031 0.000000759      96.554     252.240      15.272     0.87003     0.82012     1.19364     0.06900     0.00000       1.061
      885.031     134.515      -0.286    9999.990      37.232      40.000      40.000      23.990      23.743      -0.000
      885.031   12220.736      -0.102   10254.455   -7859.395   13882.502      79.511      -0.001      -4.346      -3.603
      885.031    3202.964   15953.064     -79.511    3862.160       1.485      -0.086
      885.031       0.000  208790.000       0.000       0.000       0.000
      885.031       0.000       0.000       0.000       0.000       0.000
      885.031       0.000       1.000       0.000
      886.031      33.417      33.594    -125.647   17048.834     117.450     -87.847    190524.5  21094910.0   15920.441     119.580
      886.031 0.000000761      96.499     252.321      15.239     0.87000     0.82010     1.19361     0.06900     0.00000       1.061
      886.031     130.368      -0.230    9999.990      38.522      40.000      40.000      17.191      16.929      -0.000
      886.031   12195.711      -0.060   10233.529   -7858.968   13845.324      63.772      -0.003      -4.187      -3.481
      886.031    3205.381   15920.442     -63.772    3859.986       1.484      -0.086
      886.031       0.000  208790.000       0.000       0.000       0.000
      886.031       0.000       0.000       0.000       0.000       0.000
      886.031       0.000       1.000       0.000
      887.030      33.396      33.573    -125.602   17015.961     117.495     -71.434    190444.0  21094854.0   15887.812     119.633
      887.030 0.000000764      96.387     252.388      15.206     0.86997     0.82008     1.19357     0.06900     0.00000       1.061
      887.030     126.119      -0.171    9999.990      39.387      40.000      40.000      10.393      10.120      -0.000
      887.030   12170.691      -0.009   10212.583   -7855.681   13809.729      47.377      -0.004      -4.077      -3.400
      887.030    3207.794   15887.812     -47.377    3855.512       1.482      -0.086
      887.030       0.000  208790.000       0.000       0.000       0.000
      887.030       0.000       0.000       0.000       0.000       0.000
      887.030       0.000       1.000       0.000
      888.030      33.375      33.552    -125.557   16983.223     117.529     -54.697    190380.1  21094814.0   15855.202     119.675
      888.030 0.000000765      96.216     252.442      15.173     0.86994     0.82005     1.19353     0.06900     0.00000       1.061
      888.030     121.805      -0.111    9999.990      39.842      40.000      40.001       3.595       3.316       0.000
      888.030   12145.694       0.039   10191.640   -7849.545   13775.744      30.666      -0.005      -4.013      -3.358
      888.030    3210.202   15855.201     -30.666    3848.683       1.480      -0.086
      888.030       0.000  208790.000       0.000       0.000       0.000
      888.030       0.000       0.000       0.000       0.000       0.000
      888.030       0.000       1.000       0.000
      889.030      33.353      33.530    -125.513   16950.637     117.552     -37.955    190333.0  21094792.0   15822.623     119.705
      889.030 0.000000767      95.986     252.481      15.140     0.86991     0.82003     1.19350     0.06900     0.00000       1.061
      889.030     117.466      -0.051    9999.990      39.898      40.000      40.001      -3.204      -3.484       0.000
      889.030   12120.729       0.087   10170.707   -7840.607   13743.365      13.959      -0.006      -3.996      -3.355
      889.030    3212.606   15822.622     -13.959    3839.498       1.476      -0.085
      889.030       0.000  208790.000       0.000       0.000       0.000
      889.030       0.000       0.000       0.000       0.000       0.000
      889.030       0.000       1.000       0.000
      890.030      33.332      33.509    -125.468   16918.227     117.565     -21.517    190302.4  21094784.0   15790.104     119.723
      890.030 0.000000768      95.699     252.507      15.108     0.86988     0.82000     1.19346     0.06900     0.00000       1.061
      890.030     113.137       0.009    9999.990      39.554      40.000      40.001     -10.002     -10.279       0.001
      890.030   12095.816       0.138   10149.807   -7828.919   13712.600      -2.435      -0.006      -4.026      -3.391
      890.030    3215.003   15790.103       2.435    3828.003       1.472      -0.085
      890.030       0.000  208790.000       0.000       0.000       0.000
      890.030       0.000       0.000       0.000       0.000       0.000
      890.030       0.000       1.000       0.000
      891.029      33.311      33.488    -125.423   16886.006     117.567      -5.692    190288.1  21094794.0   15757.655     119.730
      891.029 0.000000768      95.356     252.519      15.077     0.86985     0.81998     1.19341     0.06900     0.00000       1.061
      891.029     108.854       0.066    9999.990      38.802      40.000      40.001     -16.800     -17.069       0.001
      891.029   12070.965       0.184   10128.943   -7814.504   13683.453     -18.209      -0.006      -4.103      -3.467
      891.029    3217.398   15757.654      18.209    3814.276       1.467      -0.085
      891.029       0.000  208790.000       0.000       0.000       0.000
      891.029       0.000       0.000       0.000       0.000       0.000
      891.029       0.000       1.000       0.000
      892.029      33.290      33.466    -125.379   16853.996     117.558       9.205    190289.2  21094820.0   15725.302     119.726
      892.029 0.000000768      94.961     252.518      15.046     0.86982     0.81995     1.19337     0.06900     0.00000       1.061
      892.029     104.658       0.120    9999.990      37.628      40.000      40.000     -23.599     -23.854       0.001
      892.029   12046.195       0.227   10108.130   -7797.397   13655.937     -33.046      -0.005      -4.228      -3.584
      892.029    3219.786   15725.302      33.046    3798.470       1.461      -0.084
      892.029       0.000  208790.000       0.000       0.000       0.000
      892.029       0.000       0.000       0.000       0.000       0.000
      892.029       0.000       1.000       0.000
      893.029      33.268      33.445    -125.335   16822.223     117.538      22.839    190304.7  21094858.0   15693.062     119.710
      893.029 0.000000768      94.518     252.505      15.016     0.86979     0.81992     1.19333     0.06900     0.00000       1.061
      893.029     100.589       0.170    9999.990      36.009      40.000      40.000     -30.397     -30.635       0.001
      893.029   12021.527       0.266   10087.372   -7777.629   13630.059     -46.612      -0.003      -4.402      -3.742
      893.029    3222.171   15693.062      46.612    3780.760       1.454      -0.084
      893.029       0.000  208790.000       0.000       0.000       0.000
      893.029       0.000       0.000       0.000       0.000       0.000
      893.029       0.000       1.000       0.000
      894.029      33.247      33.424    -125.290   16790.697     117.508      34.847    190333.0  21094910.0   15660.957     119.683
      894.029 0.000000767      94.034     252.481      14.986     0.86975     0.81988     1.19328     0.06900     0.00000       1.061
      894.029      96.696       0.214    9999.990      33.916      40.000      40.000     -37.195     -37.410       0.001
      894.029   11996.979       0.294   10066.682   -7755.240   13605.822     -58.544      -0.001      -4.625      -3.942
      894.029    3224.553   15660.957      58.544    3761.381       1.446      -0.084
      894.029       0.000  208790.000       0.000       0.000       0.000
      894.029       0.000       0.000       0.000       0.000       0.000
      894.029       0.000       1.000       0.000
      895.029      33.226      33.403    -125.246   16759.436     117.468      44.835    190372.6  21094974.0   15628.999     119.644
      895.029 0.000000766      93.516     252.448      14.956     0.86972     0.81985     1.19323     0.06900     0.00000       1.061
      895.029      93.029       0.251    9999.990      31.317      40.000      40.000     -43.994     -44.181       0.001
      895.029   11972.563       0.316   10046.060   -7730.285   13583.211     -68.448       0.003      -4.895      -4.181
      895.029    3226.929   15628.998      68.448    3740.602       1.438      -0.083
      895.029       0.000  208790.000       0.000       0.000       0.000
      895.029       0.000       0.000       0.000       0.000       0.000
      895.029       0.000       1.000       0.000
      896.028      33.205      33.382    -125.202   16728.451     117.417      52.368    190421.0  21095046.0   15597.205     119.595
      896.028 0.000000764      92.971     252.407      14.927     0.86968     0.81980     1.19317     0.06900     0.00000       1.061
      896.028      89.649       0.279    9999.990      28.183      40.000      39.999     -50.792     -50.948       0.001
      896.028   11948.304       0.324   10025.510   -7702.853   13562.193     -75.890       0.008      -5.207      -4.456
      896.028    3229.303   15597.205      75.890    3718.762       1.430      -0.083
      896.028       0.000  208790.000       0.000       0.000       0.000
      896.028       0.000       0.000       0.000       0.000       0.000
      896.028       0.000       1.000       0.000
      897.028      33.184      33.361    -125.158   16697.748     117.357      56.972    190475.7  21095124.0   15565.585     119.535
      897.028 0.000000763      92.410     252.362      14.898     0.86964     0.81975     1.19311     0.06900     0.00000       1.061
      897.028      86.620       0.296    9999.990      24.493      40.000      39.998     -57.590     -57.712       0.001
      897.028   11924.211       0.322   10005.030   -7673.075   13542.706     -80.395       0.015      -5.549      -4.756
      897.028    3231.673   15565.585      80.395    3696.239       1.421      -0.082
      897.028       0.000  208790.000       0.000       0.000       0.000
      897.028       0.000       0.000       0.000       0.000       0.000
      897.028       0.000       1.000       0.000
      898.028      33.164      33.340    -125.114   16667.338     117.288      58.146    190533.5  21095206.0   15534.158     119.466
      898.028 0.000000761      91.843     252.313      14.869     0.86960     0.81969     1.19304     0.06900     0.00000       1.061
      898.028      84.013       0.300    9999.990      20.245      40.000      39.997     -64.389     -64.475       0.001
      898.028   11900.310       0.304    9984.625   -7641.163   13524.646     -81.465       0.025      -5.902      -5.065
      898.028    3234.041   15534.159      81.465    3673.477       1.413      -0.082
      898.028       0.000  208790.000       0.000       0.000       0.000
      898.028       0.000       0.000       0.000       0.000       0.000
      898.028       0.000       1.000       0.000
      899.028      33.143      33.319    -125.070   16637.205     117.210      55.388    190590.8  21095286.0   15502.924     119.388
      899.028 0.000000760      91.283     252.265      14.841     0.86956     0.81962     1.19296     0.06900     0.00000       1.061
      899.028      81.889       0.290    9999.990      15.520      40.028      40.023     -71.128     -71.184       0.001
      899.028   11871.896       0.184    9969.893   -7607.409   13507.842     -78.596       0.312      -5.649      -4.864
      899.028    3236.405   15502.925      78.596    3653.426       1.404      -0.081
      899.028       0.000  208790.000       0.000       0.000       0.000
      899.028       0.000       0.000       0.000       0.000       0.000
      899.028       0.000       1.000       0.000
      900.027      33.122      33.299    -125.027   16606.604     117.127      49.065    190643.6  21095362.0   15471.154     119.303
      900.027 0.000000758      90.734     252.221      14.812     0.88329     0.85762     1.22918     0.06946     0.00000       1.030
      900.027      79.779       0.267    9999.990      12.360      41.027      41.021     -75.794     -75.840       0.000
      900.027   11672.579       0.007   10154.186   -7571.879   13491.406     -72.158       1.066      -4.186      -3.774
      900.027    3238.766   15471.153      72.158    3721.959       1.438      -0.081
      900.027       0.000  208790.000       0.000       0.000       0.000
      900.027       0.000       0.000       0.000       0.000       0.000
      900.027       0.000       1.000       0.000
      901.027      33.102      33.278    -124.983   16574.705     117.038      39.730    190688.7  21095430.0   15438.032     119.213
      901.027 0.000000757      90.197     252.183      14.781     0.89702     0.89942     1.26834     0.06996     0.00000       0.997
      901.027      77.899       0.233    9999.990       8.777      42.027      42.019     -80.460     -80.490      -0.000
      901.027   11469.235      -0.005   10333.901   -7534.489   13474.435     -62.702       1.077      -4.348      -4.058
      901.027    3241.124   15438.033      62.702    3790.009       1.475      -0.081
      901.027       0.000  208790.000       0.000       0.000       0.000
      901.027       0.000       0.000       0.000       0.000       0.000
      901.027       0.000       1.000       0.000
      902.027      33.081      33.258    -124.939   16541.457     116.945      27.058    190723.0  21095488.0   15403.520     119.118
      902.027 0.000000756      89.682     252.154      14.749     0.91228     0.94385     1.31081     0.07000     0.00000       0.967
      902.027      76.329       0.186    9999.990       4.886      43.000      42.990     -85.000     -85.012       0.000
      902.027   11267.248       0.038   10503.216   -7495.442   13456.756     -49.903       0.822      -3.248      -3.180
      902.027    3243.479   15403.520      49.903    3855.427       1.515      -0.081
      902.027       0.000  208790.000       0.000       0.000       0.000
      902.027       0.000       0.000       0.000       0.000       0.000
      902.027       0.000       1.000       0.000
      903.027      33.061      33.237    -124.896   16507.570     116.850      12.503    190743.6  21095530.0   15368.357     119.021
      903.027 0.000000755      89.206     252.137      14.716     0.91332     0.94706     1.31384     0.07000     0.00000       0.964
      903.027      76.235       0.131    9999.990       4.819      43.000      42.989     -85.000     -85.004       0.000
      903.027   11241.708       0.098   10479.043   -7455.725   13438.650     -35.220       0.110       0.039      -0.118
      903.027    3245.830   15368.355      35.220    3834.880       1.511      -0.080
      903.027       0.000  208790.000       0.000       0.000       0.000
      903.027       0.000       0.000       0.000       0.000       0.000
      903.027       0.000       1.000       0.000
      904.026      33.041      33.217    -124.852   16473.885     116.755      -2.121    190749.5  21095560.0   15333.402     118.925
      904.026 0.000000755      88.781     252.132      14.682     0.91331     0.94705     1.31383     0.07000     0.00000       0.964
      904.026      76.139       0.076    9999.990       4.745      43.000      42.989     -85.000     -85.004       0.000
      904.026   11216.133       0.098   10455.218   -7416.252   13420.582     -20.469       0.109       0.039      -0.119
      904.026    3248.179   15333.402      20.469    3816.634       1.503      -0.080
      904.026       0.000  208790.000       0.000       0.000       0.000
      904.026       0.000       0.000       0.000       0.000       0.000
      904.026       0.000       1.000       0.000
      905.026      33.021      33.197    -124.809   16440.381     116.661     -16.812    190740.8  21095572.0   15298.639     118.829
      905.026 0.000000755      88.407     252.139      14.649     0.91330     0.94704     1.31382     0.07000     0.00000       0.964
      905.026      76.043       0.021    9999.990       4.669      43.000      42.989     -85.000     -85.004       0.000
      905.026   11190.703       0.098   10431.514   -7376.997   13402.546      -5.651       0.109       0.039      -0.120
      905.026    3250.523   15298.638       5.651    3800.554       1.497      -0.080
      905.026       0.000  208790.000       0.000       0.000       0.000
      905.026       0.000       0.000       0.000       0.000       0.000
      905.026       0.000       1.000       0.000
      906.026      33.001      33.177    -124.765   16407.037     116.567     -31.569    190717.3  21095572.0   15264.041     118.733
      906.026 0.000000756      88.083     252.159      14.615     0.91329     0.94703     1.31380     0.07000     0.00000       0.964
      906.026      75.947      -0.035    9999.990       4.593      43.000      42.989     -85.000     -85.004       0.000
      906.026   11165.394       0.097   10407.926   -7337.926   13384.531       9.231       0.109       0.039      -0.120
      906.026    3252.866   15264.041      -9.231    3786.626       1.491      -0.079
      906.026       0.000  208790.000       0.000       0.000       0.000
      906.026       0.000       0.000       0.000       0.000       0.000
      906.026       0.000       1.000       0.000
      907.026      32.981      33.157    -124.722   16373.835     116.473     -46.387    190679.1  21095556.0   15229.594     118.637
      907.026 0.000000757      87.809     252.191      14.581     0.91328     0.94702     1.31379     0.07000     0.00000       0.964
      907.026      75.851      -0.091    9999.990       4.517      43.000      42.989     -85.000     -85.004       0.000
      907.026   11140.193       0.097   10384.440   -7299.021   13366.533      24.175       0.109       0.038      -0.121
      907.026    3255.203   15229.594     -24.175    3774.823       1.487      -0.079
      907.026       0.000  208790.000       0.000       0.000       0.000
      907.026       0.000       0.000       0.000       0.000       0.000
      907.026       0.000       1.000       0.000
      908.025      32.961      33.137    -124.679   16340.756     116.379     -61.266    190626.0  21095526.0   15195.274     118.542
      908.025 0.000000759      87.583     252.236      14.547     0.91327     0.94701     1.31377     0.07000     0.00000       0.964
      908.025      75.755      -0.148    9999.990       4.439      43.000      42.989     -85.000     -85.004       0.000
      908.025   11115.091       0.097   10361.039   -7260.259   13348.538      39.178       0.109       0.038      -0.121
      908.025    3257.539   15195.274     -39.178    3765.114       1.483      -0.079
      908.025       0.000  208790.000       0.000       0.000       0.000
      908.025       0.000       0.000       0.000       0.000       0.000
      908.025       0.000       1.000       0.000
      909.025      32.941      33.117    -124.636   16307.785     116.285     -76.201    190558.0  21095480.0   15161.070     118.446
      909.025 0.000000761      87.406     252.293      14.513     0.91326     0.94700     1.31376     0.07000     0.00000       0.964
      909.025      75.659      -0.205    9999.990       4.361      43.000      42.989     -85.000     -85.004       0.000
      909.025   11090.074       0.096   10337.713   -7221.613   13330.545      54.238       0.109       0.038      -0.122
      909.025    3259.870   15161.070     -54.238    3757.501       1.480      -0.079
      909.025       0.000  208790.000       0.000       0.000       0.000
      909.025       0.000       0.000       0.000       0.000       0.000
      909.025       0.000       1.000       0.000
      910.025      32.922      33.098    -124.592   16274.902     116.191     -91.191    190475.1  21095418.0   15126.958     118.350
      910.025 0.000000763      87.277     252.362      14.478     0.91325     0.94699     1.31374     0.07000     0.00000       0.964
      910.025      75.575      -0.263    9999.990       4.379      42.996      42.985     -84.896     -84.899       0.000
      910.025   11065.852       0.094   10313.669   -7183.046   13312.547      69.352       0.068       1.073       0.842
      910.025    3262.198   15126.957     -69.352    3751.603       1.477      -0.079
      910.025       0.000  208790.000       0.000       0.000       0.000
      910.025       0.000       0.000       0.000       0.000       0.000
      910.025       0.000       1.000       0.000
      911.025      32.902      33.078    -124.549   16242.202     116.097    -104.719    190377.6  21095342.0   15093.044     118.255
      911.025 0.000000766      87.196     252.444      14.443     0.91097     0.94013     1.30722     0.07000     0.00000       0.969
      911.025      76.124      -0.315    9999.990       8.070      42.829      42.821     -80.731     -80.725       0.000
      911.025   11070.500       0.102   10258.850   -7144.839   13294.523      83.002      -0.081       4.111       3.656
      911.025    3264.522   15093.044     -83.002    3733.801       1.469      -0.079
      911.025       0.000  208790.000       0.000       0.000       0.000
      911.025       0.000       0.000       0.000       0.000       0.000
      911.025       0.000       1.000       0.000
      912.024      32.883      33.059    -124.506   16209.793     116.007    -115.206    190267.9  21095254.0   15059.449     118.162
      912.024 0.000000769      87.157     252.536      14.409     0.90845     0.93267     1.30010     0.07000     0.00000       0.974
      912.024      76.937      -0.356    9999.990      11.622      42.663      42.655     -76.565     -76.550       0.000
      912.024   11075.390       0.120   10204.057   -7107.468   13276.376      93.609      -0.092       4.021       3.557
      912.024    3266.845   15059.449     -93.609    3717.691       1.460      -0.079
      912.024       0.000  208790.000       0.000       0.000       0.000
      912.024       0.000       0.000       0.000       0.000       0.000
      912.024       0.000       1.000       0.000
      913.024      32.864      33.039    -124.464   16177.642     115.919    -122.825    190149.0  21095158.0   15026.152     118.073
      913.024 0.000000772      87.149     252.635      14.374     0.90589     0.92523     1.29297     0.07000     0.00000       0.979
      913.024      78.001      -0.386    9999.990      14.998      42.496      42.490     -72.400     -72.373       0.001
      913.024   11080.286       0.135   10149.509   -7071.132   13257.981     101.344      -0.102       3.908       3.437
      913.024    3269.162   15026.153    -101.344    3702.946       1.452      -0.079
      913.024       0.000  208790.000       0.000       0.000       0.000
      913.024       0.000       0.000       0.000       0.000       0.000
      913.024       0.000       1.000       0.000
      914.024      32.845      33.020    -124.421   16145.725     115.836    -127.777    190023.8  21095054.0   14993.137     117.989
      914.024 0.000000776      87.165     252.740      14.339     0.90329     0.91780     1.28584     0.07000     0.00000       0.984
      914.024      79.295      -0.407    9999.990      18.169      42.329      42.324     -68.234     -68.194       0.001
      914.024   11085.177       0.148   10095.195   -7036.026   13239.228     106.410      -0.111       3.778       3.305
      914.024    3271.477   14993.136    -106.410    3689.171       1.444      -0.079
      914.024       0.000  208790.000       0.000       0.000       0.000
      914.024       0.000       0.000       0.000       0.000       0.000
      914.024       0.000       1.000       0.000
      915.024      32.826      33.001    -124.378   16114.025     115.757    -130.286    189894.7  21094946.0   14960.390     117.909
      915.024 0.000000779      87.195     252.849      14.305     0.90065     0.91039     1.27871     0.07000     0.00000       0.989
      915.024      80.799      -0.418    9999.990      21.114      42.163      42.158     -64.068     -64.014       0.001
      915.024   11090.067       0.153   10041.099   -7002.301   13220.029     109.028      -0.120       3.638       3.166
      915.024    3273.787   14960.390    -109.028    3675.991       1.436      -0.079
      915.024       0.000  208790.000       0.000       0.000       0.000
      915.024       0.000       0.000       0.000       0.000       0.000
      915.024       0.000       1.000       0.000
      916.023      32.807      32.982    -124.335   16082.526     115.684    -130.586    189764.0  21094836.0   14927.903     117.835
      916.023 0.000000783      87.233     252.958      14.271     0.89798     0.90300     1.27157     0.07000     0.00000       0.994
      916.023      82.442      -0.420    9999.990      23.749      42.000      41.996     -60.000     -59.952       0.001
      916.023   11094.372       0.133    9987.854   -6970.068   13200.320     109.431      -0.089       2.522       2.149
      916.023    3276.095   14927.903    -109.431    3663.380       1.429      -0.079
      916.023       0.000  208790.000       0.000       0.000       0.000
      916.023       0.000       0.000       0.000       0.000       0.000
      916.023       0.000       1.000       0.000
      917.023      32.788      32.963    -124.293   16051.126     115.613    -129.862    189633.8  21094726.0   14895.544     117.764
      917.023 0.000000787      87.269     253.067      14.237     0.89775     0.90238     1.27096     0.07000     0.00000       0.995
      917.023      82.350      -0.419    9999.990      23.716      42.000      41.995     -60.000     -60.006       0.000
      917.023   11070.431       0.110    9966.082   -6938.639   13180.313     108.809       0.051       0.061      -0.069
      917.023    3278.398   14895.544    -108.809    3664.874       1.429      -0.079
      917.023       0.000  208790.000       0.000       0.000       0.000
      917.023       0.000       0.000       0.000       0.000       0.000
      917.023       0.000       1.000       0.000
      918.023      32.769      32.944    -124.250   16019.709     115.542    -129.180    189504.2  21094618.0   14863.170     117.693
      918.023 0.000000790      87.303     253.176      14.203     0.89774     0.90237     1.27094     0.07000     0.00000       0.995
      918.023      82.279      -0.417    9999.990      23.717      42.000      41.995     -60.000     -60.006       0.000
      918.023   11046.373       0.110    9944.418   -6907.190   13160.273     108.229       0.051       0.061      -0.070
      918.023    3280.699   14863.170    -108.229    3666.289       1.429      -0.079
      918.023       0.000  208790.000       0.000       0.000       0.000
      918.023       0.000       0.000       0.000       0.000       0.000
      918.023       0.000       1.000       0.000
      919.023      32.750      32.925    -124.208   15988.282     115.471    -128.540    189375.3  21094510.0   14830.782     117.621
      919.023 0.000000794      87.334     253.284      14.169     0.89772     0.90235     1.27092     0.07000     0.00000       0.995
      919.023      82.207      -0.416    9999.990      23.719      42.000      41.995     -60.000     -60.006       0.000
      919.023   11022.304       0.110    9922.748   -6875.727   13140.201     107.690       0.051       0.061      -0.070
      919.023    3282.996   14830.782    -107.690    3667.583       1.430      -0.079
      919.023       0.000  208790.000       0.000       0.000       0.000
      919.023       0.000       0.000       0.000       0.000       0.000
      919.023       0.000       1.000       0.000
      920.022      32.732      32.907    -124.165   15956.843     115.400    -127.942    189247.1  21094402.0   14798.386     117.549
      920.022 0.000000798      87.362     253.391      14.135     0.89770     0.90234     1.27090     0.07000     0.00000       0.995
      920.022      82.135      -0.415    9999.990      23.720      42.000      41.995     -60.000     -60.006       0.000
      920.022   10998.229       0.112    9901.068   -6844.250   13120.097     107.194       0.051       0.061      -0.070
      920.022    3285.288   14798.385    -107.194    3668.758       1.430      -0.079
      920.022       0.000  208790.000       0.000       0.000       0.000
      920.022       0.000       0.000       0.000       0.000       0.000
      920.022       0.000       1.000       0.000
      921.022      32.713      32.888    -124.123   15925.394     115.328    -127.386    189119.4  21094296.0   14765.978     117.477
      921.022 0.000000802      87.387     253.498      14.101     0.89769     0.90232     1.27088     0.07000     0.00000       0.995
      921.022      82.063      -0.414    9999.990      23.721      42.000      41.995     -60.000     -60.006       0.000
      921.022   10974.146       0.111    9879.381   -6812.760   13099.962     106.739       0.051       0.061      -0.070
      921.022    3287.579   14765.976    -106.739    3669.811       1.431      -0.079
      921.022       0.000  208790.000       0.000       0.000       0.000
      921.022       0.000       0.000       0.000       0.000       0.000
      921.022       0.000       1.000       0.000
      922.022      32.694      32.870    -124.081   15893.938     115.256    -126.873    188992.2  21094190.0   14733.562     117.405
      922.022 0.000000805      87.410     253.605      14.067     0.89767     0.90230     1.27085     0.07000     0.00000       0.995
      922.022      81.991      -0.413    9999.990      23.722      42.000      41.995     -60.000     -60.006       0.000
      922.022   10950.058       0.110    9857.691   -6781.258   13079.797     106.328       0.051       0.061      -0.071
      922.022    3289.864   14733.562    -106.328    3670.765       1.431      -0.079
      922.022       0.000  208790.000       0.000       0.000       0.000
      922.022       0.000       0.000       0.000       0.000       0.000
      922.022       0.000       1.000       0.000
      923.022      32.676      32.851    -124.038   15862.471     115.184    -126.404    188865.5  21094084.0   14701.136     117.332
      923.022 0.000000809      87.430     253.711      14.033     0.89766     0.90229     1.27083     0.07000     0.00000       0.995
      923.022      81.918      -0.413    9999.990      23.722      42.000      41.995     -60.000     -60.006       0.000
      923.022   10925.961       0.110    9835.993   -6749.745   13059.599     105.959       0.052       0.061      -0.071
      923.022    3292.148   14701.136    -105.959    3671.613       1.431      -0.079
      923.022       0.000  208790.000       0.000       0.000       0.000
      923.022       0.000       0.000       0.000       0.000       0.000
      923.022       0.000       1.000       0.000
      924.021      32.658      32.833    -123.996   15830.998     115.112    -125.978    188739.4  21093978.0   14668.704     117.259
      924.021 0.000000813      87.448     253.817      13.999     0.89764     0.90228     1.27081     0.07000     0.00000       0.995
      924.021      81.845      -0.413    9999.990      23.723      42.000      41.995     -60.000     -60.006       0.000
      924.021   10901.858       0.111    9814.295   -6718.228   13039.369     105.635       0.052       0.061      -0.071
      924.021    3294.424   14668.705    -105.635    3672.359       1.432      -0.079
      924.021       0.000  208790.000       0.000       0.000       0.000
      924.021       0.000       0.000       0.000       0.000       0.000
      924.021       0.000       1.000       0.000
      925.021      32.640      32.815    -123.954   15799.523     115.039    -125.596    188613.6  21093872.0   14636.271     117.185
      925.021 0.000000817      87.464     253.922      13.965     0.89762     0.90226     1.27079     0.07000     0.00000       0.995
      925.021      81.771      -0.412    9999.990      23.723      42.000      41.995     -60.000     -60.006       0.000
      925.021   10877.758       0.110    9792.592   -6686.703   13019.114     105.355       0.052       0.061      -0.071
      925.021    3296.700   14636.272    -105.355    3673.021       1.432      -0.079
      925.021       0.000  208790.000       0.000       0.000       0.000
      925.021       0.000       0.000       0.000       0.000       0.000
      925.021       0.000       1.000       0.000
      926.021      32.621      32.796    -123.912   15768.035     114.966    -125.259    188488.1  21093766.0   14603.824     117.112
      926.021 0.000000820      87.477     254.027      13.932     0.89761     0.90224     1.27077     0.07000     0.00000       0.995
      926.021      81.698      -0.412    9999.990      23.723      42.000      41.995     -60.000     -60.006       0.000
      926.021   10853.645       0.110    9770.879   -6655.170   12998.821     105.119       0.052       0.061      -0.072
      926.021    3298.970   14603.824    -105.119    3673.596       1.432      -0.079
      926.021       0.000  208790.000       0.000       0.000       0.000
      926.021       0.000       0.000       0.000       0.000       0.000
      926.021       0.000       1.000       0.000
      927.021      32.603      32.778    -123.870   15736.547     114.893    -124.967    188363.0  21093662.0   14571.378     117.038
      927.021 0.000000824      87.489     254.132      13.898     0.89759     0.90223     1.27074     0.07000     0.00000       0.995
      927.021      81.624      -0.413    9999.990      23.723      42.000      41.995     -60.000     -60.006       0.000
      927.021   10829.531       0.110    9749.168   -6623.633   12978.502     104.927       0.052       0.061      -0.072
      927.021    3301.239   14571.377    -104.927    3674.097       1.432      -0.079
      927.021       0.000  208790.000       0.000       0.000       0.000
      927.021       0.000       0.000       0.000       0.000       0.000
      927.021       0.000       1.000       0.000
      928.020      32.585      32.760    -123.829   15705.060     114.819    -124.720    188238.1  21093556.0   14538.932     116.963
      928.020 0.000000828      87.500     254.237      13.864     0.89758     0.90222     1.27072     0.07000     0.00000       0.995
      928.020      81.549      -0.413    9999.990      23.722      42.000      41.995     -60.000     -60.006       0.000
      928.020   10805.420       0.109    9727.457   -6592.095   12958.157     104.781       0.052       0.061      -0.072
      928.020    3303.502   14538.931    -104.781    3674.527       1.432      -0.079
      928.020       0.000  208790.000       0.000       0.000       0.000
      928.020       0.000       0.000       0.000       0.000       0.000
      928.020       0.000       1.000       0.000
      929.020      32.568      32.742    -123.787   15673.566     114.745    -124.518    188113.5  21093452.0   14506.480     116.889
      929.020 0.000000832      87.508     254.341      13.830     0.89756     0.90220     1.27070     0.07000     0.00000       0.995
      929.020      81.475      -0.413    9999.990      23.722      42.000      41.995     -60.000     -60.006       0.000
      929.020   10781.305       0.109    9705.743   -6560.552   12937.781     104.680       0.053       0.061      -0.072
      929.020    3305.762   14506.480    -104.680    3674.888       1.433      -0.079
      929.020       0.000  208790.000       0.000       0.000       0.000
      929.020       0.000       0.000       0.000       0.000       0.000
      929.020       0.000       1.000       0.000
      930.020      32.550      32.725    -123.745   15642.062     114.671    -124.362    187989.0  21093348.0   14474.018     116.814
      930.020 0.000000835      87.516     254.446      13.796     0.89754     0.90219     1.27068     0.07000     0.00000       0.995
      930.020      81.400      -0.414    9999.990      23.721      42.000      41.995     -60.000     -60.006       0.000
      930.020   10757.182       0.108    9684.019   -6529.005   12917.365     104.625       0.053       0.061      -0.073
      930.020    3308.019   14474.018    -104.625    3675.196       1.433      -0.079
      930.020       0.000  208790.000       0.000       0.000       0.000
      930.020       0.000       0.000       0.000       0.000       0.000
      930.020       0.000       1.000       0.000
      931.020      32.532      32.707    -123.704   15610.559     114.597    -124.251    187864.7  21093242.0   14441.557     116.739
      931.020 0.000000839      87.522     254.550      13.763     0.89753     0.90217     1.27066     0.07000     0.00000       0.995
      931.020      81.325      -0.415    9999.990      23.720      42.000      41.995     -60.000     -60.006       0.000
      931.020   10733.059       0.107    9662.299   -6497.458   12896.924     104.615       0.053       0.061      -0.073
      931.020    3310.272   14441.557    -104.615    3675.454       1.433      -0.079
      931.020       0.000  208790.000       0.000       0.000       0.000
      931.020       0.000       0.000       0.000       0.000       0.000
      931.020       0.000       1.000       0.000
      932.019      32.515      32.689    -123.662   15579.054     114.522    -124.186    187740.4  21093138.0   14409.096     116.664
      932.019 0.000000843      87.527     254.654      13.729     0.89751     0.90216     1.27063     0.07000     0.00000       0.995
      932.019      81.250      -0.416    9999.990      23.718      42.000      41.995     -60.000     -60.006       0.000
      932.019   10708.935       0.108    9640.579   -6465.910   12876.455     104.651       0.053       0.062      -0.073
      932.019    3312.521   14409.096    -104.651    3675.668       1.433      -0.079
      932.019       0.000  208790.000       0.000       0.000       0.000
      932.019       0.000       0.000       0.000       0.000       0.000
      932.019       0.000       1.000       0.000
      933.019      32.497      32.672    -123.621   15547.550     114.448    -124.167    187616.2  21093034.0   14376.634     116.588
      933.019 0.000000847      87.531     254.758      13.695     0.89749     0.90214     1.27061     0.07000     0.00000       0.995
      933.019      81.174      -0.417    9999.990      23.717      42.000      41.995     -60.000     -60.006       0.000
      933.019   10684.811       0.108    9618.857   -6434.363   12855.956     104.733       0.053       0.062      -0.073
      933.019    3314.766   14376.633    -104.733    3675.828       1.433      -0.079
      933.019       0.000  208790.000       0.000       0.000       0.000
      933.019       0.000       0.000       0.000       0.000       0.000
      933.019       0.000       1.000       0.000
      934.019      32.480      32.654    -123.579   15516.047     114.372    -124.195    187492.0  21092928.0   14344.174     116.512
      934.019 0.000000851      87.534     254.862      13.661     0.89748     0.90213     1.27059     0.07000     0.00000       0.995
      934.019      81.098      -0.419    9999.990      23.715      42.000      41.995     -60.000     -60.006       0.000
      934.019   10660.688       0.110    9597.138   -6402.817   12835.430     104.861       0.053       0.062      -0.074
      934.019    3317.008   14344.173    -104.861    3675.961       1.433      -0.079
      934.019       0.000  208790.000       0.000       0.000       0.000
      934.019       0.000       0.000       0.000       0.000       0.000
      934.019       0.000       1.000       0.000
      935.019      32.462      32.637    -123.538   15484.543     114.297    -124.268    187367.8  21092824.0   14311.714     116.436
      935.019 0.000000855      87.536     254.967      13.628     0.89746     0.90211     1.27057     0.07000     0.00000       0.995
      935.019      81.022      -0.421    9999.990      23.713      42.000      41.995     -60.000     -60.006       0.000
      935.019   10636.565       0.109    9575.418   -6371.273   12814.874     105.035       0.053       0.062      -0.074
      935.019    3319.245   14311.714    -105.035    3676.065       1.433      -0.079
      935.019       0.000  208790.000       0.000       0.000       0.000
      935.019       0.000       0.000       0.000       0.000       0.000
      935.019       0.000       1.000       0.000
      936.018      32.445      32.619    -123.497   15453.039     114.222    -124.387    187243.5  21092718.0   14279.254     116.359
      936.018 0.000000859      87.538     255.071      13.594     0.89745     0.90210     1.27055     0.07000     0.00000       0.995
      936.018      80.945      -0.422    9999.990      23.711      42.000      41.995     -60.000     -60.006       0.000
      936.018   10612.441       0.108    9553.697   -6339.730   12794.289     105.254       0.053       0.062      -0.074
      936.018    3321.480   14279.252    -105.254    3676.144       1.433      -0.079
      936.018       0.000  208790.000       0.000       0.000       0.000
      936.018       0.000       0.000       0.000       0.000       0.000
      936.018       0.000       1.000       0.000
      937.018      32.428      32.602    -123.456   15421.536     114.146    -124.552    187119.0  21092612.0   14246.796     116.282
      937.018 0.000000863      87.540     255.175      13.560     0.89743     0.90208     1.27052     0.07000     0.00000       0.995
      937.018      80.868      -0.424    9999.990      23.708      42.000      41.995     -60.000     -60.006       0.000
      937.018   10588.324       0.107    9531.978   -6308.189   12773.676     105.520       0.053       0.062      -0.074
      937.018    3323.708   14246.796    -105.520    3676.211       1.433      -0.079
      937.018       0.000  208790.000       0.000       0.000       0.000
      937.018       0.000       0.000       0.000       0.000       0.000
      937.018       0.000       1.000       0.000
      938.018      32.411      32.585    -123.415   15390.032     114.070    -124.764    186994.4  21092508.0   14214.336     116.205
      938.018 0.000000867      87.541     255.280      13.527     0.89741     0.90207     1.27050     0.07000     0.00000       0.995
      938.018      80.791      -0.427    9999.990      23.705      42.000      41.995     -60.000     -60.006       0.000
      938.018   10564.200       0.108    9510.259   -6276.651   12753.031     105.832       0.054       0.062      -0.075
      938.018    3325.935   14214.336    -105.832    3676.265       1.433      -0.079
      938.018       0.000  208790.000       0.000       0.000       0.000
      938.018       0.000       0.000       0.000       0.000       0.000
      938.018       0.000       1.000       0.000
      939.018      32.394      32.568    -123.374   15358.529     113.993    -125.021    186869.5  21092402.0   14181.880     116.128
      939.018 0.000000871      87.543     255.384      13.493     0.89740     0.90205     1.27048     0.07000     0.00000       0.995
      939.018      80.714      -0.429    9999.990      23.702      42.000      41.995     -60.000     -60.006       0.000
      939.018   10540.080       0.107    9488.541   -6245.116   12732.359     106.189       0.054       0.062      -0.075
      939.018    3328.157   14181.879    -106.189    3676.318       1.433      -0.079
      939.018       0.000  208790.000       0.000       0.000       0.000
      939.018       0.000       0.000       0.000       0.000       0.000
      939.018       0.000       1.000       0.000
      940.018      32.377      32.551    -123.333   15327.026     113.917    -125.324    186744.3  21092294.0   14149.423     116.050
      940.018 0.000000875      87.544     255.489      13.459     0.89738     0.90204     1.27046     0.07000     0.00000       0.995
      940.018      80.625      -0.432    9999.990      23.668      41.993      41.988     -60.035     -60.045       0.000
      940.018   10517.116       0.110    9465.541   -6213.582   12711.657     106.592      -0.016      -0.288      -0.391
      940.018    3330.375   14149.424    -106.592    3675.761       1.433      -0.079
      940.018       0.000  208790.000       0.000       0.000       0.000
      940.018       0.000       0.000       0.000       0.000       0.000
      940.018       0.000       1.000       0.000
      941.017      32.360      32.534    -123.292   15295.823     113.839    -126.253    186618.7  21092188.0   14117.255     115.971
      941.017 0.000000879      87.550     255.595      13.426     0.89237     0.88645     1.25588     0.06981     0.00000       1.007
      941.017      80.068      -0.437    9999.990      22.040      41.593      41.588     -62.035     -62.057       0.001
      941.017   10558.872       0.156    9370.545   -6181.891   12691.316     107.622      -0.346      -1.769      -1.704
      941.017    3332.589   14117.255    -107.622    3640.983       1.417      -0.079
      941.017       0.000  208790.000       0.000       0.000       0.000
      941.017       0.000       0.000       0.000       0.000       0.000
      941.017       0.000       1.000       0.000
      942.017      32.343      32.517    -123.251   15265.260     113.758    -128.475    186491.6  21092080.0   14085.705     115.888
      942.017 0.000000883      87.567     255.701      13.393     0.88670     0.86956     1.23997     0.06961     0.00000       1.020
      942.017      79.577      -0.447    9999.990      20.394      41.193      41.187     -64.034     -64.053       0.001
      942.017   10600.335       0.155    9275.775   -6149.896   12671.771     109.945      -0.342      -1.804      -1.716
      942.017    3334.800   14085.706    -109.945    3606.655       1.399      -0.079
      942.017       0.000  208790.000       0.000       0.000       0.000
      942.017       0.000       0.000       0.000       0.000       0.000
      942.017       0.000       1.000       0.000
      943.017      32.326      32.501    -123.210   15235.322     113.675    -132.020    186361.6  21091968.0   14054.763     115.803
      943.017 0.000000887      87.600     255.810      13.361     0.88084     0.85278     1.22405     0.06941     0.00000       1.033
      943.017      79.146      -0.463    9999.990      18.725      40.793      40.787     -66.034     -66.050       0.001
      943.017   10641.451       0.152    9181.277   -6117.640   12652.980     113.592      -0.338      -1.837      -1.726
      943.017    3337.008   14054.762    -113.592    3572.960       1.381      -0.078
      943.017       0.000  208790.000       0.000       0.000       0.000
      943.017       0.000       0.000       0.000       0.000       0.000
      943.017       0.000       1.000       0.000
      944.017      32.310      32.484    -123.170   15206.007     113.590    -136.918    186227.5  21091852.0   14024.425     115.716
      944.017 0.000000891      87.654     255.923      13.329     0.87479     0.83613     1.20813     0.06921     0.00000       1.046
      944.017      78.776      -0.485    9999.990      17.035      40.393      40.387     -68.033     -68.046       0.001
      944.017   10682.232       0.149    9087.045   -6085.170   12634.917     118.593      -0.334      -1.867      -1.732
      944.017    3339.211   14024.425    -118.593    3540.050       1.364      -0.078
      944.017       0.000  208790.000       0.000       0.000       0.000
      944.017       0.000       0.000       0.000       0.000       0.000
      944.017       0.000       1.000       0.000
      945.016      32.293      32.467    -123.129   15177.300     113.503    -143.190    186087.9  21091730.0   13994.679     115.627
      945.016 0.000000896      87.731     256.040      13.298     0.86853     0.81960     1.19219     0.06901     0.00000       1.060
      945.016      78.470      -0.512    9999.990      15.360      40.000      39.993     -70.000     -70.009       0.001
      945.016   10721.663       0.135    8994.273   -6052.525   12617.542     124.969      -0.265      -1.567      -1.462
      945.016    3341.411   13994.678    -124.969    3508.633       1.347      -0.078
      945.016       0.000  208790.000       0.000       0.000       0.000
      945.016       0.000       0.000       0.000       0.000       0.000
      945.016       0.000       1.000       0.000
      946.016      32.277      32.451    -123.088   15148.906     113.415    -150.212    185941.5  21091602.0   13965.241     115.536
      946.016 0.000000901      87.834     256.162      13.267     0.86799     0.81820     1.19084     0.06900     0.00000       1.061
      946.016      78.380      -0.542    9999.990      15.325      40.000      39.993     -70.000     -70.005       0.000
      946.016   10699.154       0.104    8975.303   -6019.788   12600.503     132.094       0.074       0.053      -0.103
      946.016    3343.609   13965.241    -132.094    3512.721       1.347      -0.078
      946.016       0.000  208790.000       0.000       0.000       0.000
      946.016       0.000       0.000       0.000       0.000       0.000
      946.016       0.000       1.000       0.000
      947.016      32.261      32.435    -123.048   15120.489     113.326    -157.253    185788.1  21091468.0   13935.779     115.444
      947.016 0.000000906      87.959     256.291      13.235     0.86796     0.81817     1.19080     0.06900     0.00000       1.061
      947.016      78.289      -0.572    9999.990      15.286      40.000      39.993     -70.000     -70.005       0.000
      947.016   10676.588       0.104    8956.363   -5987.008   12583.413     139.238       0.074       0.053      -0.104
      947.016    3345.801   13935.780    -139.238    3517.712       1.349      -0.078
      947.016       0.000  208790.000       0.000       0.000       0.000
      947.016       0.000       0.000       0.000       0.000       0.000
      947.016       0.000       1.000       0.000
      948.016      32.244      32.418    -123.008   15092.045     113.237    -164.311    185627.7  21091324.0   13906.292     115.353
      948.016 0.000000911      88.106     256.425      13.204     0.86793     0.81815     1.19076     0.06900     0.00000       1.061
      948.016      78.197      -0.603    9999.990      15.248      40.000      39.993     -70.000     -70.005       0.000
      948.016   10654.006       0.104    8937.402   -5954.174   12566.278     146.399       0.075       0.053      -0.104
      948.016    3347.993   13906.293    -146.399    3523.579       1.351      -0.078
      948.016       0.000  208790.000       0.000       0.000       0.000
      948.016       0.000       0.000       0.000       0.000       0.000
      948.016       0.000       1.000       0.000
      949.015      32.228      32.402    -122.967   15063.562     113.148    -171.382    185460.2  21091176.0   13876.768     115.260
      949.015 0.000000917      88.275     256.566      13.172     0.86790     0.81812     1.19071     0.06900     0.00000       1.061
      949.015      78.104      -0.634    9999.990      15.209      40.000      39.992     -70.000     -70.005       0.000
      949.015   10631.394       0.103    8918.418   -5921.279   12549.085     153.574       0.075       0.053      -0.104
      949.015    3350.178   13876.769    -153.574    3530.327       1.354      -0.078
      949.015       0.000  208790.000       0.000       0.000       0.000
      949.015       0.000       0.000       0.000       0.000       0.000
      949.015       0.000       1.000       0.000
      950.015      32.212      32.386    -122.927   15035.043     113.058    -178.462    185285.7  21091018.0   13847.203     115.167
      950.015 0.000000923      88.466     256.712      13.140     0.86787     0.81809     1.19067     0.06900     0.00000       1.061
      950.015      78.011      -0.665    9999.990      15.170      40.000      39.992     -70.000     -70.005       0.000
      950.015   10608.748       0.104    8899.410   -5888.316   12531.837     160.758       0.076       0.053      -0.105
      950.015    3352.363   13847.203    -160.758    3537.965       1.357      -0.079
      950.015       0.000  208790.000       0.000       0.000       0.000
      950.015       0.000       0.000       0.000       0.000       0.000
      950.015       0.000       1.000       0.000
      951.015      32.196      32.370    -122.887   15006.469     112.967    -185.548    185104.0  21090854.0   13817.585     115.074
      951.015 0.000000929      88.679     256.865      13.108     0.86783     0.81806     1.19063     0.06900     0.00000       1.061
      951.015      77.917      -0.696    9999.990      15.131      40.000      39.992     -70.000     -70.005       0.000
      951.015   10586.064       0.104    8880.364   -5855.271   12514.521     167.948       0.076       0.053      -0.105
      951.015    3354.541   13817.584    -167.948    3546.489       1.360      -0.079
      951.015       0.000  208790.000       0.000       0.000       0.000
      951.015       0.000       0.000       0.000       0.000       0.000
      951.015       0.000       1.000       0.000
      952.015      32.180      32.354    -122.847   14977.839     112.876    -192.637    184915.3  21090684.0   13787.910     114.980
      952.015 0.000000935      88.915     257.023      13.076     0.86780     0.81803     1.19059     0.06900     0.00000       1.061
      952.015      77.823      -0.728    9999.990      15.091      40.000      39.992     -70.000     -70.005       0.000
      952.015   10563.340       0.103    8861.282   -5822.133   12497.143     175.141       0.077       0.053      -0.105
      952.015    3356.719   13787.910    -175.141    3555.905       1.364      -0.079
      952.015       0.000  208790.000       0.000       0.000       0.000
      952.015       0.000       0.000       0.000       0.000       0.000
      952.015       0.000       1.000       0.000
      953.014      32.165      32.338    -122.807   14949.146     112.785    -199.725    184719.5  21090506.0   13758.172     114.885
      953.014 0.000000942      89.173     257.187      13.044     0.86777     0.81801     1.19055     0.06900     0.00000       1.061
      953.014      77.728      -0.759    9999.990      15.052      40.000      39.992     -70.000     -70.005       0.000
      953.014   10540.565       0.104    8842.161   -5788.900   12479.691     182.333       0.077       0.053      -0.106
      953.014    3358.892   13758.173    -182.333    3566.230       1.367      -0.079
      953.014       0.000  208790.000       0.000       0.000       0.000
      953.014       0.000       0.000       0.000       0.000       0.000
      953.014       0.000       1.000       0.000
      954.014      32.149      32.323    -122.767   14920.382     112.692    -206.808    184516.5  21090320.0   13728.362     114.789
      954.014 0.000000949      89.454     257.357      13.011     0.86774     0.81798     1.19050     0.06900     0.00000       1.061
      954.014      77.632      -0.791    9999.990      15.012      40.000      39.992     -70.000     -70.005       0.000
      954.014   10517.736       0.103    8822.990   -5755.557   12462.166     189.521       0.078       0.053      -0.106
      954.014    3361.062   13728.362    -189.521    3577.445       1.372      -0.079
      954.014       0.000  208790.000       0.000       0.000       0.000
      954.014       0.000       0.000       0.000       0.000       0.000
      954.014       0.000       1.000       0.000
      955.014      32.133      32.307    -122.727   14891.541     112.599    -213.883    184306.5  21090126.0   13698.474     114.693
      955.014 0.000000957      89.757     257.533      12.979     0.86771     0.81795     1.19046     0.06900     0.00000       1.061
      955.014      77.536      -0.823    9999.990      14.972      40.000      39.992     -70.000     -70.005       0.000
      955.014   10494.848       0.103    8803.770   -5722.090   12444.564     196.701       0.079       0.054      -0.106
      955.014    3363.227   13698.474    -196.701    3589.572       1.376      -0.080
      955.014       0.000  208790.000       0.000       0.000       0.000
      955.014       0.000       0.000       0.000       0.000       0.000
      955.014       0.000       1.000       0.000
      956.014      32.118      32.291    -122.687   14862.611     112.506    -220.947    184089.5  21089926.0   13668.494     114.596
      956.014 0.000000964      90.083     257.715      12.946     0.86767     0.81792     1.19041     0.06900     0.00000       1.061
      956.014      77.438      -0.855    9999.990      14.932      40.000      39.992     -70.000     -70.005       0.000
      956.014   10471.893       0.102    8784.488   -5688.495   12426.874     203.869       0.079       0.054      -0.107
      956.014    3365.389   13668.496    -203.869    3602.608       1.381      -0.080
      956.014       0.000  208790.000       0.000       0.000       0.000
      956.014       0.000       0.000       0.000       0.000       0.000
      956.014       0.000       1.000       0.000
      957.013      32.102      32.276    -122.647   14833.587     112.411    -227.996    183865.4  21089720.0   13638.418     114.499
      957.013 0.000000972      90.432     257.903      12.912     0.86764     0.81789     1.19037     0.06900     0.00000       1.061
      957.013      77.340      -0.887    9999.990      14.892      40.000      39.992     -70.000     -70.005       0.000
      957.013   10448.859       0.103    8765.146   -5654.769   12409.090     211.023       0.080       0.054      -0.107
      957.013    3367.549   13638.418    -211.023    3616.551       1.386      -0.080
      957.013       0.000  208790.000       0.000       0.000       0.000
      957.013       0.000       0.000       0.000       0.000       0.000
      957.013       0.000       1.000       0.000
      958.013      32.087      32.261    -122.607   14804.462     112.316    -235.025    183634.2  21089506.0   13608.240     114.400
      958.013 0.000000981      90.804     258.097      12.879     0.86761     0.81786     1.19033     0.06900     0.00000       1.061
      958.013      77.241      -0.919    9999.990      14.852      40.000      39.992     -70.000     -70.005       0.000
      958.013   10425.751       0.103    8745.735   -5620.893   12391.213     218.159       0.081       0.054      -0.107
      958.013    3369.704   13608.238    -218.159    3631.417       1.392      -0.081
      958.013       0.000  208790.000       0.000       0.000       0.000
      958.013       0.000       0.000       0.000       0.000       0.000
      958.013       0.000       1.000       0.000
      959.013      32.072      32.245    -122.567   14775.229     112.220    -242.033    183396.0  21089284.0   13577.952     114.301
      959.013 0.000000989      91.199     258.297      12.845     0.86757     0.81783     1.19028     0.06900     0.00000       1.061
      959.013      77.142      -0.951    9999.990      14.811      40.000      39.992     -70.000     -70.005       0.000
      959.013   10402.560       0.102    8726.255   -5586.862   12373.237     225.273       0.082       0.054      -0.108
      959.013    3371.857   13577.951    -225.273    3647.208       1.398      -0.081
      959.013       0.000  208790.000       0.000       0.000       0.000
      959.013       0.000       0.000       0.000       0.000       0.000
      959.013       0.000       1.000       0.000
      960.013      32.057      32.230    -122.528   14745.879     112.123    -249.015    183150.8  21089056.0   13547.544     114.200
      960.013 0.000000998      91.617     258.502      12.812     0.86754     0.81780     1.19023     0.06900     0.00000       1.061
      960.013      77.041      -0.983    9999.990      14.771      40.000      39.992     -70.000     -70.005       0.000
      960.013   10379.276       0.102    8706.697   -5552.664   12355.156     232.362       0.082       0.054      -0.108
      960.013    3374.003   13547.544    -232.362    3663.924       1.404      -0.081
      960.013       0.000  208790.000       0.000       0.000       0.000
      960.013       0.000       0.000       0.000       0.000       0.000
      960.013       0.000       1.000       0.000
      961.012      32.042      32.215    -122.488   14716.405     112.026    -255.968    182898.7  21088820.0   13517.011     114.099
      961.012 0.000001008      92.058     258.714      12.777     0.86751     0.81777     1.19019     0.06900     0.00000       1.061
      961.012      76.939      -1.015    9999.990      14.731      40.000      39.992     -70.000     -70.005       0.000
      961.012   10355.897       0.102    8687.058   -5518.290   12336.966     239.422       0.083       0.054      -0.108
      961.012    3376.150   13517.011    -239.422    3681.569       1.411      -0.082
      961.012       0.000  208790.000       0.000       0.000       0.000
      961.012       0.000       0.000       0.000       0.000       0.000
      961.012       0.000       1.000       0.000
      962.012      32.027      32.200    -122.449   14686.800     111.927    -262.888    182639.6  21088578.0   13486.342     113.997
      962.012 0.000001017      92.523     258.931      12.743     0.86747     0.81774     1.19014     0.06900     0.00000       1.061
      962.012      76.837      -1.047    9999.990      14.690      40.000      39.992     -70.000     -70.005       0.000
      962.012   10332.414       0.101    8667.331   -5483.733   12318.658     246.449       0.084       0.054      -0.108
      962.012    3378.289   13486.342    -246.449    3700.152       1.418      -0.082
      962.012       0.000  208790.000       0.000       0.000       0.000
      962.012       0.000       0.000       0.000       0.000       0.000
      962.012       0.000       1.000       0.000
      963.012      32.012      32.185    -122.409   14657.054     111.828    -269.771    182373.6  21088328.0   13455.528     113.893
      963.012 0.000001027      93.012     259.154      12.708     0.86744     0.81770     1.19009     0.06900     0.00000       1.061
      963.012      76.733      -1.079    9999.990      14.650      40.000      39.991     -70.000     -70.005       0.000
      963.012   10308.822       0.102    8647.511   -5448.978   12300.230     253.440       0.085       0.054      -0.109
      963.012    3380.428   13455.529    -253.440    3719.675       1.425      -0.083
      963.012       0.000  208790.000       0.000       0.000       0.000
      963.012       0.000       0.000       0.000       0.000       0.000
      963.012       0.000       1.000       0.000
      964.012      31.997      32.170    -122.370   14627.159     111.728    -276.614    182100.8  21088072.0   13424.565     113.789
      964.012 0.000001038      93.524     259.383      12.674     0.86740     0.81767     1.19005     0.06900     0.00000       1.061
      964.012      76.628      -1.111    9999.990      14.609      40.000      39.991     -70.000     -70.005       0.000
      964.012   10285.113       0.101    8627.594   -5414.020   12281.674     260.392       0.086       0.054      -0.109
      964.012    3382.560   13424.564    -260.392    3740.140       1.433      -0.083
      964.012       0.000  208790.000       0.000       0.000       0.000
      964.012       0.000       0.000       0.000       0.000       0.000
      964.012       0.000       1.000       0.000
      965.011      31.982      32.156    -122.331   14597.113     111.626    -283.414    181821.1  21087808.0   13393.445     113.683
      965.011 0.000001049      94.060     259.618      12.639     0.86737     0.81764     1.19000     0.06900     0.00000       1.061
      965.011      76.522      -1.144    9999.990      14.569      40.000      39.991     -70.000     -70.005       0.000
      965.011   10261.288       0.102    8607.575   -5378.848   12262.990     267.301       0.087       0.055      -0.109
      965.011    3384.691   13393.445    -267.301    3761.558       1.441      -0.084
      965.011       0.000  208790.000       0.000       0.000       0.000
      965.011       0.000       0.000       0.000       0.000       0.000
      965.011       0.000       1.000       0.000
      966.011      31.968      32.141    -122.291   14566.903     111.524    -290.166    181534.6  21087538.0   13362.158     113.577
      966.011 0.000001060      94.613     259.858      12.603     0.86733     0.81761     1.18995     0.06900     0.00000       1.061
      966.011      76.415      -1.176    9999.990      14.529      40.000      39.991     -70.000     -70.005       0.000
      966.011   10237.335       0.101    8587.447   -5343.450   12244.169     274.163       0.088       0.055      -0.110
      966.011    3386.816   13362.158    -274.163    3783.700       1.450      -0.084
      966.011       0.000  208790.000       0.000       0.000       0.000
      966.011       0.000       0.000       0.000       0.000       0.000
      966.011       0.000       1.000       0.000
      967.011      31.953      32.126    -122.252   14536.533     111.420    -296.872    181241.4  21087260.0   13330.709     113.469
      967.011 0.000001071      95.146     260.104      12.568     0.86729     0.81757     1.18990     0.06900     0.00000       1.061
      967.011      76.307      -1.208    9999.990      14.488      40.000      39.991     -70.000     -70.005       0.000
      967.011   10213.257       0.101    8567.215   -5307.831   12225.210     280.979       0.090       0.055      -0.110
      967.011    3388.939   13330.708    -280.979    3804.973       1.458      -0.085
      967.011       0.000  208790.000       0.000       0.000       0.000
      967.011       0.000       0.000       0.000       0.000       0.000
      967.011       0.000       1.000       0.000
      968.011      31.939      32.112    -122.213   14506.002     111.316    -303.531    180941.6  21086976.0   13299.092     113.360
      968.011 0.000001082      95.701     260.355      12.532     0.86726     0.81754     1.18985     0.06900     0.00000       1.061
      968.011      76.198      -1.240    9999.990      14.448      40.000      39.991     -70.000     -70.006       0.000
      968.011   10189.049       0.102    8546.876   -5271.993   12206.110     287.749       0.091       0.055      -0.110
      968.011    3391.056   13299.091    -287.749    3827.156       1.466      -0.085
      968.011       0.000  208790.000       0.000       0.000       0.000
      968.011       0.000       0.000       0.000       0.000       0.000
      968.011       0.000       1.000       0.000
      969.010      31.925      32.098    -122.174   14475.299     111.210    -310.140    180635.0  21086686.0   13267.301     113.250
      969.010 0.000001094      96.278     260.613      12.496     0.86722     0.81751     1.18980     0.06900     0.00000       1.061
      969.010      76.087      -1.272    9999.990      14.408      40.000      39.991     -70.000     -70.006       0.000
      969.010   10164.710       0.101    8526.427   -5235.924   12186.864     294.470       0.092       0.055      -0.110
      969.010    3393.171   13267.301    -294.470    3850.250       1.475      -0.086
      969.010       0.000  208790.000       0.000       0.000       0.000
      969.010       0.000       0.000       0.000       0.000       0.000
      969.010       0.000       1.000       0.000
      970.010      31.911      32.084    -122.135   14444.422     111.103    -316.697    180321.9  21086388.0   13235.333     113.139
      970.010 0.000001106      96.879     260.875      12.459     0.86719     0.81747     1.18975     0.06900     0.00000       1.061
      970.010      75.976      -1.304    9999.990      14.368      40.000      39.991     -70.000     -70.006       0.000
      970.010   10140.237       0.100    8505.858   -5199.615   12167.471     301.139       0.093       0.055      -0.111
      970.010    3395.281   13235.333    -301.139    3874.265       1.484      -0.086
      970.010       0.000  208790.000       0.000       0.000       0.000
      970.010       0.000       0.000       0.000       0.000       0.000
      970.010       0.000       1.000       0.000
      971.010      31.897      32.069    -122.096   14413.357     110.996    -323.196    180002.3  21086084.0   13203.174     113.026
      971.010 0.000001119      97.503     261.143      12.423     0.86715     0.81744     1.18970     0.06900     0.00000       1.061
      971.010      75.863      -1.336    9999.990      14.327      40.000      39.991     -70.000     -70.006       0.000
      971.010   10115.615       0.101    8485.171   -5163.060   12147.918     307.751       0.094       0.056      -0.111
      971.010    3397.389   13203.174    -307.751    3899.195       1.494      -0.087
      971.010       0.000  208790.000       0.000       0.000       0.000
      971.010       0.000       0.000       0.000       0.000       0.000
      971.010       0.000       1.000       0.000
      972.010      31.883      32.055    -122.057   14382.103     110.886    -329.635    179676.2  21085774.0   13170.816     112.912
      972.010 0.000001132      98.150     261.417      12.386     0.86714     0.81743     1.18969     0.06900     0.00000       1.061
      972.010      75.748      -1.367    9999.990      14.287      40.000      39.990     -70.000     -70.006       0.000
      972.010   10090.846       0.100    8464.353   -5126.245   12128.201     314.303       0.096       0.056      -0.111
      972.010    3399.490   13170.817    -314.303    3925.052       1.503      -0.087
      972.010       0.000  208790.000       0.000       0.000       0.000
      972.010       0.000       0.000       0.000       0.000       0.000
      972.010       0.000       1.000       0.000
      973.009      31.869      32.041    -122.018   14350.648     110.776    -336.009    179343.7  21085456.0   13138.259     112.797
      973.009 0.000001145      98.820     261.696      12.348     0.86720     0.81747     1.18976     0.06900     0.00000       1.061
      973.009      75.633      -1.399    9999.990      14.248      40.000      39.990     -70.000     -70.006       0.000
      973.009   10065.920       0.100    8443.405   -5089.161   12108.318     320.792       0.097       0.056      -0.111
      973.009    3401.590   13138.259    -320.792    3951.847       1.514      -0.088
      973.009       0.000  208790.000       0.000       0.000       0.000
      973.009       0.000       0.000       0.000       0.000       0.000
      973.009       0.000       1.000       0.000
      974.009      31.855      32.028    -121.980   14318.981     110.665    -342.314    179004.8  21085132.0   13105.481     112.681
      974.009 0.000001159      99.514     261.980      12.311     0.86726     0.81752     1.18983     0.06900     0.00000       1.061
      974.009      75.516      -1.431    9999.990      14.208      40.000      39.990     -70.000     -70.006       0.000
      974.009   10040.827       0.101    8422.316   -5051.796   12088.256     327.212       0.098       0.056      -0.112
      974.009    3403.683   13105.481    -327.212    3979.565       1.524      -0.088
      974.009       0.000  208790.000       0.000       0.000       0.000
      974.009       0.000       0.000       0.000       0.000       0.000
      974.009       0.000       1.000       0.000
      975.009      31.841      32.014    -121.941   14287.098     110.552    -348.547    178659.7  21084802.0   13072.484     112.562
      975.009 0.000001173     100.230     262.270      12.273     0.86731     0.81756     1.18991     0.06900     0.00000       1.061
      975.009      75.397      -1.462    9999.990      14.168      40.000      39.990     -70.000     -70.006       0.000
      975.009   10015.568       0.100    8401.083   -5014.145   12068.012     333.560       0.100       0.056      -0.112
      975.009    3405.774   13072.482    -333.560    4008.218       1.535      -0.089
      975.009       0.000  208790.000       0.000       0.000       0.000
      975.009       0.000       0.000       0.000       0.000       0.000
      975.009       0.000       1.000       0.000
      976.009      31.828      32.000    -121.902   14254.984     110.437    -354.703    178308.4  21084466.0   13039.253     112.443
      976.009 0.000001188     100.971     262.564      12.235     0.86737     0.81761     1.18998     0.06900     0.00000       1.061
      976.009      75.277      -1.493    9999.990      14.129      40.000      39.990     -70.000     -70.006       0.000
      976.009    9990.128       0.100    8379.703   -4976.194   12047.576     339.833       0.101       0.057      -0.112
      976.009    3407.859   13039.252    -339.833    4037.811       1.547      -0.090
      976.009       0.000  208790.000       0.000       0.000       0.000
      976.009       0.000       0.000       0.000       0.000       0.000
      976.009       0.000       1.000       0.000
      977.008      31.814      31.987    -121.864   14222.641     110.322    -360.780    177950.9  21084122.0   13005.782     112.322
      977.008 0.000001203     101.735     262.864      12.197     0.86743     0.81765     1.19006     0.06900     0.00000       1.061
      977.008      75.155      -1.525    9999.990      14.090      40.000      39.990     -70.000     -70.006       0.000
      977.008    9964.509       0.100    8358.168   -4937.936   12026.947     346.028       0.103       0.057      -0.113
      977.008    3409.942   13005.783    -346.028    4068.341       1.559      -0.090
      977.008       0.000  208790.000       0.000       0.000       0.000
      977.008       0.000       0.000       0.000       0.000       0.000
      977.008       0.000       1.000       0.000
      978.008      31.801      31.973    -121.826   14190.055     110.205    -366.774    177587.4  21083774.0   12972.065     112.199
      978.008 0.000001219     102.522     263.169      12.158     0.86749     0.81770     1.19013     0.06900     0.00000       1.061
      978.008      75.032      -1.556    9999.990      14.051      40.000      39.990     -70.000     -70.006       0.000
      978.008    9938.699       0.098    8336.472   -4899.361   12006.113     352.140       0.104       0.057      -0.113
      978.008    3412.019   12972.066    -352.140    4099.810       1.571      -0.091
      978.008       0.000  208790.000       0.000       0.000       0.000
      978.008       0.000       0.000       0.000       0.000       0.000
      978.008       0.000       1.000       0.000
      979.008      31.787      31.960    -121.787   14157.217     110.086    -372.681    177218.0  21083420.0   12938.093     112.075
      979.008 0.000001235     103.333     263.479      12.119     0.86755     0.81775     1.19021     0.06900     0.00000       1.061
      979.008      74.907      -1.586    9999.990      14.012      40.000      39.989     -70.000     -70.006       0.000
      979.008    9912.694       0.099    8314.610   -4860.459   11985.069     358.167       0.106       0.057      -0.113
      979.008    3414.093   12938.093    -358.167    4132.221       1.583      -0.092
      979.008       0.000  208790.000       0.000       0.000       0.000
      979.008       0.000       0.000       0.000       0.000       0.000
      979.008       0.000       1.000       0.000
      980.008      31.774      31.947    -121.749   14124.123     109.966    -378.499    176842.7  21083058.0   12903.856     111.949
      980.008 0.000001251     104.167     263.794      12.080     0.86761     0.81779     1.19029     0.06900     0.00000       1.061
      980.008      74.782      -1.617    9999.990      13.976      40.000      39.989     -69.997     -70.003       0.000
      980.008    9886.488       0.098    8292.578   -4821.223   11963.810     364.104       0.108       0.085      -0.090
      980.008    3416.161   12903.856    -364.104    4165.573       1.596      -0.093
      980.008       0.000  208790.000       0.000       0.000       0.000
      980.008       0.000       0.000       0.000       0.000       0.000
      980.008       0.000       1.000       0.000
      981.008      31.761      31.934    -121.711   14090.761     109.844    -384.102    176461.6  21082692.0   12869.348     111.821
      981.008 0.000001268     105.025     264.114      12.040     0.86768     0.81784     1.19037     0.06900     0.00000       1.061
      981.008      74.753      -1.647    9999.990      14.202      40.000      39.989     -69.640     -69.644       0.000
      981.008    9860.060       0.098    8270.390   -4781.695   11942.309     369.828       0.108       0.391       0.166
      981.008    3418.227   12869.349    -369.828    4199.871       1.609      -0.093
      981.008       0.000  208790.000       0.000       0.000       0.000
      981.008       0.000       0.000       0.000       0.000       0.000
      981.008       0.000       1.000       0.000
      982.007      31.748      31.921    -121.673   14057.120     109.722    -389.345    176075.2  21082320.0   12834.557     111.692
      982.007 0.000001286     105.906     264.438      12.000     0.86774     0.81789     1.19045     0.06900     0.00000       1.061
      982.007      74.725      -1.675    9999.990      14.427      40.000      39.989     -69.283     -69.286       0.000
      982.007    9833.416       0.099    8248.020   -4741.930   11920.537     375.194       0.109       0.391       0.166
      982.007    3420.285   12834.559    -375.194    4235.076       1.623      -0.094
      982.007       0.000  208790.000       0.000       0.000       0.000
      982.007       0.000       0.000       0.000       0.000       0.000
      982.007       0.000       1.000       0.000
      983.007      31.735      31.908    -121.634   14023.194     109.598    -394.224    175683.6  21081942.0   12799.480     111.562
      983.007 0.000001304     106.808     264.767      11.960     0.86780     0.81794     1.19053     0.06900     0.00000       1.061
      983.007      74.697      -1.702    9999.990      14.653      40.000      39.989     -68.926     -68.929       0.000
      983.007    9806.553       0.099    8225.462   -4701.920   11898.491     380.195       0.110       0.391       0.166
      983.007    3422.341   12799.480    -380.195    4271.146       1.637      -0.095
      983.007       0.000  208790.000       0.000       0.000       0.000
      983.007       0.000       0.000       0.000       0.000       0.000
      983.007       0.000       1.000       0.000
      984.007      31.723      31.895    -121.596   13988.973     109.473    -398.732    175287.3  21081560.0   12764.104     111.431
      984.007 0.000001322     107.731     265.100      11.919     0.86787     0.81800     1.19061     0.06900     0.00000       1.061
      984.007      74.669      -1.728    9999.990      14.880      40.000      39.989     -68.569     -68.572       0.000
      984.007    9779.462       0.097    8202.711   -4661.663   11876.159     384.826       0.111       0.391       0.167
      984.007    3424.391   12764.104    -384.826    4308.029       1.651      -0.096
      984.007       0.000  208790.000       0.000       0.000       0.000
      984.007       0.000       0.000       0.000       0.000       0.000
      984.007       0.000       1.000       0.000
      985.007      31.710      31.882    -121.559   13954.449     109.347    -402.863    174886.7  21081172.0   12728.424     111.299
      985.007 0.000001342     108.672     265.436      11.879     0.86793     0.81805     1.19069     0.06900     0.00000       1.061
      985.007      74.641      -1.752    9999.990      15.107      40.000      39.989     -68.212     -68.215       0.000
      985.007    9752.141       0.098    8179.765   -4621.155   11853.537     389.080       0.112       0.391       0.167
      985.007    3426.438   12728.425    -389.080    4345.680       1.666      -0.097
      985.007       0.000  208790.000       0.000       0.000       0.000
      985.007       0.000       0.000       0.000       0.000       0.000
      985.007       0.000       1.000       0.000
      986.006      31.698      31.870    -121.521   13919.621     109.220    -406.611    174482.1  21080782.0   12692.437     111.165
      986.006 0.000001361     109.633     265.775      11.837     0.86799     0.81810     1.19077     0.06900     0.00000       1.061
      986.006      74.614      -1.774    9999.990      15.335      40.000      39.989     -67.855     -67.858       0.000
      986.006    9724.582       0.098    8156.621   -4580.396   11830.617     392.952       0.113       0.391       0.167
      986.006    3428.480   12692.437    -392.952    4384.066       1.680      -0.097
      986.006       0.000  208790.000       0.000       0.000       0.000
      986.006       0.000       0.000       0.000       0.000       0.000
      986.006       0.000       1.000       0.000
      987.006      31.685      31.857    -121.483   13884.476     109.091    -409.970    174073.9  21080388.0   12656.129     111.029
      987.006 0.000001381     110.609     266.118      11.796     0.86806     0.81815     1.19086     0.06900     0.00000       1.061
      987.006      74.587      -1.795    9999.990      15.563      40.000      39.989     -67.498     -67.501       0.000
      987.006    9696.776       0.098    8133.270   -4539.381   11807.389     396.436       0.114       0.391       0.167
      987.006    3430.515   12656.127    -396.436    4423.118       1.696      -0.098
      987.006       0.000  208790.000       0.000       0.000       0.000
      987.006       0.000       0.000       0.000       0.000       0.000
      987.006       0.000       1.000       0.000
      988.006      31.673      31.845    -121.445   13849.010     108.961    -412.936    173662.7  21079990.0   12619.495     110.893
      988.006 0.000001402     111.601     266.463      11.754     0.86813     0.81820     1.19094     0.06900     0.00000       1.061
      988.006      74.560      -1.814    9999.990      15.793      40.000      39.988     -67.141     -67.144       0.000
      988.006    9668.726       0.098    8109.712   -4498.110   11783.848     399.527       0.115       0.391       0.167
      988.006    3432.548   12619.497    -399.527    4462.768       1.711      -0.099
      988.006       0.000  208790.000       0.000       0.000       0.000
      988.006       0.000       0.000       0.000       0.000       0.000
      988.006       0.000       1.000       0.000
      989.006      31.661      31.833    -121.408   13813.212     108.830    -415.502    173248.5  21079588.0   12582.528     110.755
      989.006 0.000001423     112.607     266.811      11.712     0.86819     0.81825     1.19102     0.06900     0.00000       1.061
      989.006      74.533      -1.832    9999.990      16.023      40.000      39.988     -66.784     -66.787       0.000
      989.006    9640.418       0.097    8085.937   -4456.580   11759.980     402.220       0.116       0.391       0.167
      989.006    3434.573   12582.529    -402.220    4502.980       1.726      -0.100
      989.006       0.000  208790.000       0.000       0.000       0.000
      989.006       0.000       0.000       0.000       0.000       0.000
      989.006       0.000       1.000       0.000
      990.005      31.649      31.821    -121.370   13777.081     108.698    -417.664    172832.0  21079186.0   12545.226     110.615
      990.005 0.000001444     113.625     267.161      11.670     0.86826     0.81831     1.19111     0.06900     0.00000       1.061
      990.005      74.506      -1.848    9999.990      16.254      40.000      39.988     -66.427     -66.430       0.000
      990.005    9611.854       0.097    8061.944   -4414.792   11735.786     404.509       0.117       0.391       0.167
      990.005    3436.596   12545.225    -404.509    4543.676       1.742      -0.101
      990.005       0.000  208790.000       0.000       0.000       0.000
      990.005       0.000       0.000       0.000       0.000       0.000
      990.005       0.000       1.000       0.000
      991.005      31.637      31.809    -121.333   13740.611     108.565    -419.417    172413.5  21078780.0   12507.582     110.475
      991.005 0.000001466     114.654     267.512      11.627     0.86832     0.81836     1.19119     0.06900     0.00000       1.061
      991.005      74.479      -1.862    9999.990      16.485      40.000      39.988     -66.070     -66.073       0.000
      991.005    9583.029       0.098    8037.735   -4372.748   11711.257     406.389       0.118       0.391       0.168
      991.005    3438.612   12507.583    -406.389    4584.806       1.758      -0.102
      991.005       0.000  208790.000       0.000       0.000       0.000
      991.005       0.000       0.000       0.000       0.000       0.000
      991.005       0.000       1.000       0.000
      992.005      31.625      31.797    -121.295   13703.799     108.430    -420.756    171993.5  21078374.0   12469.593     110.332
      992.005 0.000001488     115.692     267.864      11.584     0.86839     0.81841     1.19128     0.06900     0.00000       1.061
      992.005      74.453      -1.874    9999.990      16.718      40.000      39.988     -65.713     -65.716       0.000
      992.005    9553.939       0.097    8013.301   -4330.448   11686.386     407.858       0.120       0.391       0.168
      992.005    3440.624   12469.593    -407.858    4626.288       1.774      -0.103
      992.005       0.000  208790.000       0.000       0.000       0.000
      992.005       0.000       0.000       0.000       0.000       0.000
      992.005       0.000       1.000       0.000
      993.005      31.613      31.785    -121.258   13666.639     108.294    -421.679    171572.3  21077964.0   12431.253     110.189
      993.005 0.000001511     116.737     268.218      11.541     0.86846     0.81847     1.19136     0.06900     0.00000       1.061
      993.005      74.426      -1.885    9999.990      16.952      40.000      39.988     -65.356     -65.359       0.000
      993.005    9524.583       0.098    7988.643   -4287.896   11661.167     408.909       0.121       0.391       0.168
      993.005    3442.632   12431.255    -408.909    4668.055       1.790      -0.104
      993.005       0.000  208790.000       0.000       0.000       0.000
      993.005       0.000       0.000       0.000       0.000       0.000
      993.005       0.000       1.000       0.000
      994.004      31.602      31.774    -121.221   13629.125     108.156    -422.179    171150.3  21077556.0   12392.557     110.044
      994.004 0.000001534     117.808     268.572      11.497     0.86853     0.81852     1.19145     0.06900     0.00000       1.061
      994.004      74.399      -1.894    9999.990      17.185      40.000      39.988     -65.000     -65.004       0.000
      994.004    9494.949       0.098    7963.754   -4245.093   11635.589     409.539       0.122       0.375       0.155
      994.004    3444.631   12392.556    -409.539    4710.861       1.807      -0.105
      994.004       0.000  208790.000       0.000       0.000       0.000
      994.004       0.000       0.000       0.000       0.000       0.000
      994.004       0.000       1.000       0.000
      995.004      31.590      31.762    -121.184   13591.251     108.017    -422.374    170728.0  21077146.0   12353.498     109.897
      995.004 0.000001558     118.897     268.927      11.454     0.86859     0.81857     1.19153     0.06900     0.00000       1.061
      995.004      74.251      -1.901    9999.990      17.173      40.000      39.988     -65.000     -65.007       0.000
      995.004    9465.056       0.098    7938.617   -4201.963   11609.670     409.865       0.124       0.070      -0.102
      995.004    3446.628   12353.499    -409.865    4754.397       1.824      -0.106
      995.004       0.000  208790.000       0.000       0.000       0.000
      995.004       0.000       0.000       0.000       0.000       0.000
      995.004       0.000       1.000       0.000
      996.004      31.579      31.751    -121.147   13553.019     107.877    -422.408    170305.6  21076736.0   12314.072     109.748
      996.004 0.000001583     119.989     269.282      11.410     0.86866     0.81862     1.19161     0.06900     0.00000       1.061
      996.004      74.102      -1.908    9999.990      17.164      40.000      39.987     -65.000     -65.007       0.000
      996.004    9434.879       0.098    7913.244   -4158.428   11583.424     410.030       0.127       0.070      -0.102
      996.004    3448.618   12314.071    -410.030    4798.029       1.840      -0.107
      996.004       0.000  208790.000       0.000       0.000       0.000
      996.004       0.000       0.000       0.000       0.000       0.000
      996.004       0.000       1.000       0.000
      997.004      31.567      31.739    -121.110   13514.421     107.734    -422.278    169883.3  21076326.0   12274.274     109.597
      997.004 0.000001607     121.082     269.636      11.365     0.86873     0.81867     1.19170     0.06900     0.00000       1.061
      997.004      73.951      -1.914    9999.990      17.157      40.000      39.987     -65.000     -65.007       0.000
      997.004    9404.417       0.097    7887.632   -4114.486   11556.846     410.034       0.129       0.071      -0.102
      997.004    3450.604   12274.273    -410.034    4841.721       1.857      -0.108
      997.004       0.000  208790.000       0.000       0.000       0.000
      997.004       0.000       0.000       0.000       0.000       0.000
      997.004       0.000       1.000       0.000
      998.003      31.556      31.728    -121.073   13475.457     107.589    -421.986    169461.2  21075916.0   12234.104     109.443
      998.003 0.000001633     122.176     269.991      11.321     0.86879     0.81872     1.19178     0.06900     0.00000       1.061
      998.003      73.798      -1.920    9999.990      17.150      40.000      39.987     -65.000     -65.007       0.000
      998.003    9373.672       0.096    7861.780   -4070.140   11529.929     409.876       0.131       0.071      -0.102
      998.003    3452.583   12234.104    -409.876    4885.443       1.874      -0.109
      998.003       0.000  208790.000       0.000       0.000       0.000
      998.003       0.000       0.000       0.000       0.000       0.000
      998.003       0.000       1.000       0.000
      999.003      31.545      31.717    -121.036   13436.131     107.442    -421.533    169039.4  21075506.0   12193.566     109.288
      999.003 0.000001658     123.270     270.345      11.276     0.86886     0.81877     1.19187     0.06900     0.00000       1.061
      999.003      73.642      -1.925    9999.990      17.143      40.000      39.987     -65.000     -65.007       0.000
      999.003    9342.643       0.095    7835.692   -4025.391   11502.675     409.558       0.134       0.072      -0.102
      999.003    3454.557   12193.565    -409.558    4929.150       1.891      -0.109
      999.003       0.000  208790.000       0.000       0.000       0.000
      999.003       0.000       0.000       0.000       0.000       0.000
      999.003       0.000       1.000       0.000
     1000.003      31.534      31.706    -121.000   13396.438     107.293    -420.918    168618.1  21075096.0   12152.654     109.130
     1000.003 0.000001684     124.362     270.650      11.232     0.86893     0.81882     1.19195     0.06900     0.00000       1.061
     1000.003      73.484      -1.929    9999.990      17.138      40.000      39.986     -65.000     -65.007       0.000
     1000.003    9311.327       0.096    7809.364   -3980.243   11475.074     409.079       0.136       0.072      -0.102
     1000.003    3456.525   12152.653    -409.079    4972.793       1.908      -0.110
     1000.003       0.000  208790.000       0.000       0.000       0.000
     1000.003       0.000       0.000       0.000       0.000       0.000
     1000.003       0.000       1.000       0.000
     1001.003      31.524      31.695    -120.963   13356.380     107.141    -420.142    168197.5  21074688.0   12111.374     108.969
     1001.003 0.000001710     125.452     270.650      11.193     0.86899     0.81886     1.19202     0.06900     0.00000       1.061
     1001.003      73.324      -1.933    9999.990      17.133      40.000      39.986     -65.000     -65.007       0.000
     1001.003    9279.730       0.096    7782.800   -3934.703   11447.125     408.441       0.138       0.073      -0.102
     1001.003    3458.488   12111.374    -408.441    5016.346       1.925      -0.111
     1001.003       0.000  208790.000       0.000       0.000       0.000
     1001.003       0.000       0.000       0.000       0.000       0.000
     1001.003       0.000       1.000       0.000
     1002.002      31.513      31.685    -120.927   13315.955     106.988    -419.208    167777.8  21074280.0   12069.722     108.807
     1002.002 0.000001737     126.538     270.650      11.155     0.86905     0.81891     1.19209     0.06900     0.00000       1.061
     1002.002      73.162      -1.935    9999.990      17.130      40.000      39.986     -65.000     -65.007       0.000
     1002.002    9247.849       0.096    7755.994   -3888.774   11418.819     407.645       0.140       0.074      -0.102
     1002.002    3460.445   12069.720    -407.645    5059.754       1.942      -0.112
     1002.002       0.000  208790.000       0.000       0.000       0.000
     1002.002       0.000       0.000       0.000       0.000       0.000
     1002.002       0.000       1.000       0.000
     1003.002      31.503      31.674    -120.890   13275.167     106.833    -418.115    167359.1  21073872.0   12027.699     108.642
     1003.002 0.000001764     127.620     270.650      11.116     0.86910     0.81895     1.19217     0.06900     0.00000       1.061
     1003.002      72.997      -1.938    9999.990      17.127      40.000      39.986     -65.000     -65.007       0.000
     1003.002    9215.686       0.096    7728.955   -3842.453   11390.159     406.692       0.143       0.074      -0.103
     1003.002    3462.395   12027.701    -406.692    5102.983       1.959      -0.113
     1003.002       0.000  208790.000       0.000       0.000       0.000
     1003.002       0.000       0.000       0.000       0.000       0.000
     1003.002       0.000       1.000       0.000
     1004.002      31.492      31.664    -120.854   13234.015     106.676    -416.866    166941.5  21073466.0   11985.311     108.474
     1004.002 0.000001792     128.696     270.650      11.077     0.86916     0.81899     1.19224     0.06900     0.00000       1.061
     1004.002      72.830      -1.939    9999.990      17.125      40.000      39.985     -65.000     -65.007       0.000
     1004.002    9183.237       0.096    7701.677   -3795.753   11361.137     405.584       0.145       0.075      -0.103
     1004.002    3464.340   11985.311    -405.584    5145.975       1.975      -0.114
     1004.002       0.000  208790.000       0.000       0.000       0.000
     1004.002       0.000       0.000       0.000       0.000       0.000
     1004.002       0.000       1.000       0.000
     1005.002      31.482      31.654    -120.818   13192.500     106.516    -415.462    166525.3  21073062.0   11942.553     108.305
     1005.002 0.000001820     129.765     270.650      11.037     0.86922     0.81903     1.19231     0.06900     0.00000       1.061
     1005.002      72.660      -1.940    9999.990      17.123      40.000      39.985     -65.000     -65.008       0.000
     1005.002    9150.507       0.097    7674.164   -3748.678   11331.748     404.321       0.148       0.075      -0.103
     1005.002    3466.280   11942.553    -404.321    5188.694       1.992      -0.115
     1005.002       0.000  208790.000       0.000       0.000       0.000
     1005.002       0.000       0.000       0.000       0.000       0.000
     1005.002       0.000       1.000       0.000
     1006.001      31.472      31.643    -120.782   13150.628     106.355    -413.904    166110.5  21072658.0   11899.437     108.133
     1006.001 0.000001848     130.826     270.650      10.998     0.86928     0.81908     1.19238     0.06900     0.00000       1.061
     1006.001      72.488      -1.940    9999.990      17.123      40.000      39.985     -65.000     -65.008       0.000
     1006.001    9117.503       0.095    7646.419   -3701.229   11301.997     402.906       0.150       0.076      -0.103
     1006.001    3468.212   11899.436    -402.906    5231.090       2.008      -0.116
     1006.001       0.000  208790.000       0.000       0.000       0.000
     1006.001       0.000       0.000       0.000       0.000       0.000
     1006.001       0.000       1.000       0.000
     1007.001      31.462      31.633    -120.746   13108.396     106.191    -412.195    165697.3  21072256.0   11855.955     107.958
     1007.001 0.000001876     131.879     270.650      10.957     0.86934     0.81912     1.19246     0.06900     0.00000       1.061
     1007.001      72.314      -1.940    9999.990      17.123      40.000      39.985     -65.000     -65.008       0.000
     1007.001    9084.218       0.095    7618.441   -3653.416   11271.874     401.341       0.152       0.077      -0.103
     1007.001    3470.138   11855.955    -401.341    5273.135       2.024      -0.117
     1007.001       0.000  208790.000       0.000       0.000       0.000
     1007.001       0.000       0.000       0.000       0.000       0.000
     1007.001       0.000       1.000       0.000
     1008.001      31.452      31.623    -120.710   13065.807     106.025    -410.338    165285.9  21071856.0   11812.113     107.782
     1008.001 0.000001905     132.920     270.650      10.917     0.86940     0.81917     1.19253     0.06900     0.00000       1.061
     1008.001      72.138      -1.939    9999.990      17.125      40.000      39.984     -65.000     -65.008       0.000
     1008.001    9050.660       0.094    7590.230   -3605.243   11241.377     399.629       0.155       0.077      -0.103
     1008.001    3472.059   11812.114    -399.629    5314.746       2.041      -0.118
     1008.001       0.000  208790.000       0.000       0.000       0.000
     1008.001       0.000       0.000       0.000       0.000       0.000
     1008.001       0.000       1.000       0.000
     1009.001      31.442      31.614    -120.674   13022.867     105.857    -408.334    164876.5  21071456.0   11767.920     107.603
     1009.001 0.000001935     133.950     270.650      10.876     0.86946     0.81921     1.19261     0.06900     0.00000       1.061
     1009.001      71.959      -1.937    9999.990      17.127      40.000      39.984     -65.000     -65.008       0.000
     1009.001    9016.828       0.095    7561.795   -3556.722   11210.506     397.770       0.157       0.078      -0.103
     1009.001    3473.973   11767.920    -397.770    5355.903       2.057      -0.119
     1009.001       0.000  208790.000       0.000       0.000       0.000
     1009.001       0.000       0.000       0.000       0.000       0.000
     1009.001       0.000       1.000       0.000
     1010.000      31.433      31.604    -120.638   12979.576     105.687    -406.186    164469.1  21071060.0   11723.371     107.421
     1010.000 0.000001964     134.968     270.650      10.835     0.86952     0.81926     1.19268     0.06900     0.00000       1.061
     1010.000      71.777      -1.935    9999.990      17.129      40.000      39.984     -65.000     -65.008       0.000
     1010.000    8982.727       0.094    7533.132   -3507.858   11179.255     395.769       0.160       0.079      -0.103
     1010.000    3475.879   11723.372    -395.769    5396.551       2.072      -0.120
     1010.000       0.000  208790.000       0.000       0.000       0.000
     1010.000       0.000       0.000       0.000       0.000       0.000
     1010.000       0.000       1.000       0.000
     1011.000      31.423      31.594    -120.603   12935.941     105.515    -403.898    164063.9  21070664.0   11678.479     107.237
     1011.000 0.000001994     135.971     270.650      10.793     0.86959     0.81930     1.19276     0.06900     0.00000       1.061
     1011.000      71.594      -1.932    9999.990      17.133      40.000      39.984     -65.000     -65.008       0.000
     1011.000    8948.360       0.094    7504.248   -3458.661   11147.628     393.629       0.162       0.079      -0.103
     1011.000    3477.780   11678.480    -393.629    5436.646       2.088      -0.121
     1011.000       0.000  208790.000       0.000       0.000       0.000
     1011.000       0.000       0.000       0.000       0.000       0.000
     1011.000       0.000       1.000       0.000
     1012.100      31.413      31.584    -120.564   12887.547     105.323    -401.222    163621.0  21070232.0   11628.698     107.032
     1012.100 0.000002027     137.058     270.650      10.747     0.86965     0.81935     1.19284     0.06900     0.00000       1.061
     1012.100      71.389      -1.927    9999.990      17.138      40.000      39.984     -65.000     -65.008       0.000
     1012.100    8910.252       0.093    7472.218   -3404.167   11112.395     391.116       0.165       0.080      -0.104
     1012.100    3479.864   11628.699    -391.116    5480.041       2.105      -0.122
     1012.100       0.000  208790.000       0.000       0.000       0.000
     1012.100       0.000       0.000       0.000       0.000       0.000
     1012.100       0.000       1.000       0.000
     1013.100      31.404      31.575    -120.528   12843.197     105.147    -398.649    163220.9  21069842.0   11583.089     106.843
     1013.100 0.000002058     138.028     270.650      10.705     0.86972     0.81940     1.19292     0.06900     0.00000       1.061
     1013.100      71.200      -1.923    9999.990      17.143      40.000      39.983     -65.000     -65.008       0.000
     1013.100    8875.336       0.093    7442.874   -3354.296   11079.962     388.692       0.167       0.081      -0.104
     1013.100    3481.751   11583.090    -388.692    5518.815       2.120      -0.123
     1013.100       0.000  208790.000       0.000       0.000       0.000
     1013.100       0.000       0.000       0.000       0.000       0.000
     1013.100       0.000       1.000       0.000
     1014.099      31.395      31.566    -120.493   12798.515     104.968    -395.945    162823.5  21069456.0   11537.147     106.652
     1014.099 0.000002088     138.981     270.650      10.663     0.86978     0.81945     1.19300     0.06900     0.00000       1.061
     1014.099      71.009      -1.918    9999.990      17.149      40.000      39.983     -65.000     -65.008       0.000
     1014.099    8840.164       0.093    7413.318   -3304.119   11047.147     386.139       0.169       0.081      -0.104
     1014.099    3483.630   11537.148    -386.139    5556.892       2.135      -0.123
     1014.099       0.000  208790.000       0.000       0.000       0.000
     1014.099       0.000       0.000       0.000       0.000       0.000
     1014.099       0.000       1.000       0.000
     1015.099      31.386      31.557    -120.458   12753.506     104.787    -393.115    162428.8  21069070.0   11490.879     106.458
     1015.099 0.000002119     139.916     270.650      10.620     0.86984     0.81949     1.19308     0.06900     0.00000       1.061
     1015.099      70.816      -1.912    9999.990      17.156      40.000      39.983     -65.000     -65.008       0.000
     1015.099    8804.743       0.093    7383.550   -3253.648   11013.947     383.460       0.172       0.082      -0.104
     1015.099    3485.503   11490.880    -383.460    5594.215       2.149      -0.124
     1015.099       0.000  208790.000       0.000       0.000       0.000
     1015.099       0.000       0.000       0.000       0.000       0.000
     1015.099       0.000       1.000       0.000
     1016.099      31.377      31.548    -120.423   12708.173     104.605    -390.162    162037.0  21068688.0   11444.288     106.262
     1016.099 0.000002151     140.830     270.650      10.577     0.86991     0.81954     1.19316     0.06900     0.00000       1.061
     1016.099      70.620      -1.906    9999.990      17.163      40.000      39.983     -65.000     -65.008       0.000
     1016.099    8769.073       0.092    7353.576   -3202.890   10980.360     380.659       0.174       0.083      -0.104
     1016.099    3487.370   11444.288    -380.659    5630.747       2.164      -0.125
     1016.099       0.000  208790.000       0.000       0.000       0.000
     1016.099       0.000       0.000       0.000       0.000       0.000
     1016.099       0.000       1.000       0.000
     1017.099      31.368      31.539    -120.388   12662.526     104.420    -387.092    161648.2  21068308.0   11397.386     106.063
     1017.099 0.000002182     141.724     270.650      10.534     0.86997     0.81959     1.19324     0.06900     0.00000       1.061
     1017.099      70.422      -1.899    9999.990      17.171      40.000      39.982     -65.000     -65.008       0.000
     1017.099    8733.163       0.092    7323.403   -3151.864   10946.390     377.741       0.177       0.083      -0.104
     1017.099    3489.229   11397.384    -377.741    5666.444       2.177      -0.126
     1017.099       0.000  208790.000       0.000       0.000       0.000
     1017.099       0.000       0.000       0.000       0.000       0.000
     1017.099       0.000       1.000       0.000
     1018.098      31.360      31.531    -120.353   12616.569     104.233    -383.907    161262.5  21067932.0   11350.173     105.862
     1018.098 0.000002214     142.595     270.650      10.490     0.87004     0.81964     1.19332     0.06900     0.00000       1.061
     1018.098      70.221      -1.892    9999.990      17.180      40.000      39.982     -65.000     -65.008       0.000
     1018.098    8697.018       0.093    7293.033   -3100.578   10912.032     374.710       0.179       0.084      -0.105
     1018.098    3491.081   11350.174    -374.710    5701.255       2.191      -0.127
     1018.098       0.000  208790.000       0.000       0.000       0.000
     1018.098       0.000       0.000       0.000       0.000       0.000
     1018.098       0.000       1.000       0.000
     1019.098      31.351      31.523    -120.319   12570.300     104.044    -380.607    160880.1  21067558.0   11302.651     105.659
     1019.098 0.000002247     143.527     270.650      10.446     0.87010     0.81969     1.19340     0.06900     0.00000       1.062
     1019.098      70.018      -1.884    9999.990      17.190      40.000      39.982     -65.000     -65.008       0.000
     1019.098    8660.636       0.092    7262.460   -3049.028   10877.283     371.565       0.181       0.084      -0.105
     1019.098    3492.926   11302.651    -371.565    5738.457       2.205      -0.128
     1019.098       0.000  208790.000       0.000       0.000       0.000
     1019.098       0.000       0.000       0.000       0.000       0.000
     1019.098       0.000       1.000       0.000
     1020.098      31.343      31.514    -120.284   12523.704     103.853    -377.186    160501.0  21067188.0   11254.806     105.453
     1020.098 0.000002281     144.439     270.650      10.402     0.87017     0.81973     1.19348     0.06900     0.00000       1.062
     1020.098      69.813      -1.875    9999.990      17.200      40.000      39.982     -65.000     -65.009       0.000
     1020.098    8624.005       0.092    7231.680   -2997.206   10842.129     368.298       0.184       0.085      -0.105
     1020.098    3494.764   11254.806    -368.298    5774.886       2.220      -0.128
     1020.098       0.000  208790.000       0.000       0.000       0.000
     1020.098       0.000       0.000       0.000       0.000       0.000
     1020.098       0.000       1.000       0.000
     1021.098      31.335      31.506    -120.250   12476.790     103.659    -373.649    160125.4  21066822.0   11206.647     105.245
     1021.098 0.000002314     145.324     270.650      10.357     0.87024     0.81978     1.19356     0.06900     0.00000       1.062
     1021.098      69.605      -1.866    9999.990      17.212      40.000      39.981     -65.000     -65.009       0.000
     1021.098    8587.134       0.091    7200.699   -2945.128   10806.571     364.917       0.186       0.086      -0.105
     1021.098    3496.594   11206.646    -364.917    5810.264       2.233      -0.129
     1021.098       0.000  208790.000       0.000       0.000       0.000
     1021.098       0.000       0.000       0.000       0.000       0.000
     1021.098       0.000       1.000       0.000
     1022.097      31.327      31.498    -120.215   12429.568     103.464    -370.002    159753.4  21066458.0   11158.184     105.034
     1022.097 0.000002348     146.183     270.650      10.312     0.87030     0.81983     1.19365     0.06900     0.00000       1.062
     1022.097      69.394      -1.856    9999.990      17.223      40.000      39.981     -65.000     -65.009       0.000
     1022.097    8550.028       0.091    7169.524   -2892.811   10770.611     361.426       0.189       0.086      -0.105
     1022.097    3498.417   11158.184    -361.426    5844.551       2.247      -0.130
     1022.097       0.000  208790.000       0.000       0.000       0.000
     1022.097       0.000       0.000       0.000       0.000       0.000
     1022.097       0.000       1.000       0.000
     1023.097      31.319      31.490    -120.181   12382.047     103.267    -366.250    159385.1  21066098.0   11109.425     104.821
     1023.097 0.000002382     147.013     270.650      10.267     0.87037     0.81988     1.19373     0.06900     0.00000       1.062
     1023.097      69.182      -1.846    9999.990      17.236      40.000      39.981     -65.000     -65.009       0.000
     1023.097    8512.696       0.091    7138.160   -2840.260   10734.253     357.831       0.191       0.087      -0.106
     1023.097    3500.233   11109.425    -357.831    5877.691       2.260      -0.131
     1023.097       0.000  208790.000       0.000       0.000       0.000
     1023.097       0.000       0.000       0.000       0.000       0.000
     1023.097       0.000       1.000       0.000
     1024.097      31.312      31.483    -120.147   12334.230     103.067    -362.399    159020.6  21065742.0   11060.376     104.605
     1024.097 0.000002417     147.813     270.650      10.222     0.87044     0.81993     1.19381     0.06900     0.00000       1.062
     1024.097      68.966      -1.835    9999.990      17.249      40.000      39.981     -65.000     -65.009       0.000
     1024.097    8475.142       0.090    7106.609   -2787.498   10697.493     354.137       0.193       0.088      -0.106
     1024.097    3502.042   11060.376    -354.137    5909.642       2.272      -0.131
     1024.097       0.000  208790.000       0.000       0.000       0.000
     1024.097       0.000       0.000       0.000       0.000       0.000
     1024.097       0.000       1.000       0.000
     1025.097      31.304      31.475    -120.113   12286.134     102.865    -358.456    158659.9  21065390.0   11011.052     104.387
     1025.097 0.000002451     148.582     270.650      10.176     0.87051     0.81998     1.19390     0.06900     0.00000       1.062
     1025.097      68.749      -1.823    9999.990      17.263      40.000      39.980     -65.000     -65.009       0.000
     1025.097    8437.374       0.090    7074.883   -2734.537   10660.339     350.352       0.196       0.089      -0.106
     1025.097    3503.843   11011.051    -350.352    5940.384       2.284      -0.132
     1025.097       0.000  208790.000       0.000       0.000       0.000
     1025.097       0.000       0.000       0.000       0.000       0.000
     1025.097       0.000       1.000       0.000
     1026.097      31.297      31.468    -120.079   12237.762     102.662    -354.425    158303.3  21065042.0   10961.462     104.167
     1026.097 0.000002485     149.320     270.650      10.131     0.87057     0.82004     1.19398     0.06900     0.00000       1.062
     1026.097      68.529      -1.811    9999.990      17.278      40.000      39.980     -65.000     -65.009       0.000
     1026.097    8399.405       0.089    7042.986   -2681.397   10622.792     346.480       0.198       0.089      -0.106
     1026.097    3505.635   10961.463    -346.480    5969.850       2.296      -0.133
     1026.097       0.000  208790.000       0.000       0.000       0.000
     1026.097       0.000       0.000       0.000       0.000       0.000
     1026.097       0.000       1.000       0.000
     1027.096      31.289      31.460    -120.045   12189.126     102.456    -350.315    157950.8  21064698.0   10911.615     103.944
     1027.096 0.000002520     150.025     270.650      10.085     0.87064     0.82009     1.19407     0.06900     0.00000       1.062
     1027.096      68.306      -1.799    9999.990      17.293      40.000      39.980     -65.000     -65.009       0.000
     1027.096    8361.235       0.090    7010.926   -2628.093   10584.854     342.528       0.200       0.090      -0.107
     1027.096    3507.420   10911.614    -342.528    5998.012       2.307      -0.133
     1027.096       0.000  208790.000       0.000       0.000       0.000
     1027.096       0.000       0.000       0.000       0.000       0.000
     1027.096       0.000       1.000       0.000
     1028.096      31.282      31.453    -120.012   12140.238     102.249    -346.131    157602.3  21064356.0   10861.524     103.719
     1028.096 0.000002555     150.698     270.650      10.038     0.87071     0.82014     1.19415     0.06900     0.00000       1.062
     1028.096      68.082      -1.786    9999.990      17.309      40.000      39.980     -65.000     -65.009       0.000
     1028.096    8322.879       0.089    6978.710   -2574.639   10546.532     338.504       0.203       0.091      -0.107
     1028.096    3509.198   10861.524    -338.504    6024.860       2.318      -0.134
     1028.096       0.000  208790.000       0.000       0.000       0.000
     1028.096       0.000       0.000       0.000       0.000       0.000
     1028.096       0.000       1.000       0.000
     1029.096      31.275      31.446    -119.978   12091.104     102.039    -341.880    157258.1  21064020.0   10811.195     103.491
     1029.096 0.000002590     151.336     270.650       9.992     0.87078     0.82019     1.19424     0.06900     0.00000       1.062
     1029.096      67.855      -1.773    9999.990      17.325      40.000      39.980     -65.000     -65.009       0.000
     1029.096    8284.339       0.090    6946.341   -2521.052   10507.826     334.412       0.205       0.091      -0.107
     1029.096    3510.967   10811.194    -334.412    6050.335       2.328      -0.134
     1029.096       0.000  208790.000       0.000       0.000       0.000
     1029.096       0.000       0.000       0.000       0.000       0.000
     1029.096       0.000       1.000       0.000
     1030.096      31.269      31.440    -119.945   12041.738     101.828    -337.569    156918.1  21063688.0   10760.646     103.262
     1030.096 0.000002624     151.939     270.650       9.945     0.87085     0.82024     1.19433     0.06900     0.00000       1.062
     1030.096      67.626      -1.759    9999.990      17.342      40.000      39.979     -65.000     -65.009       0.000
     1030.096    8245.631       0.089    6913.832   -2467.349   10468.745     330.261       0.207       0.092      -0.108
     1030.096    3512.728   10760.646    -330.261    6074.428       2.337      -0.135
     1030.096       0.000  208790.000       0.000       0.000       0.000
     1030.096       0.000       0.000       0.000       0.000       0.000
     1030.096       0.000       1.000       0.000
     1031.095      31.262      31.433    -119.911   11992.154     101.615    -333.205    156582.5  21063358.0   10709.888     103.030
     1031.095 0.000002659     152.507     270.650       9.898     0.87092     0.82030     1.19442     0.06900     0.00000       1.062
     1031.095      67.394      -1.745    9999.990      17.359      40.000      39.979     -65.000     -65.009       0.000
     1031.095    8206.761       0.088    6881.189   -2413.548   10429.293     326.057       0.209       0.093      -0.108
     1031.095    3514.482   10709.887    -326.057    6097.107       2.346      -0.136
     1031.095       0.000  208790.000       0.000       0.000       0.000
     1031.095       0.000       0.000       0.000       0.000       0.000
     1031.095       0.000       1.000       0.000
     1032.095      31.255      31.426    -119.878   11942.355     101.400    -328.794    156251.3  21063034.0   10658.927     102.796
     1032.095 0.000002694     153.039     270.650       9.851     0.87099     0.82035     1.19450     0.06900     0.00000       1.062
     1032.095      67.161      -1.730    9999.990      17.377      40.000      39.979     -65.000     -65.009       0.000
     1032.095    8167.735       0.088    6848.418   -2359.665   10389.473     321.807       0.211       0.093      -0.108
     1032.095    3516.227   10658.927    -321.807    6118.342       2.354      -0.136
     1032.095       0.000  208790.000       0.000       0.000       0.000
     1032.095       0.000       0.000       0.000       0.000       0.000
     1032.095       0.000       1.000       0.000
     1033.095      31.249      31.420    -119.845   11892.359     101.183    -324.344    155924.5  21062714.0   10607.778     102.560
     1033.095 0.000002729     153.535     270.650       9.804     0.87106     0.82041     1.19459     0.06900     0.00000       1.062
     1033.095      66.925      -1.715    9999.990      17.395      40.000      39.979     -65.000     -65.009       0.000
     1033.095    8128.565       0.088    6815.525   -2305.716   10349.291     317.517       0.213       0.094      -0.109
     1033.095    3517.964   10607.778    -317.517    6138.113       2.362      -0.136
     1033.095       0.000  208790.000       0.000       0.000       0.000
     1033.095       0.000       0.000       0.000       0.000       0.000
     1033.095       0.000       1.000       0.000
     1034.095      31.243      31.414    -119.812   11842.177     100.965    -319.862    155602.2  21062400.0   10556.457     102.321
     1034.095 0.000002764     153.993     270.650       9.756     0.87113     0.82046     1.19468     0.06900     0.00000       1.062
     1034.095      66.687      -1.700    9999.990      17.413      40.000      39.979     -65.000     -65.009       0.000
     1034.095    8089.260       0.088    6782.526   -2251.720   10308.757     313.196       0.215       0.094      -0.109
     1034.095    3519.693   10556.457    -313.196    6156.424       2.370      -0.137
     1034.095       0.000  208790.000       0.000       0.000       0.000
     1034.095       0.000       0.000       0.000       0.000       0.000
     1034.095       0.000       1.000       0.000
     1035.094      31.237      31.408    -119.780   11791.818     100.745    -315.356    155284.3  21062088.0   10504.976     102.081
     1035.094 0.000002799     154.415     270.596       9.710     0.87120     0.82051     1.19477     0.06900     0.00000       1.062
     1035.094      66.447      -1.685    9999.990      17.432      40.000      39.978     -65.000     -65.010       0.000
     1035.094    8049.835       0.087    6749.421   -2197.697   10267.875     308.849       0.217       0.095      -0.109
     1035.094    3521.414   10504.977    -308.849    6173.239       2.376      -0.137
     1035.094       0.000  208790.000       0.000       0.000       0.000
     1035.094       0.000       0.000       0.000       0.000       0.000
     1035.094       0.000       1.000       0.000
     1036.094      31.231      31.402    -119.747   11741.293     100.523    -310.831    154971.0  21061780.0   10453.341     101.839
     1036.094 0.000002833     154.799     270.333       9.667     0.87127     0.82056     1.19485     0.06900     0.00000       1.062
     1036.094      66.205      -1.669    9999.990      17.451      40.000      39.978     -65.000     -65.010       0.000
     1036.094    8010.287       0.088    6716.221   -2143.662   10226.648     304.485       0.219       0.096      -0.110
     1036.094    3523.125   10453.341    -304.485    6188.563       2.382      -0.138
     1036.094       0.000  208790.000       0.000       0.000       0.000
     1036.094       0.000       0.000       0.000       0.000       0.000
     1036.094       0.000       1.000       0.000
     1037.094      31.225      31.396    -119.715   11690.618     100.300    -306.296    154662.2  21061478.0   10401.571     101.594
     1037.094 0.000002868     155.145     270.073       9.623     0.87133     0.82061     1.19493     0.06900     0.00000       1.062
     1037.094      65.961      -1.653    9999.990      17.470      40.000      39.978     -65.000     -65.010       0.000
     1037.094    7970.639       0.086    6682.934   -2089.631   10185.090     300.111       0.220       0.096      -0.110
     1037.094    3524.829   10401.571    -300.111    6202.379       2.388      -0.138
     1037.094       0.000  208790.000       0.000       0.000       0.000
     1037.094       0.000       0.000       0.000       0.000       0.000
     1037.094       0.000       1.000       0.000
     1038.094      31.220      31.390    -119.682   11639.802     100.075    -301.758    154358.0  21061180.0   10349.674     101.348
     1038.094 0.000002903     155.454     269.817       9.580     0.87140     0.82066     1.19501     0.06900     0.00000       1.062
     1038.094      65.716      -1.637    9999.990      17.490      40.000      39.978     -65.000     -65.010       0.000
     1038.094    7930.890       0.086    6649.568   -2035.626   10143.201     295.734       0.222       0.097      -0.111
     1038.094    3526.525   10349.675    -295.734    6214.689       2.393      -0.138
     1038.094       0.000  208790.000       0.000       0.000       0.000
     1038.094       0.000       0.000       0.000       0.000       0.000
     1038.094       0.000       1.000       0.000
     1039.093      31.214      31.385    -119.650   11588.858      99.849    -297.225    154058.2  21060886.0   10297.667     101.100
     1039.093 0.000002937     155.725     269.565       9.536     0.87146     0.82071     1.19510     0.06900     0.00000       1.062
     1039.093      65.468      -1.621    9999.990      17.510      40.000      39.978     -65.000     -65.010       0.000
     1039.093    7891.056       0.085    6616.130   -1981.660   10100.994     291.360       0.224       0.097      -0.111
     1039.093    3528.212   10297.667    -291.360    6225.496       2.397      -0.138
     1039.093       0.000  208790.000       0.000       0.000       0.000
     1039.093       0.000       0.000       0.000       0.000       0.000
     1039.093       0.000       1.000       0.000
     1040.093      31.209      31.380    -119.618   11537.798      99.621    -292.702    153763.0  21060598.0   10245.562     100.849
     1040.093 0.000002971     155.958     269.317       9.492     0.87153     0.82076     1.19518     0.06900     0.00000       1.062
     1040.093      65.218      -1.605    9999.990      17.529      40.000      39.977     -65.000     -65.010       0.000
     1040.093    7851.146       0.085    6582.630   -1927.752   10058.476     286.998       0.225       0.098      -0.112
     1040.093    3529.890   10245.561    -286.998    6234.804       2.401      -0.139
     1040.093       0.000  208790.000       0.000       0.000       0.000
     1040.093       0.000       0.000       0.000       0.000       0.000
     1040.093       0.000       1.000       0.000
     1041.093      31.204      31.374    -119.586   11486.636      99.392    -288.198    153472.4  21060312.0   10193.372     100.597
     1041.093 0.000003006     156.154     269.073       9.448     0.87159     0.82082     1.19526     0.06900     0.00000       1.062
     1041.093      64.966      -1.589    9999.990      17.549      40.000      39.977     -65.000     -65.010       0.000
     1041.093    7811.171       0.085    6549.078   -1873.921   10015.655     282.653       0.227       0.098      -0.112
     1041.093    3531.560   10193.371    -282.653    6242.607       2.404      -0.139
     1041.093       0.000  208790.000       0.000       0.000       0.000
     1041.093       0.000       0.000       0.000       0.000       0.000
     1041.093       0.000       1.000       0.000
     1042.093      31.199      31.369    -119.554   11435.379      99.162    -283.719    153186.2  21060032.0   10141.105     100.344
     1042.093 0.000003040     156.312     268.832       9.404     0.87166     0.82087     1.19535     0.06901     0.00000       1.062
     1042.093      64.713      -1.573    9999.990      17.569      40.000      39.977     -65.000     -65.010       0.000
     1042.093    7771.138       0.084    6515.477   -1820.178    9972.537     278.334       0.228       0.099      -0.113
     1042.093    3533.220   10141.105    -278.334    6248.917       2.407      -0.139
     1042.093       0.000  208790.000       0.000       0.000       0.000
     1042.093       0.000       0.000       0.000       0.000       0.000
     1042.093       0.000       1.000       0.000
     1043.092      31.194      31.364    -119.523   11384.044      98.930    -279.273    152904.5  21059754.0   10088.779     100.088
     1043.092 0.000003074     156.434     268.595       9.360     0.87173     0.82092     1.19543     0.06901     0.00000       1.062
     1043.092      64.458      -1.557    9999.990      17.589      40.000      39.977     -65.000     -65.010       0.000
     1043.092    7731.056       0.084    6481.840   -1766.545    9929.133     274.047       0.230       0.100      -0.113
     1043.092    3534.872   10088.779    -274.047    6253.757       2.409      -0.139
     1043.092       0.000  208790.000       0.000       0.000       0.000
     1043.092       0.000       0.000       0.000       0.000       0.000
     1043.092       0.000       1.000       0.000
     1044.092      31.189      31.360    -119.491   11332.640      98.697    -274.866    152627.2  21059482.0   10036.405      99.831
     1044.092 0.000003108     156.519     268.362       9.315     0.87179     0.82097     1.19552     0.06901     0.00000       1.062
     1044.092      64.201      -1.540    9999.990      17.608      40.000      39.977     -65.000     -65.010       0.000
     1044.092    7690.938       0.083    6448.171   -1713.036    9885.451     269.798       0.231       0.100      -0.114
     1044.092    3536.515   10036.405    -269.798    6257.127       2.411      -0.139
     1044.092       0.000  208790.000       0.000       0.000       0.000
     1044.092       0.000       0.000       0.000       0.000       0.000
     1044.092       0.000       1.000       0.000
     1045.092      31.184      31.355    -119.460   11281.179      98.462    -270.505    152354.3  21059214.0    9983.992      99.572
     1045.092 0.000003141     156.568     268.132       9.270     0.87186     0.82103     1.19560     0.06901     0.00000       1.062
     1045.092      63.943      -1.524    9999.990      17.628      40.000      39.977     -65.000     -65.010       0.000
     1045.092    7650.787       0.084    6414.480   -1659.668    9841.497     265.596       0.232       0.101      -0.115
     1045.092    3538.149    9983.992    -265.596    6259.060       2.412      -0.139
     1045.092       0.000  208790.000       0.000       0.000       0.000
     1045.092       0.000       0.000       0.000       0.000       0.000
     1045.092       0.000       1.000       0.000
     1046.092      31.180      31.351    -119.428   11229.675      98.227    -266.197    152085.7  21058952.0    9931.559      99.312
     1046.092 0.000003175     156.581     267.906       9.226     0.87193     0.82108     1.19569     0.06901     0.00000       1.062
     1046.092      63.683      -1.508    9999.990      17.648      40.000      39.977     -65.000     -65.010       0.000
     1046.092    7610.622       0.083    6380.775   -1606.455    9797.286     261.445       0.234       0.101      -0.115
     1046.092    3539.775    9931.559    -261.445    6259.565       2.412      -0.139
     1046.092       0.000  208790.000       0.000       0.000       0.000
     1046.092       0.000       0.000       0.000       0.000       0.000
     1046.092       0.000       1.000       0.000
     1047.091      31.176      31.346    -119.397   11178.136      97.990    -261.948    151821.5  21058692.0    9879.112      99.050
     1047.091 0.000003208     156.559     267.684       9.181     0.87200     0.82113     1.19578     0.06901     0.00000       1.062
     1047.091      63.421      -1.493    9999.990      17.667      40.000      39.976     -65.000     -65.010       0.000
     1047.091    7570.445       0.083    6347.065   -1553.414    9752.822     257.353       0.235       0.101      -0.116
     1047.091    3541.391    9879.113    -257.353    6258.675       2.412      -0.139
     1047.091       0.000  208790.000       0.000       0.000       0.000
     1047.091       0.000       0.000       0.000       0.000       0.000
     1047.091       0.000       1.000       0.000
     1048.091      31.171      31.342    -119.366   11126.574      97.753    -257.764    151561.4  21058436.0    9826.665      98.787
     1048.091 0.000003241     156.503     267.465       9.136     0.87207     0.82119     1.19586     0.06901     0.00000       1.062
     1048.091      63.158      -1.477    9999.990      17.686      40.000      39.976     -65.000     -65.010       0.000
     1048.091    7530.267       0.083    6313.354   -1500.559    9708.115     253.326       0.236       0.102      -0.117
     1048.091    3542.999    9826.666    -253.326    6256.411       2.411      -0.139
     1048.091       0.000  208790.000       0.000       0.000       0.000
     1048.091       0.000       0.000       0.000       0.000       0.000
     1048.091       0.000       1.000       0.000
     1049.091      31.167      31.338    -119.336   11075.001      97.514    -253.653    151305.5  21058184.0    9774.230      98.522
     1049.091 0.000003274     156.413     267.250       9.091     0.87214     0.82124     1.19595     0.06901     0.00000       1.062
     1049.091      62.894      -1.462    9999.990      17.704      40.000      39.976     -65.000     -65.010       0.000
     1049.091    7490.096       0.083    6279.652   -1447.905    9663.176     249.371       0.237       0.102      -0.117
     1049.091    3544.598    9774.229    -249.371    6252.802       2.410      -0.139
     1049.091       0.000  208790.000       0.000       0.000       0.000
     1049.091       0.000       0.000       0.000       0.000       0.000
     1049.091       0.000       1.000       0.000
     1050.091      31.164      31.334    -119.305   11023.430      97.274    -249.619    151053.7  21057936.0    9721.818      98.255
     1050.091 0.000003308     156.303     267.038       9.046     0.87220     0.82130     1.19604     0.06901     0.00000       1.062
     1050.091      62.628      -1.447    9999.990      17.723      40.000      39.976     -65.000     -65.010       0.000
     1050.091    7449.944       0.082    6245.966   -1395.465    9618.013     245.492       0.238       0.103      -0.118
     1050.091    3546.187    9721.818    -245.492    6248.408       2.409      -0.139
     1050.091       0.000  208790.000       0.000       0.000       0.000
     1050.091       0.000       0.000       0.000       0.000       0.000
     1050.091       0.000       1.000       0.000
     1051.090      31.160      31.330    -119.274   10971.847      97.034    -245.658    150805.8  21057694.0    9669.421      97.988
     1051.090 0.000003342     156.248     266.830       9.000     0.87227     0.82135     1.19613     0.06901     0.00000       1.062
     1051.090      62.360      -1.432    9999.990      17.741      40.000      39.976     -65.000     -65.010       0.000
     1051.090    7409.804       0.082    6212.287   -1343.232    9572.618     241.686       0.239       0.103      -0.119
     1051.090    3547.768    9669.422    -241.686    6246.186       2.408      -0.139
     1051.090       0.000  208790.000       0.000       0.000       0.000
     1051.090       0.000       0.000       0.000       0.000       0.000
     1051.090       0.000       1.000       0.000
     1052.090      31.156      31.327    -119.244   10920.255      96.792    -241.767    150561.9  21057454.0    9617.036      97.718
     1052.090 0.000003377     156.159     266.625       8.955     0.87234     0.82141     1.19621     0.06901     0.00000       1.062
     1052.090      62.092      -1.418    9999.990      17.758      40.000      39.976     -65.000     -65.010       0.000
     1052.090    7369.673       0.081    6178.617   -1291.205    9526.991     237.949       0.241       0.104      -0.120
     1052.090    3549.339    9617.036    -237.949    6242.589       2.407      -0.139
     1052.090       0.000  208790.000       0.000       0.000       0.000
     1052.090       0.000       0.000       0.000       0.000       0.000
     1052.090       0.000       1.000       0.000
     1053.090      31.153      31.323    -119.214   10868.663      96.549    -237.953    150321.9  21057216.0    9564.676      97.448
     1053.090 0.000003411     156.035     266.423       8.910     0.87241     0.82146     1.19630     0.06901     0.00000       1.062
     1053.090      61.821      -1.404    9999.990      17.776      40.000      39.976     -65.000     -65.010       0.000
     1053.090    7329.560       0.081    6144.964   -1239.402    9481.141     234.289       0.242       0.104      -0.121
     1053.090    3550.902    9564.676    -234.289    6237.646       2.405      -0.139
     1053.090       0.000  208790.000       0.000       0.000       0.000
     1053.090       0.000       0.000       0.000       0.000       0.000
     1053.090       0.000       1.000       0.000
     1054.090      31.149      31.320    -119.184   10817.079      96.306    -234.223    150085.6  21056984.0    9512.351      97.176
     1054.090 0.000003445     155.880     266.224       8.864     0.87248     0.82152     1.19639     0.06901     0.00000       1.062
     1054.090      61.549      -1.390    9999.990      17.793      40.000      39.976     -65.000     -65.010       0.000
     1054.090    7289.473       0.081    6111.334   -1187.833    9435.075     230.711       0.243       0.105      -0.121
     1054.090    3552.456    9512.351    -230.711    6231.398       2.403      -0.139
     1054.090       0.000  208790.000       0.000       0.000       0.000
     1054.090       0.000       0.000       0.000       0.000       0.000
     1054.090       0.000       1.000       0.000
     1055.089      31.146      31.317    -119.154   10765.519      96.061    -230.581    149853.0  21056756.0    9460.071      96.902
     1055.089 0.000003479     155.692     266.028       8.819     0.87255     0.82157     1.19648     0.06901     0.00000       1.062
     1055.089      61.276      -1.376    9999.990      17.809      40.000      39.976     -65.000     -65.011       0.000
     1055.089    7249.420       0.080    6077.734   -1136.512    9388.805     227.221       0.244       0.105      -0.122
     1055.089    3554.000    9460.071    -227.221    6223.875       2.400      -0.138
     1055.089       0.000  208790.000       0.000       0.000       0.000
     1055.089       0.000       0.000       0.000       0.000       0.000
     1055.089       0.000       1.000       0.000
     1056.089      31.143      31.314    -119.124   10713.986      95.816    -227.033    149624.0  21056530.0    9407.848      96.627
     1056.089 0.000003513     155.473     265.836       8.773     0.87262     0.82163     1.19657     0.06901     0.00000       1.062
     1056.089      61.002      -1.363    9999.990      17.825      40.000      39.976     -65.000     -65.011       0.000
     1056.089    7209.410       0.080    6044.172   -1085.454    9342.339     223.824       0.244       0.105      -0.123
     1056.089    3555.535    9407.849    -223.824    6215.116       2.397      -0.138
     1056.089       0.000  208790.000       0.000       0.000       0.000
     1056.089       0.000       0.000       0.000       0.000       0.000
     1056.089       0.000       1.000       0.000
     1057.089      31.140      31.311    -119.094   10662.498      95.570    -223.585    149398.6  21056308.0    9355.695      96.351
     1057.089 0.000003547     155.225     265.646       8.728     0.87269     0.82169     1.19666     0.06901     0.00000       1.062
     1057.089      60.726      -1.351    9999.990      17.841      40.000      39.975     -65.000     -65.011       0.000
     1057.089    7169.452       0.081    6010.656   -1034.668    9295.690     220.527       0.245       0.106      -0.124
     1057.089    3557.060    9355.695    -220.527    6205.174       2.394      -0.138
     1057.089       0.000  208790.000       0.000       0.000       0.000
     1057.089       0.000       0.000       0.000       0.000       0.000
     1057.089       0.000       1.000       0.000
     1058.089      31.138      31.308    -119.065   10611.062      95.323    -220.242    149176.5  21056088.0    9303.618      96.074
     1058.089 0.000003580     154.947     265.459       8.682     0.87276     0.82174     1.19675     0.06901     0.00000       1.062
     1058.089      60.449      -1.339    9999.990      17.855      40.000      39.975     -65.000     -65.011       0.000
     1058.089    7129.553       0.080    5977.190    -984.167    9248.865     217.333       0.246       0.106      -0.125
     1058.089    3558.576    9303.619    -217.333    6194.075       2.390      -0.138
     1058.089       0.000  208790.000       0.000       0.000       0.000
     1058.089       0.000       0.000       0.000       0.000       0.000
     1058.089       0.000       1.000       0.000
     1059.089      31.135      31.306    -119.036   10559.686      95.075    -217.009    148957.7  21055872.0    9251.633      95.796
     1059.089 0.000003613     154.642     265.275       8.637     0.87283     0.82180     1.19684     0.06901     0.00000       1.062
     1059.089      60.171      -1.327    9999.990      17.870      40.000      39.975     -65.000     -65.011       0.000
     1059.089    7089.722       0.079    5943.781    -933.965    9201.875     214.248       0.247       0.106      -0.126
     1059.089    3560.083    9251.632    -214.248    6181.871       2.385      -0.138
     1059.089       0.000  208790.000       0.000       0.000       0.000
     1059.089       0.000       0.000       0.000       0.000       0.000
     1059.089       0.000       1.000       0.000
     1060.088      31.132      31.303    -119.006   10508.378      94.827    -213.890    148742.1  21055660.0    9199.741      95.516
     1060.088 0.000003646     154.311     265.094       8.591     0.87290     0.82186     1.19693     0.06901     0.00000       1.062
     1060.088      59.891      -1.316    9999.990      17.883      40.000      39.975     -65.000     -65.011       0.000
     1060.088    7049.963       0.079    5910.435    -884.068    9154.727     211.277       0.247       0.107      -0.127
     1060.088    3561.580    9199.740    -211.277    6168.615       2.380      -0.137
     1060.088       0.000  208790.000       0.000       0.000       0.000
     1060.088       0.000       0.000       0.000       0.000       0.000
     1060.088       0.000       1.000       0.000
     1061.088      31.130      31.301    -118.977   10457.151      94.578    -210.891    148529.6  21055450.0    9147.958      95.235
     1061.088 0.000003679     153.954     264.915       8.546     0.87297     0.82191     1.19702     0.06901     0.00000       1.062
     1061.088      59.611      -1.306    9999.990      17.896      40.000      39.975     -65.000     -65.011       0.000
     1061.088    7010.289       0.078    5877.161    -834.489    9107.434     208.424       0.248       0.107      -0.128
     1061.088    3563.069    9147.960    -208.424    6154.356       2.375      -0.137
     1061.088       0.000  208790.000       0.000       0.000       0.000
     1061.088       0.000       0.000       0.000       0.000       0.000
     1061.088       0.000       1.000       0.000
     1062.088      31.128      31.298    -118.948   10406.012      94.328    -208.014    148320.0  21055242.0    9096.293      94.953
     1062.088 0.000003712     153.574     264.738       8.500     0.87304     0.82197     1.19711     0.06901     0.00000       1.062
     1062.088      59.329      -1.296    9999.990      17.908      40.000      39.975     -65.000     -65.011       0.000
     1062.088    6970.701       0.079    5843.960    -785.237    9060.002     205.694       0.249       0.107      -0.129
     1062.088    3564.548    9096.292    -205.694    6139.126       2.369      -0.137
     1062.088       0.000  208790.000       0.000       0.000       0.000
     1062.088       0.000       0.000       0.000       0.000       0.000
     1062.088       0.000       1.000       0.000
     1063.088      31.126      31.296    -118.920   10354.966      94.078    -205.265    148113.2  21055038.0    9044.747      94.671
     1063.088 0.000003745     153.170     264.564       8.455     0.87311     0.82203     1.19720     0.06901     0.00000       1.062
     1063.088      59.047      -1.287    9999.990      17.919      40.000      39.975     -65.000     -65.011       0.000
     1063.088    6931.205       0.078    5810.838    -736.321    9012.438     203.089       0.249       0.108      -0.130
     1063.088    3566.019    9044.746    -203.089    6122.975       2.363      -0.136
     1063.088       0.000  208790.000       0.000       0.000       0.000
     1063.088       0.000       0.000       0.000       0.000       0.000
     1063.088       0.000       1.000       0.000
     1064.087      31.124      31.294    -118.891   10304.023      93.828    -202.647    147909.2  21054836.0    8993.336      94.387
     1064.087 0.000003777     152.745     264.393       8.409     0.87318     0.82209     1.19729     0.06901     0.00000       1.062
     1064.087      58.763      -1.278    9999.990      17.929      40.000      39.975     -65.000     -65.011       0.000
     1064.087    6891.811       0.078    5777.804    -687.750    8964.755     200.615       0.249       0.108      -0.131
     1064.087    3567.480    8993.335    -200.615    6105.970       2.357      -0.136
     1064.087       0.000  208790.000       0.000       0.000       0.000
     1064.087       0.000       0.000       0.000       0.000       0.000
     1064.087       0.000       1.000       0.000
     1065.087      31.122      31.293    -118.863   10253.191      93.577    -200.163    147707.6  21054636.0    8942.063      94.102
     1065.087 0.000003809     152.299     264.223       8.364     0.87325     0.82215     1.19738     0.06901     0.00000       1.062
     1065.087      58.479      -1.271    9999.990      17.939      40.000      39.975     -65.000     -65.011       0.000
     1065.087    6852.525       0.077    5744.858    -639.531    8916.961     198.273       0.250       0.108      -0.132
     1065.087    3568.931    8942.063    -198.273    6088.159       2.350      -0.135
     1065.087       0.000  208790.000       0.000       0.000       0.000
     1065.087       0.000       0.000       0.000       0.000       0.000
     1065.087       0.000       1.000       0.000
     1066.087      31.120      31.291    -118.834   10202.476      93.325    -197.817    147508.5  21054438.0    8890.938      93.817
     1066.087 0.000003842     151.834     264.056       8.319     0.87332     0.82220     1.19747     0.06901     0.00000       1.062
     1066.087      58.193      -1.264    9999.990      17.947      40.000      39.975     -65.000     -65.011       0.000
     1066.087    6813.350       0.077    5712.009    -591.671    8869.062     196.069       0.250       0.108      -0.133
     1066.087    3570.373    8890.938    -196.069    6069.571       2.343      -0.135
     1066.087       0.000  208790.000       0.000       0.000       0.000
     1066.087       0.000       0.000       0.000       0.000       0.000
     1066.087       0.000       1.000       0.000
     1067.087      31.119      31.289    -118.806   10151.884      93.073    -195.612    147311.7  21054244.0    8839.965      93.530
     1067.087 0.000003874     151.352     263.890       8.274     0.87339     0.82226     1.19756     0.06901     0.00000       1.062
     1067.087      57.907      -1.258    9999.990      17.955      40.000      39.975     -65.000     -65.011       0.000
     1067.087    6774.291       0.077    5679.257    -544.177    8821.066     194.003       0.251       0.109      -0.134
     1067.087    3571.805    8839.965    -194.003    6050.274       2.336      -0.135
     1067.087       0.000  208790.000       0.000       0.000       0.000
     1067.087       0.000       0.000       0.000       0.000       0.000
     1067.087       0.000       1.000       0.000
     1068.086      31.117      31.288    -118.778   10101.423      92.821    -193.549    147117.1  21054050.0    8789.153      93.243
     1068.086 0.000003906     150.853     263.726       8.229     0.87346     0.82232     1.19765     0.06901     0.00000       1.062
     1068.086      57.619      -1.252    9999.990      17.961      40.000      39.975     -65.000     -65.011       0.000
     1068.086    6735.356       0.076    5646.609    -497.057    8772.984     192.080       0.251       0.109      -0.135
     1068.086    3573.228    8789.153    -192.080    6030.325       2.328      -0.134
     1068.086       0.000  208790.000       0.000       0.000       0.000
     1068.086       0.000       0.000       0.000       0.000       0.000
     1068.086       0.000       1.000       0.000
     1069.086      31.116      31.287    -118.751   10051.095      92.568    -191.633    146924.4  21053860.0    8738.506      92.955
     1069.086 0.000003938     150.338     263.564       8.184     0.87353     0.82238     1.19774     0.06901     0.00000       1.062
     1069.086      57.331      -1.248    9999.990      17.967      40.000      39.975     -65.000     -65.011       0.000
     1069.086    6696.545       0.076    5614.068    -450.311    8724.820     190.302       0.251       0.109      -0.136
     1069.086    3574.641    8738.506    -190.302    6009.750       2.321      -0.134
     1069.086       0.000  208790.000       0.000       0.000       0.000
     1069.086       0.000       0.000       0.000       0.000       0.000
     1069.086       0.000       1.000       0.000
     1070.086      31.115      31.285    -118.723   10000.909      92.315    -189.864    146733.6  21053670.0    8688.028      92.666
     1070.086 0.000003969     149.810     263.403       8.139     0.87360     0.82244     1.19783     0.06901     0.00000       1.062
     1070.086      57.042      -1.244    9999.990      17.971      40.000      39.975     -65.000     -65.011       0.000
     1070.086    6657.866       0.075    5581.636    -403.952    8676.582     188.670       0.251       0.109      -0.138
     1070.086    3576.045    8688.029    -188.670    5988.626       2.313      -0.133
     1070.086       0.000  208790.000       0.000       0.000       0.000
     1070.086       0.000       0.000       0.000       0.000       0.000
     1070.086       0.000       1.000       0.000
     1071.086      31.114      31.284    -118.695    9950.867      92.062    -188.245    146544.5  21053482.0    8637.729      92.376
     1071.086 0.000004001     149.268     263.244       8.095     0.87367     0.82249     1.19792     0.06901     0.00000       1.062
     1071.086      56.753      -1.242    9999.990      17.974      40.000      39.975     -65.000     -65.011       0.001
     1071.086    6619.321       0.076    5549.320    -357.980    8628.277     187.187       0.252       0.109      -0.139
     1071.086    3577.440    8637.729    -187.187    5966.982       2.305      -0.133
     1071.086       0.000  208790.000       0.000       0.000       0.000
     1071.086       0.000       0.000       0.000       0.000       0.000
     1071.086       0.000       1.000       0.000
     1072.085      31.113      31.284    -118.668    9900.979      91.808    -186.777    146356.9  21053296.0    8587.612      92.085
     1072.085 0.000004033     148.716     263.086       8.050     0.87374     0.82255     1.19802     0.06901     0.00000       1.062
     1072.085      56.462      -1.240    9999.990      17.976      40.000      39.975     -65.000     -65.011       0.000
     1072.085    6580.917       0.074    5517.120    -312.398    8579.915     185.854       0.252       0.110      -0.140
     1072.085    3578.826    8587.611    -185.854    5944.890       2.296      -0.132
     1072.085       0.000  208790.000       0.000       0.000       0.000
     1072.085       0.000       0.000       0.000       0.000       0.000
     1072.085       0.000       1.000       0.000
     1073.085      31.112      31.283    -118.641    9851.243      91.555    -185.463    146170.7  21053110.0    8537.682      91.794
     1073.085 0.000004065     148.153     262.930       8.006     0.87380     0.82261     1.19811     0.06901     0.00000       1.062
     1073.085      56.171      -1.239    9999.990      17.977      40.000      39.975     -65.000     -65.011       0.000
     1073.085    6542.655       0.074    5485.041    -267.212    8531.500     184.673       0.252       0.110      -0.141
     1073.085    3580.202    8537.682    -184.673    5922.384       2.288      -0.132
     1073.085       0.000  208790.000       0.000       0.000       0.000
     1073.085       0.000       0.000       0.000       0.000       0.000
     1073.085       0.000       1.000       0.000
     1074.085      31.112      31.282    -118.614    9801.667      91.301    -184.303    145985.8  21052926.0    8487.939      91.502
     1074.085 0.000004097     147.581     262.774       7.961     0.87387     0.82267     1.19820     0.06901     0.00000       1.062
     1074.085      55.879      -1.240    9999.990      17.976      40.000      39.975     -65.000     -65.011       0.000
     1074.085    6504.538       0.073    5453.082    -222.424    8483.037     183.646       0.252       0.110      -0.143
     1074.085    3581.569    8487.939    -183.646    5899.518       2.279      -0.131
     1074.085       0.000  208790.000       0.000       0.000       0.000
     1074.085       0.000       0.000       0.000       0.000       0.000
     1074.085       0.000       1.000       0.000
     1074.985      31.111      31.282    -118.590    9757.184      91.072    -183.391    145820.3  21052760.0    8443.334      91.239
     1074.985 0.000004126     147.059     262.635       7.922     0.87394     0.82272     1.19828     0.06901     0.00000       1.062
     1074.985      55.615      -1.241    9999.990      17.975      40.000      39.975     -65.000     -65.011       0.001
     1074.985    6470.357       0.074    5424.425    -182.457    8439.383     182.852       0.252       0.110      -0.144
     1074.985    3582.791    8443.335    -182.852    5878.667       2.271      -0.131
     1074.985       0.000  208790.000       0.000       0.000       0.000
     1074.985       0.000       0.000       0.000       0.000       0.000
     1074.985       0.000       1.000       0.000
